curve_id,contigs >= 0bp,contigs >= 1000bp,contigs >= 5000bp,contigs >= 10000bp,contigs >= 25000bp,contigs >= 50000bp,length >= 0bp,length >= 1000bp,length >= 5000bp,length >= 10000bp,length >= 25000bp,length >= 50000bp,Contigs,Largest_contig,Total length,GC%,N50,N90,auN,L50,L90,#Ns_per_kbp
100,79,19,16,16,16,15,4615412,4603320,4597591,4597591,4597591,4571334,21,1164551,4604797,56.91,433552,119878,558560.3,4,11,17.24
101,199,41,35,35,30,29,6352369,6316787,6305291,6305291,6213229,6184505,46,902712,6319954,59.22,277944,87146,340108.5,8,23,31.35
102,89,19,16,16,16,15,4619576,4604088,4598359,4598359,4598359,4549313,21,1164551,4605564,56.9,433552,119878,557409.7,4,11,16.94
103,218,43,35,34,29,23,4985621,4948269,4929839,4920889,4839993,4622382,49,499471,4952236,53.88,214663,79757,247542.4,8,21,27.54
104,303,60,56,52,47,41,6457300,6408928,6402219,6374712,6265915,6022179,68,523176,6413803,60.13,176744,61342,200207.4,12,37,46.56
105,177,45,39,38,33,26,5125145,5100086,5086948,5080286,5010441,4726941,51,563922,5103319,61.85,187696,75035,251738.2,8,24,13.93
106,273,33,25,25,24,22,6392542,6349847,6332300,6332300,6321717,6247011,40,741234,6354388,60.67,334098,166779,389357,7,17,14.46
107,281,32,27,27,26,22,6393418,6351630,6340292,6340292,6329709,6169530,36,742150,6354778,60.67,334033,148214,385577,7,18,11.91
108,236,49,46,45,40,29,6535900,6503027,6499207,6491903,6388591,6002457,52,883320,6504976,60.13,263283,57485,382603.7,7,27,19.03
109,871,25,21,21,18,14,5324934,5085964,5075682,5075682,5019696,4877095,54,810649,5103265,61.9,418175,213667,440930.5,5,12,13.29
10,2689,41,29,26,24,23,7729789,6824916,6809875,6788995,6765769,6722405,335,881929,7010671,58.4,376837,111356,409055.7,7,18,18.76
110,123,16,14,13,12,10,3803838,3781509,3776269,3770710,3746681,3669213,19,1421395,3783592,38.61,397967,178590,719447.7,3,8,26.11
111,356,45,41,39,33,27,6710925,6646226,6633500,6619160,6515687,6274785,53,690593,6651330,60.37,278335,95560,315045.5,8,23,18.54
112,156,44,36,34,27,26,5844255,5821455,5804918,5792274,5666696,5632689,50,497930,5825040,59.28,317481,85608,289677.1,8,21,41.72
113,142,39,32,31,24,22,5840901,5817639,5802374,5795570,5666360,5599945,49,616537,5823780,59.28,318078,85651,350677.2,7,18,35.94
114,208,43,40,38,34,30,6055149,6022299,6012590,6000538,5937736,5791079,46,579658,6024369,60.1,273869,77620,285176.8,8,25,14.89
115,602,159,45,44,39,32,6286209,6101992,5923364,5918034,5829626,5587391,301,528849,6200677,59.51,204370,64353,229024.2,10,32,60.41
116,141,44,43,42,31,26,6045061,6024537,6021263,6011777,5831812,5655177,51,816874,6028985,60.22,269849,72468,342692.4,7,22,22.16
117,143,50,49,47,38,33,6046554,6027909,6025681,6012047,5876307,5711149,52,755188,6029035,60.22,214543,74373,293776.6,8,28,21.21
118,203,41,36,35,34,27,4949128,4916726,4902571,4894312,4874740,4636701,46,568010,4919749,55.15,204137,64150,244705.4,8,24,19.96
119,169,30,27,26,26,22,5934793,5906515,5901618,5896197,5896197,5760741,30,778513,5906515,60.84,351817,109893,406644.4,6,17,13.21
11,323,71,61,58,52,49,10768261,10718131,10700154,10679412,10572439,10464093,81,612302,10724477,57.34,245130,108929,298831.4,14,39,29.63
120,173,50,43,43,38,30,5757313,5733945,5721780,5721780,5636011,5305354,51,721843,5734539,60.9,233080,64020,274748.7,8,28,12.31
121,190,66,59,55,47,38,6766164,6737658,6720288,6695442,6580846,6237800,72,525035,6741753,59.16,211032,65151,220252.7,11,35,12.89
122,297,55,49,46,38,32,6891769,6832103,6815917,6795816,6664266,6486317,62,964261,6836600,59.63,232059,83300,403405.2,6,27,24.6
123,233,51,45,42,39,31,7240435,7198519,7187622,7168290,7116542,6814255,55,964277,7201057,59.86,239552,72122,383463.6,7,26,20.15
124,252,58,54,51,38,33,6103404,6064328,6054831,6030423,5795471,5610064,62,703919,6067222,60.24,202841,72385,236933.8,11,31,13.45
125,299,67,60,57,47,35,6580944,6531189,6515362,6494099,6277156,5837777,73,335729,6535446,60.92,220443,49219,194929.2,13,36,10.08
126,197,71,65,61,55,37,5558685,5531571,5521625,5496619,5379517,4745230,77,334133,5535891,60.9,144491,38944,148575.5,14,43,17.81
127,203,37,33,32,28,21,6313016,6275558,6265982,6260206,6191396,5964172,39,934613,6276600,58.77,344362,81694,454451.5,5,17,15.66
128,219,26,20,19,19,17,4589970,4545512,4529191,4521180,4521180,4466182,30,790796,4547872,52.83,457497,111517,405359.9,4,14,30.3
129,1044,52,41,40,37,30,6847553,6585035,6562869,6555665,6516384,6221813,67,837098,6594015,60.32,266555,68325,357490.7,7,26,20.84
12,126,26,22,20,17,16,7130617,7108418,7098468,7086649,7033071,6984504,31,1227318,7112102,62.35,590252,237062,627586.2,5,12,38.09
130,164,21,20,19,18,15,3904389,3875519,3874055,3868489,3844603,3723258,23,1065972,3876801,38.61,289628,88289,497139.3,3,12,25.25
131,173,19,18,17,16,14,3907974,3875856,3874392,3868826,3844840,3767386,21,1065972,3877069,38.61,289628,89084,504828.2,3,11,27.65
132,282,69,66,58,52,40,6449898,6407607,6399930,6339717,6215427,5749350,79,523170,6414069,60.13,157472,48849,203116.8,12,41,40.96
133,122,27,25,24,22,21,6505108,6486382,6482109,6476822,6450643,6418325,28,1089559,6487096,59.23,525934,119301,538988.3,5,14,8.94
134,173,16,15,14,12,10,3901620,3868942,3865195,3859605,3824607,3747707,22,1367072,3873128,38.52,405689,171029,689231,3,8,30.34
135,165,53,53,51,43,29,4283857,4258264,4258264,4244819,4124739,3592440,54,429940,4259228,66.38,125623,39352,151941.2,11,35,31.86
136,257,32,24,24,23,22,6396948,6357322,6340355,6340355,6329473,6301552,35,741054,6359401,60.67,350671,186276,399213.4,7,16,15.94
137,130,27,25,23,21,20,6361148,6336494,6332024,6317195,6276920,6243583,31,896526,6339094,59.1,430578,180460,443554.8,6,15,19.07
138,95,40,37,35,35,26,6355532,6343461,6336384,6321994,6321994,6015521,42,920202,6344835,59.27,261909,104904,391642.6,7,23,21.66
139,135,30,29,28,25,21,5889884,5868574,5866018,5856359,5796066,5636107,31,1677203,5869095,60.82,321489,94800,675982.6,4,17,19.76
13,101,26,22,22,21,20,6117909,6099936,6087723,6087723,6067410,6027120,30,625639,6102439,59.93,345992,195720,385998.6,6,16,20.86
140,82,11,10,10,10,8,5372364,5356085,5351346,5351346,5351346,5267629,14,2496803,5358160,55.03,710729,311407,1409374.2,2,6,16.82
141,70,8,7,6,5,5,4532688,4518448,4515343,4510225,4494115,4494115,9,1561102,4518988,59.18,1216164,733690,1163260.1,2,4,9.54
141_reseq,391,329,202,128,47,14,4508654,4482215,4098037,3554402,2248146,1033471,350,133944,4498104,59.18,24722,5503,35198.1,48,193,34.33
142,229,8,7,6,5,5,4576163,4518813,4515708,4510590,4494480,4494480,10,1507521,4519903,59.18,1216441,733870,1164270.6,2,4,17.61
143,27,7,6,5,4,4,4523325,4519551,4516428,4511310,4495200,4495200,8,1561286,4520091,59.18,1215468,733734,1199820,2,4,15.49
144,211,41,40,37,35,23,5119845,5087945,5086492,5066345,5033854,4591812,48,603333,5092518,60.08,235218,53151,262214,8,23,19.46
145,175,35,33,31,30,20,5116559,5091242,5087699,5072813,5052926,4668599,40,682749,5094419,60.08,235319,58558,325364.8,7,19,17.88
146,164,35,33,33,31,26,4980294,4956967,4953491,4953491,4906657,4720510,40,442011,4960484,60.18,204621,75149,237908.9,8,22,7.96
147,197,35,34,33,31,21,5118597,5089793,5088340,5080713,5048222,4673010,39,629336,5092380,60.08,246322,57156,314527.6,6,20,23.31
148,192,59,53,47,40,34,6903537,6872953,6855471,6815299,6692816,6469864,61,469356,6874345,59.75,300943,79983,261645.1,9,31,20.95
149,170,47,45,43,39,30,6256757,6227039,6224615,6213037,6140170,5766539,55,580712,6232833,60.64,198762,65747,248507.1,10,28,11.41
14,167,29,27,27,25,21,5902510,5869207,5865458,5865458,5820802,5652861,37,756819,5874240,61.03,380834,140959,367453.8,6,18,25.02
150,511,72,64,59,54,40,6590495,6501149,6486513,6451252,6374570,5898232,83,436192,6508476,60.65,173521,50005,201622.2,12,40,34.19
151,247,85,76,72,59,42,6452967,6421983,6405800,6375800,6138661,5515997,87,334817,6423646,59.69,123246,40858,152147.6,16,48,12.52
152,189,13,10,9,9,9,4705076,4661656,4653925,4648516,4648516,4648516,14,1259390,4662448,37.02,733483,312683,773164,3,6,10.75
153,201,91,82,75,62,48,6961586,6937229,6924039,6870840,6628900,6068506,93,384473,6938378,58.89,126499,45746,156608,17,52,10.15
154,205,79,68,68,56,44,6966705,6936460,6920595,6920595,6709207,6213042,83,502288,6939116,58.89,161005,49225,192785.5,14,45,7.03
155,230,87,77,73,61,44,6965405,6930881,6915586,6889460,6668367,5992204,95,631484,6936443,58.89,149073,44421,191611.4,15,50,9.67
156,5510,81,48,48,39,30,8005965,6086290,6041879,6041879,5873585,5551980,771,844985,6525576,60.35,172392,25363,248852.3,12,39,18.07
157,297,53,48,47,37,30,6109394,6055318,6043213,6037780,5870824,5628230,59,909470,6058597,60.41,187135,82164,289322,10,28,12.92
158,328,45,41,40,35,30,6117724,6052537,6046995,6041413,5953995,5778532,47,950597,6053607,60.41,182325,93139,303366,10,27,16.49
159,282,47,43,43,38,32,6102832,6053551,6047970,6047970,5948496,5746678,51,621155,6055931,60.41,182985,87017,229773.7,11,29,21.2
15,165,36,33,33,30,26,5872513,5843802,5835180,5835180,5775850,5651924,44,492232,5848934,60.72,276468,103525,269611.5,9,22,20.53
160,250,51,47,47,39,33,6093185,6053289,6044572,6044572,5905610,5686631,54,951649,6055184,60.41,160076,82164,292992.9,10,30,18.1
161,711,105,96,87,71,45,5691688,5579326,5561309,5490094,5239926,4383548,126,282437,5594078,59.97,87549,29039,103568.1,21,64,51.63
162,243,56,47,46,36,29,6431010,6389756,6374387,6366291,6183760,5929300,59,631069,6391489,58.94,270735,66441,307578.6,8,26,24
163,286,54,48,44,32,28,6428162,6369654,6353231,6323479,6122236,5986283,59,1267940,6374157,60.55,226575,90400,423160.4,8,24,10.86
164,445,77,68,64,53,42,6355682,6295418,6280253,6253614,6046365,5627264,80,533816,6297093,60.94,136878,49972,166257.1,16,43,47.75
165,187,70,66,60,50,31,4727901,4701805,4688492,4643724,4495107,3800059,74,319199,4704666,67.32,117270,34383,134857.6,13,42,26.85
166,236,33,28,27,25,21,6360620,6316625,6305852,6296322,6265700,6116443,36,971464,6318401,58.68,411896,94028,473920.6,5,16,21.52
167,990,250,220,200,136,91,13200436,13077667,13018911,12859308,11762616,10099313,273,455165,13091729,59.6,102591,24979,124079.6,39,137,14.62
168,214,40,36,34,30,29,6354489,6315871,6308231,6293638,6221397,6172202,43,822124,6317699,58.68,268092,93688,322031.6,8,24,20.36
169,674,113,99,87,61,44,6873386,6801142,6770028,6673736,6239009,5619306,120,533303,6806225,60.42,125185,30212,158974.1,17,57,14.49
16,163,30,27,26,26,20,5912589,5880547,5872565,5866779,5866779,5672542,35,1069859,5883718,60.81,502287,91191,477672.5,5,15,10.03
170,616,25,19,18,17,13,4570689,4414454,4400917,4395696,4378633,4252370,32,911192,4418978,60.86,626439,108173,523339.9,3,10,9.32
171,523,34,31,29,28,23,4673846,4567304,4558469,4544421,4521499,4347864,39,597030,4570654,61.73,191294,78116,251208.3,8,20,23.65
172,1703,51,36,35,29,27,5536629,5096905,5055805,5050278,4949704,4878490,65,708804,5105062,45.38,195030,66983,291438.7,7,23,27.46
173,337,47,39,36,35,31,6662519,6593263,6571101,6546979,6522012,6367308,57,640729,6600286,58.99,301423,81569,298567.2,9,25,8.12
174,1375,161,133,123,90,59,7829869,7506154,7442555,7363314,6857707,5712818,185,226890,7521888,58.77,81300,27700,95462.7,29,87,26.97
175,164,50,45,43,42,41,6699270,6674906,6666639,6653354,6639672,6603354,53,467974,6677017,59.83,210577,76527,215652.6,12,33,28.34
176,303,55,54,48,42,27,5961192,5909946,5907059,5862305,5750941,5167057,57,734460,5911009,60.37,233798,46907,281215.6,8,31,17.61
177,199,69,64,60,49,37,6095178,6066213,6053115,6019310,5819863,5399875,77,478899,6070913,60.93,147304,45532,188832.1,13,39,13.33
178,642,52,49,45,37,28,6056161,5917369,5910280,5882028,5763783,5425859,62,532862,5923549,60.1,226043,50471,269825.6,8,27,26.07
179,221,64,52,48,43,32,6267282,6235908,6212441,6179617,6099100,5713447,67,459127,6237842,59.8,215171,57108,221648.3,11,31,27.45
17,131,36,34,33,31,28,5863262,5842891,5838759,5833555,5791953,5695428,42,498383,5847214,60.72,276530,93490,273596.1,8,23,25.69
180,214,49,44,43,40,37,6899177,6866614,6852691,6844036,6802581,6687016,52,555839,6868945,58.58,234826,73397,261434.1,10,29,44.27
181,1464,618,430,295,129,45,11651941,11504187,10986936,9980359,7363630,4403261,662,301545,11534464,58.07,37391,8383,59630.1,77,339,24.46
182,517,98,90,75,55,40,6874143,6819107,6798374,6683563,6365058,5861381,102,771930,6821537,60.66,144320,31543,215078.9,14,48,11.52
183,937,172,158,137,85,43,6713427,6609158,6566397,6391735,5538354,4030060,181,213579,6614733,60.67,64948,16814,77645.4,31,105,18.96
184,930,228,204,186,128,81,12901926,12741894,12677999,12537716,11512019,9782920,259,469959,12761192,60.16,107021,25433,135870.9,36,127,12.04
185,451,110,91,85,68,54,7821291,7739273,7693723,7650529,7358876,6837668,116,359103,7743327,58.76,155654,43153,153868.9,18,57,11.58
186,1381,141,129,112,84,50,7842231,7522248,7493604,7366696,6906195,5736214,157,326323,7531643,59.08,93525,28189,116694.8,24,80,23.49
187,317,39,37,35,30,28,6357534,6289267,6284121,6268377,6174385,6103771,46,532822,6293804,59.69,279183,93934,299221.7,8,22,17.95
188,366,35,34,32,31,27,5938659,5859194,5854443,5839664,5819298,5676861,38,670858,5860984,59.99,286888,91305,310649.5,7,21,35.78
189,361,30,28,26,24,23,5937558,5854578,5847578,5831404,5801841,5769367,36,992973,5858238,59.99,393104,91265,454845,5,17,34.45
18,202,30,25,25,24,23,6541452,6501126,6491943,6491943,6476044,6426534,33,1047622,6502804,60.32,384969,124121,444721.1,6,18,22.88
190,700,46,40,39,34,28,6071105,5904522,5890093,5885052,5808447,5597859,50,765087,5907140,60.82,225358,96725,310152.4,7,24,27.19
191,878,30,21,20,20,16,5189763,4968936,4941223,4935232,4935232,4811546,35,816144,4971816,54.59,320046,119495,436499.3,5,13,10
192,391,73,62,61,46,35,6071374,5996089,5973879,5965707,5721703,5347503,77,411201,5998545,60.25,164683,44149,176870.7,13,37,15.6
193,663,39,38,37,33,28,6095897,5939629,5935024,5926027,5856240,5684273,44,849896,5943258,59.84,270014,85240,358148.7,7,23,53.54
194,1242,44,37,36,31,26,7157701,6844530,6827372,6819202,6733534,6567243,56,1155321,6851971,59.37,287459,96755,469722.2,6,21,33.86
195,180,26,18,18,17,15,5020788,4985836,4969479,4969479,4951440,4881598,30,1087925,4988472,55.43,466215,124340,526453.7,4,12,21.81
196,130,28,20,20,19,16,5008403,4988351,4972209,4972209,4954170,4853482,31,1087780,4990047,55.43,466601,124584,506554.5,4,13,21.8
196_reseq,715,529,261,138,39,10,4980629,4913693,4188292,3299334,1716393,686879,581,97158,4952109,55.45,17712,3715,24999.9,75,323,31.2
197,793,46,42,41,38,30,6066710,5883967,5874624,5869378,5810211,5504566,49,499766,5886291,61.02,211704,63289,234207.1,10,27,25.26
198,462,38,33,30,28,23,6316022,6206462,6196034,6170987,6136788,5928951,44,809608,6210336,61.03,382999,80152,397319.6,6,18,12.12
199,325,34,33,30,28,24,6354586,6285516,6282527,6262651,6234143,6065525,36,816792,6287437,61.05,364425,93862,421431.7,6,18,24.7
19,186,37,34,30,29,24,6747013,6716909,6711335,6685619,6674069,6489241,41,901382,6719708,59.16,355378,109104,461725.3,6,19,16.86
1,4457,648,23,20,19,19,9520731,7748106,6821988,6801812,6790015,6790015,2050,881777,8731465,54.6,343046,933,406147.7,8,762,31.78
200,428,42,40,39,33,28,5968370,5880208,5875629,5870383,5756246,5590161,47,462117,5884185,61.02,219156,91080,246331.2,10,25,25.54
201,425,201,176,157,106,61,11264340,11208127,11151844,10999812,10135169,8472825,213,893841,11216276,58.73,118416,25271,227082.7,21,105,36.07
202,630,33,30,28,26,25,6181596,6033321,6022125,6009289,5983670,5947844,39,801540,6036913,60.26,295014,92111,394624.6,6,19,28.23
203,402,31,29,29,25,23,6124862,6034537,6027368,6027368,5965968,5884025,35,709601,6036961,60.26,324724,133228,383183.7,6,17,31.08
204,758,33,32,31,29,24,6251305,6065595,6064539,6059456,6016647,5854444,35,786329,6066951,59.94,341974,85362,367725.1,7,19,35.04
205,216,44,33,33,31,26,5879674,5840918,5820629,5820629,5784044,5616542,49,601155,5844296,60.64,247409,106915,284404.1,8,22,9.98
206,559,43,32,31,30,26,5971503,5841852,5821253,5814354,5790755,5651195,48,601182,5845253,60.64,247409,106884,290849.1,8,21,9.32
207,201,47,36,36,34,26,5879314,5844851,5825419,5825419,5786681,5539820,51,457784,5847527,60.64,260599,87854,252620.4,9,23,16.47
208,197,43,32,32,30,25,5878281,5844359,5825836,5825836,5789251,5624361,47,659524,5847041,60.64,322578,101937,326017.7,7,21,15.7
209,196,8,7,6,5,5,4566538,4518960,4515855,4510737,4494627,4494627,10,1561261,4520268,59.18,984082,733879,1070306.8,2,4,15.49
20,193,34,31,28,25,21,5682477,5649952,5644456,5619080,5566693,5404602,40,617823,5653679,60.1,261619,104654,326987.2,7,18,44.29
210,372,8,7,6,5,5,4613371,4519794,4516689,4511571,4495461,4495461,10,1561285,4520843,59.18,1215592,482432,1145863.3,2,4,15.57
211,684,32,31,30,29,20,5248784,5091694,5090241,5082614,5062727,4707805,36,758313,5094203,60.08,246322,58558,384996.9,5,18,21.24
212,775,34,33,32,31,23,5273472,5089822,5088369,5080742,5060855,4743064,41,629582,5094451,60.08,245324,58558,310551.8,6,21,21.61
213,273,71,65,62,41,30,5128102,5085803,5064518,5044519,4702142,4309154,78,451535,5090099,60.08,186382,32507,190573.3,10,37,16.86
213_reseq,287,39,38,36,34,25,5140152,5089182,5087729,5074853,5031392,4671753,44,499154,5092651,60.08,218560,57156,233510.5,9,24,23.86
214,182,34,34,33,28,26,6911081,6875273,6875273,6869975,6763843,6696247,34,832741,6875273,59.75,321873,102895,375011.8,7,20,21.77
215,610,59,55,52,45,36,6348473,6208159,6201338,6179696,6064050,5724938,67,580756,6213211,60.66,165477,64227,217952.2,12,34,9.59
216,447,68,63,60,49,43,6570483,6491694,6483622,6461409,6288939,6064164,77,557625,6497820,60.5,183680,51795,202385.2,12,39,30.53
217,363,28,23,22,19,18,6275953,6222242,6212177,6203680,6147507,6116283,29,1014455,6223118,59.77,575298,142236,551196.2,5,13,20.92
218,431,51,48,47,40,33,6032839,5942373,5933723,5928671,5800199,5552752,58,444998,5946645,60.49,230455,62722,235276.9,9,30,31.55
219,312,51,47,46,39,33,6111107,6053509,6046590,6038738,5911157,5716217,55,759659,6055673,60.41,171750,85843,247519.3,11,30,12.88
21,239,74,70,67,48,39,7116433,7090532,7078897,7055860,6745018,6411273,77,794547,7092743,60.99,180982,53063,270084.8,11,39,10.28
220,435,47,43,42,36,31,6037294,5942535,5936132,5931080,5829991,5635141,51,571548,5945181,60.49,239665,66880,286139.5,8,27,37.04
221,259,53,50,49,41,32,6093007,6049516,6044270,6036418,5891303,5565920,57,587940,6051985,60.41,152524,82569,215776.5,12,31,19.04
222,325,48,44,43,36,30,6113623,6051039,6045090,6037237,5909247,5715234,52,830672,6053497,60.41,203922,88405,280134.6,9,27,16.39
223,261,29,23,22,19,18,6257391,6222165,6210040,6201263,6151550,6120326,31,1014328,6223643,59.78,487175,142227,534238.3,5,14,23.7
224,171,38,33,32,30,27,6324563,6298421,6287650,6282364,6251235,6131674,40,640893,6299511,58.71,326645,93144,350059.2,7,21,19.94
225,1630,94,91,80,62,38,7351606,6958460,6947513,6864201,6584688,5774450,118,504228,6973745,60.58,155127,29994,190550.3,13,51,12.23
226,234,41,31,30,28,28,6640389,6596376,6574503,6569442,6527136,6527136,46,885099,6599886,58.99,329049,96326,411178.5,7,20,7.52
227,150,45,41,38,35,33,6699617,6675790,6667011,6643513,6597561,6520098,46,745128,6676337,59.83,255932,87733,311347.6,8,27,27.32
228,172,55,52,49,44,38,6698913,6673785,6666733,6639670,6549615,6339570,56,439074,6674461,59.83,231590,74380,215077.2,12,33,21.69
229,4838,191,164,143,85,42,8010640,6559866,6501129,6343354,5364140,3925228,608,296272,6817515,60.66,62619,13788,74756.5,34,126,19.67
22,303,85,76,72,63,58,10762103,10714022,10700284,10669371,10507867,10337234,96,548349,10721312,57.34,231834,85609,229481.2,18,49,23.78
230,275,52,48,44,37,27,5961360,5916649,5905007,5876053,5746141,5359276,59,569750,5921362,60.1,224290,59676,258221.5,9,27,26.62
231,3880,35,22,21,20,16,6134577,4812631,4792624,4787584,4763907,4619144,463,687035,5078433,55.34,334140,97216,346955.7,6,16,20.1
232,304,67,61,57,53,36,6137812,6082857,6068755,6040348,5966353,5360665,68,344852,6083439,60.88,160715,44176,177774.8,13,39,13.59
233,658,384,261,177,78,47,10742517,10670439,10325374,9711863,8135569,7033867,414,444945,10692836,57.9,103425,10569,156157.5,24,169,28.42
234,385,20,18,16,14,13,4366120,4272611,4268827,4256936,4219512,4185885,23,530671,4274945,66.8,394695,204514,365895.8,5,11,14.99
235,10979,1527,60,44,38,30,12378935,8536641,5963311,5859650,5751486,5435132,3783,383773,10103211,58.66,96496,784,123824.2,26,2157,49.5
236,163,57,53,47,40,25,4718929,4695368,4687980,4640223,4511791,3926487,59,559703,4696800,66.06,184254,41618,226893.4,8,32,27.47
237,732,150,112,99,71,53,6574560,6459761,6372040,6275401,5860173,5214073,165,206232,6469853,58.49,89542,27330,98084.9,25,70,15.55
238,448,92,84,80,62,43,7330905,7263909,7242228,7214534,6934619,6289999,94,626430,7265188,60.9,155747,37039,196448.9,15,49,9.19
239,417,56,53,52,42,36,7052406,6984075,6976352,6969773,6770106,6504780,62,568258,6987797,58.51,207361,64630,248773.9,11,33,38.78
23,277,72,66,63,52,40,7123678,7090958,7071944,7049515,6858000,6381039,75,698875,7092990,60.99,155640,49307,225437,13,41,9.94
240,198,19,14,14,14,10,5014348,4971425,4961062,4961062,4961062,4806558,23,1714758,4974360,55.04,534182,132804,884085.4,3,8,19.64
241,240,65,62,61,49,39,6940686,6901741,6890510,6884708,6686239,6321482,68,418022,6904226,59.71,201072,55258,212799.1,12,38,37.63
242,2279,1343,272,86,37,32,10705121,10248397,7681337,6432725,5779737,5602416,1742,495304,10540962,58.69,89647,2046,135888.1,28,828,36.39
243,492,57,47,46,42,32,6908793,6813462,6796216,6787405,6733882,6369729,62,955032,6817058,59.22,213618,65188,345240.9,8,29,45.37
244,544,50,45,44,40,33,5989454,5874159,5861612,5856123,5774574,5531299,58,488612,5880230,61.02,210334,68707,226216.5,10,30,20.58
245,155,30,21,21,20,16,5014079,4986946,4970261,4970261,4952222,4803104,34,1087780,4989513,55.43,524711,96363,551103.5,4,13,21.83
246,1114,28,27,24,22,19,6585470,6284850,6281861,6259562,6226098,6105314,45,874643,6294455,61.04,419553,122722,501738.6,5,15,20.38
247,959,74,63,61,54,46,11455381,11228346,11202009,11187336,11080991,10796941,84,587673,11235447,58.19,363569,90428,327507.6,13,37,15.59
248,505,33,31,28,26,26,6083808,5966327,5960223,5935391,5905565,5905565,36,623067,5968476,59.92,328273,96313,323500.9,7,19,21.88
249,539,42,40,36,32,26,6190962,6072071,6064401,6035098,5966145,5751259,46,801485,6074402,60.24,279145,93371,343717.3,7,22,26.49
24,243,42,39,37,34,29,5744787,5704091,5698380,5684016,5632377,5449504,47,536072,5707464,59.3,293428,73374,275700.2,8,24,44.28
250,259,42,37,36,30,26,6077166,6031270,6018562,6009665,5908369,5755654,45,829865,6033038,60.26,298045,82588,351233.7,7,22,25.64
251,140,44,31,31,29,24,5859965,5839425,5815610,5815610,5779025,5614553,48,658824,5842276,60.64,322598,100943,324261.1,7,20,11.74
252,143,46,36,36,34,27,5858930,5837803,5818237,5818237,5781652,5545741,52,601142,5842350,60.64,247409,85475,277251.3,8,23,8.83
253,4932,1573,52,31,29,24,10291914,8639447,5934073,5814193,5777608,5625094,2996,786926,9664885,58.3,122476,970,215007.8,16,1633,30.86
254,1309,933,325,141,41,26,10517851,10333323,8784561,7520777,6048054,5560143,1100,411388,10458649,58.32,99947,3420,149074,22,477,19.29
255,297,35,32,28,24,21,4368511,4301220,4291239,4261509,4202778,4107134,38,493598,4302919,66.83,241150,76761,251570.4,7,18,13.87
256,128,8,7,6,5,5,4548957,4519846,4516741,4511623,4495513,4495513,9,1561186,4520386,59.18,984365,734601,1070600.4,2,4,11.02
257,91,19,17,17,13,11,4318673,4300747,4292615,4292615,4234582,4165829,22,601583,4302840,66.83,506815,227509,448192,4,9,15.9
258,65,9,8,7,6,6,4531132,4518795,4515690,4510572,4494462,4494462,10,1561386,4519335,59.18,891443,733871,1034076.4,2,4,17.39
259,211,38,37,35,34,23,5124150,5088806,5087353,5072467,5052580,4621359,45,629582,5093368,60.08,234396,53151,295750.3,7,23,19.87
25,371,50,43,42,38,34,6404004,6333417,6318814,6313484,6246384,6107375,55,568082,6336199,59.38,261113,80034,255579.3,9,29,67.09
260,125,44,30,30,28,24,5858147,5842443,5814989,5814989,5778404,5660816,46,601130,5843934,60.64,301980,101143,303831.9,8,20,8.59
261,161,88,79,71,55,38,7041973,7026520,7002822,6939663,6666911,6072179,91,534715,7029129,59.58,182791,39975,195145.5,13,44,22.73
262,2072,1428,576,270,125,69,16879180,16602052,14498025,12370779,10255818,8194322,1663,580449,16776604,58.95,47440,3747,97618.9,73,714,23.69
263,6281,153,105,99,85,65,13105853,10995096,10927338,10882368,10646712,9901520,837,580673,11428339,58.39,167364,39315,197357.7,23,74,14.57
264,448,59,50,47,39,28,4660545,4565152,4544151,4516526,4382463,3986948,68,515980,4571946,53.59,147608,42062,185284.2,10,31,36.72
265,216,55,45,43,39,28,4602790,4568987,4541934,4522927,4453059,4034586,63,635903,4574432,53.59,147876,47329,209315,10,30,42.87
266,639,210,182,164,106,71,11865761,11782618,11714134,11573714,10594379,9391842,233,835252,11797786,58.41,118214,24973,212945.5,24,107,25.45
267,1470,782,559,385,182,68,18004803,17833021,17246379,16013734,12747280,8751367,856,702916,17883633,58.22,48714,9627,130904.1,72,394,26.73
268,3197,1940,453,182,78,42,12653571,12077152,8490490,6647942,5078769,3748492,2436,295694,12437310,59.8,12459,1936,41810.8,144,1318,45.1
269,194,77,68,68,59,45,6959565,6932760,6919639,6919639,6753070,6169022,81,789071,6935437,58.89,134513,48747,217386,14,47,12.52
26,163,32,27,27,22,22,6167966,6139912,6128203,6128203,6035601,6035601,38,719709,6143789,60.19,288708,175933,391594.1,6,17,24.04
270,262,58,53,49,42,32,5988405,5941667,5931377,5902711,5778085,5391934,69,486883,5948224,60.49,245379,50278,246867.7,9,32,50.67
271,480,280,217,153,75,31,6072331,6028858,5845836,5378918,4107786,2544136,293,194215,6037764,60.42,41068,9586,53164.9,42,159,31.09
271_reseq,237,48,43,43,36,30,6089604,6049855,6040172,6040172,5912953,5712664,53,589528,6052910,60.41,187135,93302,238248.3,10,28,16.85
272,208,52,47,47,39,31,6081129,6052193,6041735,6041735,5894976,5606953,54,566123,6053322,60.41,182915,88405,219080.5,11,29,24.65
273,4168,89,42,42,38,31,7567755,6098960,6039569,6039569,5960570,5725727,674,950236,6476590,60.14,201684,35254,284465,10,34,21.72
274,317,154,81,69,57,49,11359018,11312213,11132579,11042105,10872515,10623236,181,1268076,11331136,57.95,245948,81840,389769.5,12,43,10.65
275,7659,1351,137,118,71,41,11185129,8185745,6326576,6186325,5391900,4355540,3773,282783,9888817,60.65,33029,759,65996.1,56,2171,43.74
275_reseq,7632,783,337,207,54,13,9428155,6620609,5735331,4787052,2343524,949993,2479,173575,7751327,60.6,15179,766,23750.9,133,1194,34.17
276,156,44,38,34,29,25,6399351,6372914,6360102,6330350,6259440,6127452,50,1267959,6377838,60.55,267040,102798,489093,6,20,11.62
277,313,161,121,99,72,56,11366063,11326562,11223976,11048350,10646353,10103932,173,657935,11335617,57.94,207312,44021,252321.4,17,59,10.33
278,1360,959,388,198,65,27,9435005,9273561,7810925,6489176,4475066,3144246,1103,548014,9377456,57.57,21502,3247,74713.1,75,543,28.31
278_reseq,287,92,70,67,59,46,9491177,9453356,9396344,9372391,9244518,8779548,104,711095,9460269,57.53,241296,71115,256079.9,14,42,13.79
279,7381,1211,391,191,51,30,14326631,11713517,9987808,8580674,6479440,5761090,2951,893830,12889110,58.74,25848,1103,175695.1,50,1103,43.11
27,256,29,27,25,23,19,5911558,5861539,5857053,5843110,5808337,5673790,34,1021969,5864607,59.96,415534,150858,476426.9,5,15,50.37
280,551,25,19,19,19,15,5106613,4971319,4956247,4956247,4956247,4832561,29,804258,4973702,54.6,390907,146774,430790.8,5,12,11.94
281,1182,285,222,192,123,64,11611188,11466775,11319955,11103348,9967142,7891404,322,584875,11492808,58.07,91639,20144,148347,34,140,12.82
282,261,54,49,44,38,29,5957967,5917538,5904382,5869103,5756140,5424566,60,649567,5921519,60.1,229074,51977,263018.9,9,28,27.51
283,241,47,42,39,31,25,5955632,5921437,5910257,5886471,5759168,5526676,52,760426,5924526,60.1,333652,74271,337670.6,7,22,26.21
284,4576,84,23,22,22,18,6415859,4742973,4669759,4664592,4664592,4515312,850,847762,5233743,55.35,313882,1108,341780.5,6,54,26.77
285,640,67,51,49,45,36,9382378,9238762,9199751,9188101,9119068,8819330,75,816321,9244182,60.24,302413,93877,354642.4,10,30,15.33
286,239,54,47,47,42,34,9249842,9208583,9188126,9188126,9104839,8838718,59,816217,9211770,60.2,301806,92363,375363,10,28,14.9
287,453,324,245,181,96,48,11749996,11712516,11516204,11068986,9722073,8017005,349,816148,11729457,57.63,119495,15399,235444.5,21,140,15.93
288,2005,1137,558,298,116,68,17677613,17415566,15882647,14092207,11299337,9638836,1298,405997,17532829,58.21,66435,5139,118832.1,54,538,28.88
289,138,35,35,32,29,25,5880984,5858100,5858100,5835276,5785075,5651355,37,759536,5859377,59.99,266533,91286,388153.1,6,20,35.98
28,357,51,48,43,38,31,6252154,6193362,6188137,6152134,6072166,5792125,58,608897,6197997,60.65,256673,55976,282285.9,8,27,31.07
290,246,39,32,31,26,25,6623752,6577907,6563845,6554016,6459669,6433757,43,1295003,6580490,59.33,508385,102956,584597.6,4,19,48.16
291,193,25,20,20,19,17,4762096,4725223,4716784,4716784,4703931,4624930,30,704994,4728248,55.87,345359,142176,390734.2,5,13,37.46
292,4250,1691,94,42,33,30,10603598,9369742,6214411,5894640,5744914,5652595,2728,496577,10120632,58.66,96387,1170,149518.4,22,1451,36.67
293,8005,1079,62,57,46,38,10487312,7492991,5970627,5937764,5756909,5473637,3158,494746,8933851,58.96,99003,760,129291,25,1708,34.79
294,134,24,19,19,19,16,4994049,4971186,4957506,4957506,4957506,4861313,26,816245,4972672,54.59,572471,119495,457525.5,4,13,9.77
295,155,27,19,19,18,15,5015694,4985993,4970479,4970479,4952440,4851759,34,1087680,4990368,55.44,465773,124314,519967.4,4,12,21.82
296,316,13,12,11,10,8,3931318,3860646,3859303,3853735,3829572,3751990,17,2197798,3863008,38.6,2197798,134836,1372176,1,6,27.93
297,112,30,21,21,20,17,5005205,4988055,4970996,4970996,4952957,4852484,33,929629,4990009,55.43,373537,108381,458850.2,4,14,19.92
298,3791,1959,263,111,76,40,11772388,10835493,7237080,6223374,5664608,4416074,2794,622877,11456678,61.05,23060,1383,81382.2,79,1513,34.73
299,222,38,34,33,27,25,6254657,6211725,6201324,6191852,6096596,6018933,44,810039,6215565,61.04,352425,105121,353654.2,7,21,21.99
29,227,50,42,42,39,31,6271352,6227794,6211647,6211647,6162523,5869468,61,576593,6234758,60.87,255985,72092,245478.9,10,28,18.88
2,82,28,25,25,24,21,5745572,5735169,5726859,5726859,5710301,5588707,30,1152415,5736540,60.59,399872,104737,497181,5,17,12.17
300,4189,1091,374,138,50,34,11960638,10874431,9038406,7410038,6143212,5589198,1496,710267,11140513,58.37,51730,2955,141194,34,629,21.49
301,6184,577,39,37,32,25,9314637,6770641,6056930,6041251,5948802,5712973,2474,689697,8081048,59.22,187086,765,253708,11,1154,38.84
302,296,21,20,19,19,18,5020506,4951483,4949696,4942995,4942995,4911510,28,921754,4956051,55.79,371337,118214,451400.9,4,13,33.92
303,387,46,41,41,39,34,6642067,6562953,6551872,6551872,6521194,6333638,50,581026,6565648,60.81,234298,80365,253885.2,11,28,23.01
304,313,43,39,39,36,28,6625131,6561447,6549961,6549961,6492195,6176029,49,827125,6565558,60.81,284034,83771,322034.5,8,25,25.47
305,360,48,42,41,37,32,6642951,6568537,6552750,6544965,6484002,6273433,52,615450,6571527,60.81,255306,83179,278882.7,9,27,23.02
306,143,36,31,30,27,26,5889440,5864254,5853105,5845034,5788428,5751901,41,759399,5867319,62.86,264915,103928,362048.9,7,20,20.64
307,215,33,30,29,25,24,5910950,5866232,5859190,5851119,5781236,5731320,38,955309,5869436,62.86,283014,106780,388673.3,6,18,29.93
308,154,36,32,31,27,25,5893516,5864015,5855670,5847599,5777688,5705664,42,954640,5867946,62.86,244337,100247,388748.2,7,20,26.96
309,234,44,34,33,29,22,4987865,4938848,4918233,4910063,4853747,4590677,52,774283,4944427,53.42,240451,80017,309363.5,7,20,19.96
30,156,27,22,21,21,17,4796252,4770836,4765081,4758330,4758330,4609538,28,1369645,4771457,55.05,320408,114974,573427.7,4,14,20.52
310,862,46,43,41,35,28,6224580,6022962,6010980,5997255,5885855,5594230,51,525018,6025956,60.31,260454,68700,269145.8,9,26,25.04
311,382,48,42,38,34,29,6731639,6661211,6649281,6624790,6558247,6358583,61,701769,6669342,59.42,290101,90398,339068.7,7,24,38.22
312,790,21,19,18,16,14,4641814,4439841,4437474,4432303,4396359,4330394,23,1229865,4441242,61.05,415644,138852,544948.8,4,12,11.8
313,145,24,17,15,15,12,4105012,4078721,4061217,4048815,4048815,3960824,28,736110,4080896,57.31,444216,126207,461717.1,4,10,21.74
314,307,52,49,47,42,38,5810689,5746199,5742521,5731719,5639330,5511309,63,413651,5753886,61.26,172983,74895,183919.9,12,33,16.28
315,413,54,52,49,44,37,5834920,5742123,5739495,5718796,5626404,5390490,64,458656,5749119,61.26,155225,63693,202032.3,11,34,20.89
316,298,52,50,47,42,39,5807013,5747085,5744457,5723885,5631495,5542701,60,413531,5752554,61.26,166285,68066,175824.2,13,33,22.67
317,229,24,18,18,17,14,4580035,4534289,4522878,4522878,4505584,4388043,27,1788119,4536178,54.24,533593,98699,875880.3,2,11,8.64
318,107,31,29,27,26,19,4633585,4619473,4617218,4602460,4580704,4318035,34,1215150,4621480,55.33,216356,66142,456417.9,6,17,15.23
318_reseq,900,640,266,109,25,9,4604062,4492442,3516970,2390533,1159689,616777,738,93829,4565558,55.34,10922,2820,20533.9,99,426,36.1
319,475,44,34,31,23,19,5113304,5003888,4984387,4965595,4841117,4691167,53,514481,5009909,64.17,328815,66478,315737.7,6,17,18.24
31,419,28,23,23,23,20,6002892,5904544,5895883,5895883,5895883,5775226,32,778397,5907334,60.84,496077,109920,450131.2,5,14,13.37
320,118,39,36,34,31,25,4632467,4616992,4609975,4595213,4538673,4324165,41,576126,4618451,55.33,176233,66142,218222,9,23,13.53
320_reseq,124,39,36,34,32,24,4632069,4616733,4609618,4594860,4560765,4267805,42,425654,4618820,55.32,202373,58029,205027.3,9,23,11.73
321,384,27,20,19,18,15,4702803,4610985,4594904,4588806,4577111,4460097,31,988895,4614040,54.18,394072,117421,495421.8,4,12,4.33
322,93,18,17,16,16,15,3697931,3683266,3681650,3676103,3676103,3649611,21,802902,3685535,38.79,359932,90804,465279.9,3,11,35
323,435,34,29,27,23,22,6076342,5984646,5974685,5961680,5899403,5868010,36,832158,5986162,60.01,480627,124125,431830.7,5,15,29.57
324,315,23,20,19,18,15,4990269,4924114,4919709,4912283,4899435,4778399,27,824971,4926697,55.78,571701,118198,469661.5,4,12,38.1
325,217,52,47,43,38,35,6024508,5992957,5982333,5958247,5874709,5769820,55,517672,5994741,60.01,277464,63291,272856.8,8,28,23.6
326,287,52,49,46,39,33,6041078,5990932,5985295,5966817,5859806,5607566,57,528130,5994311,60.01,228321,64131,238757.1,9,30,22.04
327,288,38,34,32,31,27,5570994,5510644,5501635,5486699,5468969,5330572,41,480016,5512624,60.83,247997,103003,252251.3,9,22,17
329,314,19,15,15,15,13,4436744,4364266,4359260,4359260,4359260,4278440,23,977868,4367082,54.38,377842,135040,523668.2,4,10,11.33
329_reseq,321,165,125,96,52,20,4388005,4347006,4243401,4027632,3292753,2194060,176,360317,4355667,54.38,53252,12749,89641.7,20,87,20.46
32,125,25,21,21,21,18,5926702,5905985,5899006,5899006,5899006,5777796,28,778383,5908357,60.84,571433,149840,470362.7,5,13,14.61
330,182,34,32,29,29,26,5538662,5504723,5498934,5477720,5477720,5361897,42,623365,5510054,60.83,294010,88010,326629,6,20,23.97
331,246,26,23,23,21,20,6785778,6730723,6723136,6723136,6680247,6650110,27,1102613,6731664,58.94,489604,176640,519120.5,5,15,6.88
332,184,34,32,31,30,26,6488615,6454311,6451982,6446881,6422584,6246328,38,766459,6456822,61.36,374693,79753,361873.8,7,20,31.04
333,250,23,19,18,18,18,4664927,4609211,4603367,4595243,4595243,4595243,27,519550,4611872,55.77,346843,120115,349800.3,6,13,9.02
334,399,126,120,106,80,42,7641323,7577326,7564525,7453191,7012097,5603736,138,379253,7585375,58.84,123107,29596,145232.8,19,74,29.62
335,2828,1847,443,151,10,0,8125732,7609460,4311320,2324758,314501,0,2334,44929,7971505,58.66,5484,1465,8055.3,382,1494,59.39
355_reseq,368,170,152,130,92,52,8330273,8280193,8234185,8069437,7414471,5953990,183,345902,8288869,58.65,89563,24577,115877.2,26,94,28.42
336,180,47,41,39,35,32,6644737,6615341,6598968,6581565,6512809,6412248,52,495647,6618386,59.41,259571,93692,260764.1,10,26,13.93
337,187,27,24,23,23,23,6753233,6713662,6707434,6702091,6702091,6702091,34,895396,6718838,59.04,421617,124741,446285.4,6,16,9.32
338,445,48,40,39,34,28,6475975,6372971,6354026,6344766,6256745,6044751,55,649316,6377176,59.33,267816,82599,294334.1,9,24,11.15
339,372,172,142,110,67,38,5581304,5535031,5457255,5202335,4459705,3416435,187,189221,5545714,55.52,59499,15953,75233.8,27,94,26.9
339_reseq,238,26,18,17,16,12,5603415,5553796,5534144,5528760,5517684,5394627,33,1377231,5558539,55.53,523064,233897,675644.3,4,10,12.67
33,207,28,24,24,24,20,5940696,5902560,5895407,5895407,5895407,5740874,30,724571,5904064,60.84,369298,139483,418640.2,6,15,14.04
340,290,45,40,35,31,27,6494412,6435937,6424345,6392568,6325808,6201675,50,708380,6439258,58.68,303824,83026,331994.3,8,22,17.94
341,122,20,15,15,14,11,4814400,4789029,4775718,4775718,4763270,4683713,27,1476565,4792970,51.88,1113689,145200,841015.2,2,8,22.6
342,351,49,46,41,39,35,6541161,6469067,6461668,6426926,6389407,6262785,51,569649,6470142,58.69,237970,69930,247170.4,10,28,29.98
343,480,114,104,91,69,42,7344972,7272868,7249720,7151336,6766943,5790910,130,714611,7282789,60.97,117171,31418,205542.2,15,62,14.57
344,211,40,34,33,31,29,6242141,6204594,6190045,6182162,6146094,6073125,44,616651,6207843,58.84,263621,100075,299185.2,8,23,17.11
345,152,12,9,8,8,6,5187381,5152804,5147593,5141970,5141970,5060721,12,3260485,5152804,34.21,3260485,424564,2238832.4,1,4,11.39
346,173,14,11,10,9,6,5190632,5150620,5145487,5139864,5122895,5018138,14,2543228,5150620,34.21,675223,424564,1523762.9,2,5,13.28
346_reseq,1146,874,329,115,16,2,5115549,4976215,3504592,2005970,566919,101652,1006,51031,5071965,34.23,7799,2442,11633.6,176,626,38.07
347,273,43,39,36,34,31,6477672,6426559,6420336,6397010,6374092,6237266,46,817494,6428391,58.91,266818,78765,306069.3,9,25,43.23
348,245,64,58,56,46,35,6600965,6561877,6548096,6530386,6344031,5901867,68,615360,6564542,60.81,175507,49170,227876.8,12,36,25.71
349,238,61,55,55,48,37,6600133,6562030,6547880,6547880,6413214,6004257,67,517287,6565942,60.81,174740,70042,213682,12,36,25.91
34,111,28,26,25,25,24,5924494,5908607,5905825,5900404,5900404,5862010,29,1000295,5909557,60.84,431026,109116,447409.8,5,18,12.73
350,271,54,50,49,46,40,6614133,6565308,6553836,6545572,6491407,6272425,58,705823,6567998,60.81,177449,69609,227159.7,12,34,26.61
351,962,48,40,39,35,28,6102581,5878906,5862637,5854581,5788901,5535551,55,920217,5883870,39.73,229401,68237,405082.1,6,24,10.06
352,314,30,22,22,20,18,6417470,6344405,6322239,6322239,6285843,6217849,37,1393309,6349203,61.94,724328,144425,719481.9,3,13,6.8
353,249,24,21,20,20,16,7460323,7404262,7395023,7388563,7388563,7241211,29,1244378,7407341,62.81,788338,166156,763684.3,4,11,8.32
354,134,44,39,37,33,29,5883382,5863825,5852211,5835041,5767920,5618838,50,553379,5867702,62.86,272299,77683,270285.4,8,24,32.82
355,168,42,27,26,23,21,7276375,7248778,7211870,7206246,7155753,7082493,48,1131774,7252788,61.95,466592,143874,522097.4,6,16,19.29
356,738,81,59,41,27,17,6240613,6097070,6035701,5909001,5657507,5283012,93,1235554,6104242,37.35,974411,35621,702814.1,3,22,19.38
357,156,40,32,32,30,25,6645516,6624429,6607527,6607527,6571765,6353562,42,531935,6625541,60.07,364328,96232,316011.2,8,21,32.44
358,187,35,32,31,27,22,6808257,6779760,6773997,6768889,6677495,6472974,39,1082517,6782049,59.72,416076,89224,480243.5,6,17,21.45
359,345,58,52,49,43,35,6712371,6660888,6649211,6631067,6519949,6207300,67,613010,6666421,59.42,198441,58953,261905.6,10,32,40.49
35,190,28,24,24,22,21,5735311,5696432,5688034,5688034,5654474,5620658,35,821671,5701218,60.96,532901,107903,475289.2,5,15,9.56
360,54,14,12,11,10,9,4141164,4132925,4130387,4124894,4105209,4068996,14,1001131,4132925,64.98,612288,186791,611872.4,3,8,16.89
361,91,28,27,24,23,18,3318182,3303847,3302246,3280071,3265610,3061587,29,566736,3304463,71.68,173233,68798,254341.2,5,17,10.83
362,49,19,18,17,16,14,4444424,4438591,4437379,4432109,4407877,4343696,20,1230030,4439571,61.05,416069,138595,547091.9,4,12,6.82
363,66,17,14,13,13,12,4552550,4540863,4531456,4525665,4525665,4486692,19,1241199,4542354,61.16,534133,142631,656740.2,3,8,10.9
364,44,18,17,16,15,15,4444213,4438573,4437361,4432190,4407990,4407990,19,826013,4439553,61.05,403101,150378,401492.9,5,12,4.84
365,465,165,151,141,102,67,9034278,8956116,8919979,8844757,8174331,6889464,182,255091,8967745,71.19,89406,28523,104007.6,32,99,21.03
366,132,59,51,49,42,33,5791644,5776096,5755407,5741273,5638456,5337276,60,553900,5777006,68.63,200370,62870,213938.4,11,31,6.66
367,124,27,19,17,15,12,4098505,4078211,4060596,4045928,4009806,3912023,31,693790,4080386,57.31,393354,137591,419312.8,4,10,21.98
368,128,23,22,20,18,15,5392894,5369478,5368390,5355835,5328919,5204981,26,854003,5371392,55.25,370586,164487,473597.4,5,12,5.4
369,181,55,54,51,45,37,5771940,5743316,5742128,5721062,5607535,5336507,64,413659,5749474,61.26,149265,59434,194208.4,12,34,18.66
36,184,30,27,25,24,20,6321592,6285471,6279783,6266654,6246462,6085349,30,842558,6285471,58.73,373014,114446,462685.7,5,16,22.66
370,134,24,17,15,15,12,4100473,4077190,4061441,4049036,4049036,3951402,28,729570,4079365,57.31,393354,141731,406263.9,4,10,14.46
371,210,48,42,41,34,28,5535907,5495514,5482634,5477213,5362723,5145519,58,538130,5502134,67.48,183841,105682,222834.3,10,25,21.54
372,278,44,31,29,27,21,5322950,5275456,5240104,5221962,5186771,4933916,50,1054960,5279192,36.41,401546,54249,463643.1,5,18,22.26
373,477,207,165,131,62,25,5135144,5069502,4964710,4723218,3585619,2287559,227,239466,5083168,66.33,44141,12593,66123.3,31,118,59.81
374,70,12,11,10,9,9,4491217,4477326,4474202,4468673,4453212,4453212,15,1174940,4479395,64.33,753891,186795,797809.9,3,6,9.69
375,37,11,10,9,8,8,4483574,4477308,4474184,4468655,4452492,4452492,14,1174091,4479218,64.33,753916,659327,837559,3,5,10.29
376,85,22,21,20,19,18,4489609,4475143,4473604,4465389,4454259,4419114,27,757825,4478956,56.87,319438,109550,385694.6,5,14,13.33
377,129,38,29,25,21,19,5028182,5007671,4989739,4963287,4910950,4820664,45,781052,5012220,64.17,400700,86327,382361.6,5,15,18.16
378,132,15,14,13,13,11,4190223,4162086,4160767,4155095,4155095,4077237,16,1192926,4162620,61.1,483654,178529,596202.5,3,9,9.8
379,140,35,26,23,20,17,5029407,5006633,4988081,4969115,4926360,4821412,42,880504,5011182,64.17,400915,97804,424039.3,5,13,20.47
37,310,85,78,69,59,41,6868251,6818853,6798606,6740538,6576642,5887959,91,449736,6822146,59.93,144380,42903,166565.9,16,47,26.33
380,180,39,35,33,28,25,5527713,5495849,5484909,5471489,5396199,5277967,48,548240,5502154,61.37,290212,82166,287818.2,7,21,10.78
381,95,51,49,48,42,32,4283664,4274627,4270430,4265293,4174992,3815578,53,359862,4276284,66.68,126242,44571,154278.1,11,33,25.65
382,157,30,30,27,26,24,5577423,5547693,5547693,5528645,5505788,5433274,37,651288,5552201,60.79,344255,84352,354721.8,6,18,23.27
383,166,33,30,27,24,22,5574831,5546699,5539488,5519302,5459284,5386889,38,591656,5550208,60.79,294212,113310,334574.8,7,17,16
384,393,77,60,51,36,21,6157045,6088063,6039190,5985317,5762098,5202851,95,800851,6100682,36.95,367071,38201,408814.2,5,28,17.82
385,213,51,48,44,39,27,6020665,5990922,5985285,5957283,5876254,5391024,55,762485,5993553,60.01,225600,49894,310565,8,28,22.97
386,182,30,27,25,25,24,5542133,5509905,5502767,5489395,5489395,5452753,33,741029,5511885,60.83,293246,113224,323242.5,7,19,24.95
387,425,80,62,52,35,16,6032406,5958278,5914419,5845041,5589267,4868468,94,1104527,5968312,37.04,375069,36297,486308.3,5,28,13.24
388,214,30,26,26,24,21,5531931,5485321,5472290,5472290,5442514,5321524,31,874906,5485872,68.08,304356,125070,398959.1,6,16,2.66
389,91,21,16,16,16,16,4621906,4608074,4598727,4598727,4598727,4598727,25,647541,4610735,55.77,421206,120103,410733,5,12,12.86
38,496,72,63,60,53,42,6536195,6437192,6417366,6397523,6274482,5917779,76,404114,6439847,59.67,160573,58243,176014.1,14,40,17.5
390,196,32,29,29,26,24,6643712,6606299,6600336,6600336,6553026,6474204,41,801353,6612270,59.14,318741,143884,400077.2,7,18,23.56
391,152,39,34,32,30,27,6643539,6616905,6601649,6588568,6557927,6455856,46,719092,6621549,59.41,310050,123286,355466.4,7,21,19.68
392,155,35,30,28,25,21,6569792,6541231,6529368,6518999,6474961,6299251,45,699651,6548024,59.15,482593,124329,403369.8,6,17,8.28
393,115,32,27,21,21,18,5728181,5708831,5695443,5660177,5660177,5577770,36,1477035,5711172,55.48,361178,116145,625004.1,4,14,15.43
394,108,31,26,22,22,19,5727877,5709805,5696417,5672239,5672239,5589832,36,883334,5712711,55.48,356934,116145,433688.9,5,15,12.15
395,160,26,18,17,16,13,5581695,5552557,5534047,5528663,5517509,5428759,33,1376418,5557279,55.53,491845,234003,654073.1,4,11,16.19
396,670,63,58,55,49,39,7738317,7587845,7580047,7556733,7471415,7121565,72,710517,7593717,63.06,218326,61068,299180.8,10,34,22.7
397,256,45,42,42,37,31,6525648,6481270,6472980,6472980,6395041,6164676,49,642061,6483963,58.79,224516,83118,278474.5,9,27,44.11
398,161,20,15,15,14,11,4823808,4789530,4775824,4775824,4763376,4683820,26,1476837,4793082,51.88,1113689,145200,841143.3,2,8,22.41
399,290,39,32,30,30,28,7100456,7038168,7016929,7000811,7000811,6942252,42,621866,7039957,60.27,315864,120827,351743.4,8,21,14.69
39,526,50,46,42,41,34,6202567,6093632,6085561,6061972,6037598,5782386,55,598866,6096569,60.73,199006,60762,263723,9,29,50.08
3,166,47,41,40,34,32,6655610,6630132,6622278,6617241,6519179,6452395,51,551847,6632668,59.23,255811,94439,290625.3,9,26,12.42
400,162,37,31,30,29,27,6225457,6205099,6193511,6188126,6174568,6098274,38,723266,6205674,58.84,272968,113801,346748.5,7,21,24.27
40,244,16,14,14,13,12,6651393,6597210,6590563,6590563,6572628,6523598,17,963727,6597824,58.97,627639,339108,636177.9,4,10,46.47
41,208,59,52,49,44,34,6571383,6537995,6520617,6498994,6396248,6052324,63,435834,6540918,60.92,237721,73059,222090.6,11,32,11.73
42,4544,190,32,31,30,27,8309677,6552489,6347479,6338724,6322077,6198777,1212,866582,7228595,58.68,274555,1082,348364.6,7,146,10.64
43,252,31,28,27,25,23,6780127,6725936,6717993,6712614,6666971,6577330,37,648642,6729796,59.06,299237,157725,360233.1,8,18,17.67
44,208,26,24,24,24,22,6244218,6201482,6194913,6194913,6194913,6131232,28,783024,6202971,59.31,570438,101234,465754.7,5,16,11.43
45,381,44,34,33,30,28,6942234,6862636,6837914,6832086,6794099,6717092,53,808370,6867831,59.03,394062,83153,400749.9,7,20,21.59
46,318,41,32,32,29,27,6989529,6926574,6908668,6908668,6860396,6787671,50,869862,6932158,59.02,315705,88535,422174.1,7,19,32.17
47,166,33,30,29,26,25,6689503,6656063,6652631,6646975,6601686,6554038,36,818179,6658523,59.23,394901,114717,378754.4,7,19,10.72
48,1238,40,34,34,33,29,6753354,6426564,6411442,6411442,6395676,6267775,60,745803,6438509,61.23,310178,97484,342209.4,7,23,6.77
49,262,48,44,42,33,25,5959971,5912489,5905586,5892290,5735112,5456908,53,569625,5915924,60.02,349164,69008,318294.6,7,23,28.5
4,108,23,22,22,19,17,5616685,5596498,5594171,5594171,5548265,5470861,27,766272,5599294,60.04,391621,125522,420812.5,6,14,44.06
50,4802,624,39,37,36,33,9105745,7179280,6348313,6333349,6316702,6199736,2140,651952,8229441,56.19,179240,857,221315.6,13,871,17.38
51,231,59,49,44,40,34,6407877,6363750,6346380,6308625,6245791,5992099,75,419418,6374205,60.21,179977,83474,212900.1,12,31,45.59
52,283,88,81,73,66,41,6447485,6403919,6389866,6330155,6215189,5311792,98,349506,6410550,60.13,131566,36821,148911.1,16,52,48.01
53,207,56,50,49,40,29,5128841,5100663,5086687,5080287,4935683,4528970,60,550265,5102710,61.85,156179,47752,222902.8,9,31,14.07
54,875,599,404,254,78,30,11163832,11100978,10518742,9425545,6705623,5103197,627,905433,11122102,61,38359,7302,176292.5,41,322,14.11
55,310,33,28,28,25,21,6249482,6184817,6174697,6174697,6130271,5978677,38,751285,6187987,60.05,445831,89101,409211.4,6,16,6.3
56,1067,22,20,19,17,16,6614544,6337235,6332891,6327638,6287352,6254015,27,896702,6340489,59.1,469205,283281,544499.4,5,12,14.56
57,275,52,47,47,42,36,6561625,6512837,6502654,6502654,6420313,6195243,54,511238,6513947,60.8,217555,68993,229015.7,11,31,9.35
58,1015,42,37,37,37,31,10120615,9872291,9862943,9862943,9862943,9675785,51,1164551,9877681,56,433552,127986,517806.5,8,23,8.02
59,591,16,13,13,13,10,5421340,5275117,5266137,5266137,5266137,5175112,20,1556128,5277702,55.21,534141,252972,829059.1,3,8,11.24
5,183,66,58,57,47,38,6652151,6628381,6612692,6607508,6452191,6105077,71,532731,6631547,59.23,162319,55995,219262.4,12,36,9.42
60,226,32,29,28,24,23,6012940,5973348,5968651,5963362,5896328,5865835,36,660126,5975621,59.8,394220,110309,379681.5,6,17,52.81
61,98,31,27,26,21,17,4420157,4405797,4398327,4393181,4300953,4158304,32,783628,4406510,61.62,311736,89766,367648.8,5,15,31.43
62,117,23,20,20,20,17,4863768,4843485,4837372,4837372,4837372,4748739,26,626275,4845571,55.49,438809,116243,393566.5,5,13,10.17
63,747,14,13,12,11,8,4234768,4047042,4044568,4039025,4015276,3909221,19,1614359,4050276,38.5,759431,180606,924572.7,2,6,21.88
64,264,51,41,38,32,26,6296680,6248980,6233051,6208848,6105947,5912385,59,779445,6254002,59.96,307481,83640,339937.1,7,22,14.23
65,214,16,14,14,13,9,5213809,5170912,5166635,5166635,5149137,4992902,20,979161,5173871,61.91,842379,254597,687319,3,8,13.76
66,167,37,33,31,29,23,5093357,5065880,5058282,5046487,5015466,4797296,45,560001,5071127,61.97,289448,73046,278226.3,7,20,9.82
67,176,34,30,29,23,21,6106986,6079823,6071380,6066136,5963648,5899960,36,806576,6081011,60.29,547433,107098,439758,5,16,37.44
68,208,51,47,47,43,38,6765473,6729127,6718822,6718822,6650216,6451489,56,628615,6732001,60.42,173299,65718,263622.1,11,32,24.29
69,401,36,32,32,31,27,6075350,5982218,5973644,5973644,5961809,5823663,41,703226,5985341,60.73,330339,92893,343993.5,7,21,16.36
6,154,54,45,44,39,36,6648613,6627886,6608583,6600471,6529778,6422313,59,435753,6631052,59.23,220941,84557,229287.8,11,30,11.51
70,376,45,40,36,33,31,6144442,6071100,6057591,6032598,5974937,5888842,47,591131,6072132,60.31,210380,80044,292834.3,8,25,24.27
71,193,45,40,37,32,23,6116199,6085822,6073463,6049251,5966682,5601224,52,811703,6090507,60.26,303689,64231,360832.8,7,22,13.07
72,189,39,37,34,29,27,5681649,5649176,5644906,5618270,5537770,5443570,47,690116,5654300,60.1,242688,87700,323130.3,7,23,42.73
73,143,16,13,13,11,10,5246769,5220520,5212022,5212022,5180956,5140787,21,1715581,5224557,61.77,988029,251598,918969.3,2,8,14.11
74,299,87,75,71,59,43,6724897,6680067,6652598,6619953,6433875,5805502,98,530744,6686755,60.45,130841,44872,185971.1,14,48,54.2
75,214,37,35,34,30,26,5693865,5657143,5653000,5647894,5564504,5438300,40,726741,5659138,59.34,282354,93449,320125.1,7,21,57.71
76,258,33,30,27,26,20,4397975,4350110,4345632,4322898,4305416,4064056,38,583073,4353264,66.98,260871,72696,291199.5,6,18,20.7
77,318,49,47,46,37,29,5973164,5917317,5911635,5902949,5749901,5472890,56,835629,5921853,59.94,177759,79584,286291.9,10,27,58.11
78,208,27,25,24,19,15,5820828,5778002,5773706,5767868,5671737,5521941,35,1147298,5782607,59.83,507175,122056,563759.8,4,12,48.33
79,199,31,28,28,25,23,6238024,6200798,6191843,6191843,6126383,6034660,43,503511,6208692,59.45,323023,135058,306332.4,9,19,57.11
7,188,67,54,50,43,35,5895739,5869666,5848802,5824390,5685230,5437088,72,438378,5873126,60.34,162316,59195,186149.7,12,33,15.39
80,195,29,27,26,22,19,5895771,5862107,5857621,5852309,5785548,5657222,32,968552,5864300,59.96,360450,134849,486535.8,5,15,57.13
81,774,103,77,53,39,31,6355709,6209851,6153699,5992046,5784281,5495295,135,531837,6231459,59.72,191149,42234,235899.6,10,34,31.58
82,620,26,22,22,22,21,6062939,5904437,5897285,5897285,5897285,5858891,37,778468,5911358,60.83,463013,109898,435247.7,5,15,14.51
83,100,24,20,20,20,19,5927351,5910860,5903707,5903707,5903707,5865313,25,999947,5911809,60.84,575097,134644,521605.3,5,13,14.11
84,150,23,20,20,17,17,5729434,5701144,5694584,5694584,5649110,5649110,26,848953,5703032,60.96,685379,127325,550978.9,4,12,7.96
85,123,20,18,18,16,16,5721446,5698560,5693189,5693189,5659629,5659629,26,848975,5702402,60.96,442079,139337,503523.1,5,12,8.66
86,130,34,28,26,24,20,6301078,6283084,6271974,6258845,6220824,6058214,35,684002,6283611,58.74,400039,154202,379333.8,7,16,17.57
87,192,40,36,34,30,24,6321414,6288021,6281456,6267471,6195230,5935485,41,683495,6288542,58.74,326554,96572,339958.2,7,20,17.6
88,263,116,104,92,78,43,6834234,6807152,6771679,6681789,6422437,5233996,121,506948,6810465,59.93,111663,29217,138142.4,19,68,24.43
89,134,46,42,40,38,31,5719659,5699772,5688973,5669933,5637694,5386272,48,667877,5701059,60.14,232769,63301,269007.9,8,27,34.08
8,98,18,18,16,16,15,6206726,6190088,6190088,6175269,6175269,6146592,18,1028675,6190088,60.83,742099,210879,664435.6,4,11,16.01
90,230,69,58,55,47,34,6566806,6535092,6508939,6488188,6326543,5858898,75,476771,6538802,60.93,194348,49219,212634.4,11,35,10.95
91,161,45,40,39,34,29,6087789,6062729,6050345,6041467,5938553,5742670,53,627387,6068428,60.25,249327,76451,282327.2,9,26,14.8
92,888,20,17,17,17,16,4842973,4604086,4598266,4598266,4598266,4572009,34,1164765,4612660,56.9,433552,113865,550777.4,4,12,16.82
93,136,19,16,16,16,12,4488057,4459468,4448130,4448130,4448130,4298176,21,1815730,4460890,54.32,555625,141215,918090.2,2,9,26.45
94,1356,981,364,154,50,37,11228060,11057522,9494692,8054400,6567995,6145297,1134,659177,11169374,58.76,79735,3526,182724.4,29,497,20.34
95,165,38,35,34,30,29,6354944,6328189,6321047,6315822,6242833,6209652,43,750250,6330989,59.25,285627,91407,366478.7,7,22,33.19
96,165,111,97,91,64,39,6088570,6076989,6044345,6002034,5534125,4644083,115,657388,6079305,59.29,97226,25951,177707.6,16,62,21.47
96_reseq,157,94,83,75,54,35,6091183,6077176,6047004,5987158,5609684,4900619,98,631270,6079903,59.29,125959,29472,185719.7,14,50,17.6
97,220,66,57,53,41,34,6711408,6678662,6656037,6632865,6432505,6191160,74,980126,6683766,60.29,244004,53418,339067,8,31,13.69
98,103,41,37,36,33,30,6667218,6653772,6644108,6638452,6593163,6459277,44,469434,6656003,59.23,293817,94722,280267.5,9,25,8.71
99,2026,52,49,46,38,29,6489273,5908899,5903851,5882530,5740507,5419317,129,538676,5954965,59.86,349258,53409,279810.2,7,28,29.12
9,182,44,37,35,27,24,5629165,5603089,5588487,5578264,5443888,5354699,47,693539,5605055,60.65,252125,90209,358035.8,6,20,17.81
