"seqID","Glucose_stock_X","rmax","topt","ctmin","ctmax","e","eh","q10","thermal_safety_margin","thermal_tolerance","breadth","skewness","model_name","Domain","Phylum","Class","Order","Family","Genus","Species","temperature_of_isolation","Area","Site_initials","metric"
30,10,0.715961924684548,28.2657452035685,11.7129338185639,44.6627772040729,0.556887428468531,1.2385196703776,2.08912018878333,16.3970320005044,32.9830046165987,9.10790616250145,-0.68162914580373,"model average","Bacteria","Pseudomonadota","Gammaproteobacteria","Enterobacterales","Enterobacteriaceae","Pantoea","Pantoea agglomerans",15,"Bay","QR","rate"
30,100,0.627339659707256,27.2409431755776,7.71027282436812,45.7915783606048,0.253325370172302,0.975441061337361,1.40608368141568,18.5506351850272,38.2672161737482,10.9685413654961,-0.722076065331569,"model average","Bacteria","Pseudomonadota","Gammaproteobacteria","Enterobacterales","Enterobacteriaceae","Pantoea","Pantoea agglomerans",15,"Bay","QR","rate"
59,10,0.47682418195785,25.0258643219717,7.21273300268403,42.752856553434,0.359189713241771,0.008634216425169,1.621147889908,17.7269922314623,35.5483343795331,9.77120160458378,-0.00484745782698526,"model average","Bacteria","Pseudomonadota","Gammaproteobacteria","Enterobacterales","Enterobacteriaceae","Serratia_J","Serratia_J quinivorans",15,"Bay","P","rate"
59,100,0.461985106268237,26.769193264755,1.23118201062537,47.9159496711252,0.330871159550641,0.768992817896177,1.55845394689362,21.1467564063702,46.6774895645289,13.4793757328413,-0.438121658345537,"model average","Bacteria","Pseudomonadota","Gammaproteobacteria","Enterobacterales","Enterobacteriaceae","Serratia_J","Serratia_J quinivorans",15,"Bay","P","rate"
62,10,0.776098826142665,29.0756660380151,13.2549542892821,44.5874132318317,0.772063658295171,1.16522359171735,2.76335830916865,15.5117471938166,31.3324589425495,8.62941713174605,-0.393159933422183,"model average","Bacteria","Pseudomonadota","Gammaproteobacteria","Enterobacterales","Enterobacteriaceae","Enterobacter","Enterobacter mori",25,"Bay","J","rate"
62,100,0.550102749364128,29.6275288692289,11.3038832217015,46.9537066066476,0.604936190615078,0.98823849472352,2.21852757172814,17.3261777374187,35.6498233849461,10.0228510262009,-0.383302304108441,"model average","Bacteria","Pseudomonadota","Gammaproteobacteria","Enterobacterales","Enterobacteriaceae","Enterobacter","Enterobacter mori",25,"Bay","J","rate"
92,10,0.882449448585401,29.5922262801259,12.6117525834723,45.9985056507074,0.812531179678687,0.949780908100678,2.92507660884632,16.4062793705815,33.386753067235,9.51013899352365,-0.137249728421992,"model average","Bacteria","Pseudomonadota","Gammaproteobacteria","Enterobacterales","Enterobacteriaceae","UBA7405","UBA7405 sp002469605",25,"Bay","M","rate"
92,100,0.642551057155793,30.4925532900315,3.26715499097745,46.1186338105406,0.456521475320149,0.962467538544704,1.82726718146609,15.6260805205091,42.8514788195632,12.2589807922032,-0.505946063224553,"model average","Bacteria","Pseudomonadota","Gammaproteobacteria","Enterobacterales","Enterobacteriaceae","UBA7405","UBA7405 sp002469605",25,"Bay","M","rate"
93,10,0.657480114076571,27.4892457935404,16.1947350337998,38.5685368218954,0.233782289141338,0.023738280251916,1.38624046569719,11.0792910283549,22.3674434395389,6.53748298495632,-0.0298966362819284,"model average","Bacteria","Pseudomonadota","Gammaproteobacteria","Enterobacterales","Enterobacteriaceae","Scandinavium","",25,"Bay","B","rate"
93,100,0.570760505094185,26.9101205470407,13.5499707561589,40.2706459721718,1.13212524802827,1.36077550361562,4.56038503242789,13.3605254251311,26.7206673026999,7.29513164200949,-0.22865025558735,"model average","Bacteria","Pseudomonadota","Gammaproteobacteria","Enterobacterales","Enterobacteriaceae","Scandinavium","",25,"Bay","B","rate"
100,10,0.892911546637384,29.7140298186195,9.70857802343849,46.0604883966027,0.627703991849401,1.04821592228868,2.29389759524476,16.3464585779832,36.3519103731642,10.105978975744,-0.420511930439281,"model average","Bacteria","Pseudomonadota","Gammaproteobacteria","Enterobacterales","Enterobacteriaceae","UBA7405","UBA7405 sp002469605",25,"Bay","B","rate"
100,100,0.759356077908388,32.1985822037384,-1.97092691449799,44.5610341773571,0.497427281598097,1.54575312759213,1.92018322391278,12.3624519736187,46.5319610918551,11.3181689084202,-1.04832584599404,"model average","Bacteria","Pseudomonadota","Gammaproteobacteria","Enterobacterales","Enterobacteriaceae","UBA7405","UBA7405 sp002469605",25,"Bay","B","rate"
102,10,0.904188547196301,29.6699000569465,11.1876745117267,45.8170399498981,0.65066945018713,1.04620364190537,2.36415322994913,16.1471398929516,34.6293654381713,10.3305164815934,-0.395534191718243,"model average","Bacteria","Pseudomonadota","Gammaproteobacteria","Enterobacterales","Enterobacteriaceae","UBA7405","UBA7405 sp002469605",25,"Bay","B","rate"
102,100,0.746482838562062,31.0273704120479,8.92364906551079,46.0622692460122,0.549584355001512,1.47559073920628,2.05704171093365,15.0348988339643,37.1386201805014,10.5211741213841,-0.926006384204772,"model average","Bacteria","Pseudomonadota","Gammaproteobacteria","Enterobacterales","Enterobacteriaceae","UBA7405","UBA7405 sp002469605",25,"Bay","B","rate"
103,10,0.78451394343234,28.6995896320553,11.9104170129877,45.3248037390026,0.672238845384217,1.09276659141346,2.42596972279135,16.6252141069474,33.4143867260149,9.34634057803921,-0.42052774602924,"model average","Bacteria","Pseudomonadota","Gammaproteobacteria","Enterobacterales","Enterobacteriaceae","Buttiauxella","Buttiauxella davisae_A",25,"Bay","P","rate"
103,100,0.570604516139331,30.0330150918342,11.6961027560221,47.7156645167678,0.509215220157919,0.937750509661692,1.9622921349481,17.6826494249336,36.0195617607457,9.97834782133349,-0.428535289503773,"model average","Bacteria","Pseudomonadota","Gammaproteobacteria","Enterobacterales","Enterobacteriaceae","Buttiauxella","Buttiauxella davisae_A",25,"Bay","P","rate"
118,10,0.651772917026726,28.374303382286,12.3110888136941,44.3216976286817,0.604679521052903,1.3473067908053,2.22151361307716,15.9473942463957,32.0155470856077,8.8420869004809,-0.742627269752396,"model average","Bacteria","Pseudomonadota","Gammaproteobacteria","Enterobacterales","Enterobacteriaceae","Pantoea","Pantoea agglomerans",35,"Bay","QR","rate"
118,100,0.570497742822901,27.5566256986954,11.8880597111876,43.2011590511523,1.42837745737577,0.956891935460495,6.78161815213646,15.644533352457,31.31336055939,8.61236148558898,0.471485521915275,"model average","Bacteria","Pseudomonadota","Gammaproteobacteria","Enterobacterales","Enterobacteriaceae","Pantoea","Pantoea agglomerans",35,"Bay","QR","rate"
128,10,0.663927041272459,26.0672315793702,9.99586737357731,42.0142394557781,0.491662262753519,1.57982009381687,1.95450919504134,15.9470078764079,32.0235175695473,8.80538053768634,-1.0881126710735,"model average","Bacteria","Pseudomonadota","Gammaproteobacteria","Enterobacterales","Enterobacteriaceae","Lelliottia","Lelliottia amnigena",35,"Bay","B","rate"
128,100,0.509277495030222,28.581423770313,13.3724171627987,43.6755706721527,0.670528199021613,1.28256334791544,2.42711666928752,15.0941469018397,30.3044149379372,8.37260817752854,-0.612035148893826,"model average","Bacteria","Pseudomonadota","Gammaproteobacteria","Enterobacterales","Enterobacteriaceae","Lelliottia","Lelliottia amnigena",35,"Bay","B","rate"
140,10,0.553550119089831,26.1805206775186,10.0984131862328,42.1439815965554,0.408639345653904,1.6200576242387,1.7416751835087,15.9634609190368,32.0521459520427,8.84286298563604,-1.21137799963491,"model average","Bacteria","Pseudomonadota","Gammaproteobacteria","Enterobacterales","Enterobacteriaceae","Serratia_J","Serratia_J proteamaculans_D",35,"Bay","P","rate"
140,100,0.462232333249857,27.6455773870389,9.96247437784749,44.5512172307929,0.442271016778034,0.999188132477101,1.81620597373205,16.905639843754,34.5936524512716,9.64814705629619,-0.556917115699067,"model average","Bacteria","Pseudomonadota","Gammaproteobacteria","Enterobacterales","Enterobacteriaceae","Serratia_J","Serratia_J proteamaculans_D",35,"Bay","P","rate"
171,10,0.754927600069863,29.6115236111362,-2.25871259423481,44.47544898893,0.343802191031202,1.25043123558065,1.58069266512661,14.8639253777938,46.9048289034197,13.4548096434749,-0.906629044549453,"model average","Bacteria","Pseudomonadota","Gammaproteobacteria","Enterobacterales","Aeromonadaceae","Aeromonas","Aeromonas rivipollensis",15,"Sierras","V","rate"
171,100,0.739426039946071,30.0931890915283,3.57067192257229,45.7842743362841,0.255186119389671,1.38847293632523,1.42727078504369,15.6910852447558,42.3101577746019,11.7489040184993,-1.13328681693555,"model average","Bacteria","Pseudomonadota","Gammaproteobacteria","Enterobacterales","Aeromonadaceae","Aeromonas","Aeromonas rivipollensis",15,"Sierras","V","rate"
172,10,0.613469592603939,26.5134544405947,20.6536252966885,32.4001627722996,3.91590795547314,2.55328607054645,0.0108636812450379,5.88670833170484,11.7374988643598,3.36197612521989,1.36262188492669,"model average","Bacteria","Pseudomonadota","Gammaproteobacteria","Enterobacterales","Shewanellaceae","Shewanella","Shewanella sp002966515",15,"Sierras","V","rate"
172,100,0.641563973891697,26.2703726148026,19.2576744037654,33.2900006923437,1.12134772597975,0.00198131595470152,4.53794073905119,7.01962807754105,14.0315742420407,3.86899265332595,-0.00145740189072726,"model average","Bacteria","Pseudomonadota","Gammaproteobacteria","Enterobacterales","Shewanellaceae","Shewanella","Shewanella sp002966515",15,"Sierras","V","rate"
191,10,0.850682297420792,29.7706651136998,12.9505426877093,45.5229477843745,0.725603750124574,1.0493048116842,2.60815294160583,15.7522826706747,32.5724050966652,9.12283019966856,-0.323701061559623,"model average","Bacteria","Pseudomonadota","Gammaproteobacteria","Enterobacterales","Enterobacteriaceae","Pantoea","Pantoea sp900115075",15,"Sierras","ME","rate"
191,100,0.727145351428742,28.0153198386741,7.65407785318319,46.3675771056975,0.501551757952832,0.836866793908341,1.96201707373724,18.3522572670234,39.3010392309159,11.6038549799877,-0.335313248313358,"model average","Bacteria","Pseudomonadota","Gammaproteobacteria","Enterobacterales","Enterobacteriaceae","Pantoea","Pantoea sp900115075",15,"Sierras","ME","rate"
195,10,0.832856641205366,29.6799138308958,13.9393441360435,44.9125692789623,0.719461267841677,1.09352498384552,2.58754239303028,15.2326554480665,30.9732251429188,8.49383087161632,-0.374063716003842,"model average","Bacteria","Pseudomonadota","Gammaproteobacteria","Enterobacterales","Enterobacteriaceae","Enterobacter","Enterobacter cancerogenus",15,"Sierras","ME","rate"
195,100,0.675911458784257,30.5176003502571,8.85165544512136,45.9704753252774,0.625685165644611,0.967054460076731,2.28829218600586,15.4528749750203,37.118819880156,11.1632560652954,-0.341369294432119,"model average","Bacteria","Pseudomonadota","Gammaproteobacteria","Enterobacterales","Enterobacteriaceae","Enterobacter","Enterobacter cancerogenus",15,"Sierras","ME","rate"
196,10,0.802559831635282,29.7839041393629,13.0513351149099,45.2833702248004,0.624761703975356,1.11804612102959,2.28421749022261,15.4994660854375,32.2320351098904,8.8294477227336,-0.493284417054234,"model average","Bacteria","Pseudomonadota","Gammaproteobacteria","Enterobacterales","Enterobacteriaceae","Enterobacter","Enterobacter cancerogenus",15,"Sierras","ME","rate"
196,100,0.642898475973438,29.0070555018022,10.7004001503138,46.0827789822489,0.654949384848176,0.987435420998508,2.38041082203045,17.0757234804467,35.3823788319351,10.1861944874712,-0.332486036150332,"model average","Bacteria","Pseudomonadota","Gammaproteobacteria","Enterobacterales","Enterobacteriaceae","Enterobacter","Enterobacter cancerogenus",15,"Sierras","ME","rate"
214,10,0.603239799071325,23.552156879727,8.64113139078575,38.4790822036457,0.149725003215489,0.000262178155740313,1.22606580592031,14.9269253239187,29.8393357032039,8.19016990242205,0,"model average","Bacteria","Pseudomonadota","Gammaproteobacteria","Pseudomonadales","Pseudomonadaceae","Pseudomonas_E","Pseudomonas_E sp012935755",25,"Sierras","S","rate"
214,100,0.782402580649605,23.1351340346946,7.09416265012369,39.1968293415661,0.140488437008037,1.41448187664256,1.18037058766161e-05,16.0616953068715,32.1040622223282,8.76885099808898,-1.27365605658116,"model average","Bacteria","Pseudomonadota","Gammaproteobacteria","Pseudomonadales","Pseudomonadaceae","Pseudomonas_E","Pseudomonas_E sp012935755",25,"Sierras","S","rate"
228,10,0.645036273886895,24.435319063719,11.7633071376458,37.1104531636587,0.812841189979618,6.3682231903693e-05,3.00946064880214,12.6751340999398,25.3477885866023,6.96793607243091,0,"model average","Bacteria","Pseudomonadota","Gammaproteobacteria","Pseudomonadales","Pseudomonadaceae","Pseudomonas_E","",25,"Sierras","V","rate"
228,100,0.660187563743816,26.5488793611173,18.2122269122604,34.8846248650375,1.02356361206263,3.85249876284296e-05,3.96738350622199,8.33574550392014,16.6723313972002,4.63178552042516,-2.20973743310519e-05,"model average","Bacteria","Pseudomonadota","Gammaproteobacteria","Pseudomonadales","Pseudomonadaceae","Pseudomonas_E","",25,"Sierras","V","rate"
231,10,0.875207600038074,29.2495623748915,14.363438161626,43.8591703176813,0.641425849057943,1.27406476930427,2.33705627468629,14.6096079427898,29.5040173367506,8.10521459903622,-0.63263892024632,"model average","Bacteria","Pseudomonadota","Gammaproteobacteria","Enterobacterales","Enterobacteriaceae","Pantoea","Pantoea agglomerans",25,"Sierras","Y","rate"
231,100,0.752892280252403,28.1801129138731,11.5839649812975,44.6499929150268,0.640529912261164,1.15918797874336,2.33680487006155,16.4698800011537,33.0886230436286,9.1066517898913,-0.518653446588741,"model average","Bacteria","Pseudomonadota","Gammaproteobacteria","Enterobacterales","Enterobacteriaceae","Pantoea","Pantoea agglomerans",25,"Sierras","Y","rate"
240,10,0.533795771009897,26.0508076114223,12.915404061327,39.1867173640676,0.99610503001653,1.64624302753947,3.80162735166091,13.1359097526453,26.271047467788,7.17403386017272,-0.65013644231616,"model average","Bacteria","Pseudomonadota","Gammaproteobacteria","Enterobacterales","Enterobacteriaceae","Erwinia","Erwinia billingiae",25,"Sierras","Y","rate"
240,100,0.503639554723494,24.2976434439734,8.2180865625965,40.3696379625742,0.410301077870871,1.14013069629794,1.74048429545303,16.0719945186008,32.1508420674981,8.79957863144769,-0.729334511546792,"model average","Bacteria","Pseudomonadota","Gammaproteobacteria","Enterobacterales","Enterobacteriaceae","Erwinia","Erwinia billingiae",25,"Sierras","Y","rate"
245,10,0.865562135182265,29.3732472402073,13.5325165289866,45.0705671962188,0.762224191223913,1.0675865834184,2.73143184414135,15.6973199560116,31.5380506672322,8.64231668314495,-0.305362392194483,"model average","Bacteria","Pseudomonadota","Gammaproteobacteria","Enterobacterales","Enterobacteriaceae","Enterobacter","Enterobacter cancerogenus",25,"Sierras","ME","rate"
245,100,0.564890815460878,29.6698746755011,7.29429650720751,45.9035389955073,0.513058855369881,0.990782494426896,1.97434254607104,16.2336643200062,38.6092424882998,11.5963441956433,-0.477723639057016,"model average","Bacteria","Pseudomonadota","Gammaproteobacteria","Enterobacterales","Enterobacteriaceae","Enterobacter","Enterobacter cancerogenus",25,"Sierras","ME","rate"
264,10,0.841813138300849,29.8173969664128,14.1706636676523,44.9551139251617,0.811398846042009,1.06793416031827,2.91747118381093,15.137716958749,30.7844502575095,8.507005092906,-0.256535314276257,"model average","Bacteria","Pseudomonadota","Gammaproteobacteria","Enterobacterales","Enterobacteriaceae","Mixta","",35,"Sierras","S","rate"
264,100,0.516021961658078,30.6927979176184,0.101966879596232,44.1115479083956,0.387744984307269,1.31701344542805,1.66636157725931,13.4187499907772,44.0095810287994,12.9593662985808,-0.92926846112078,"model average","Bacteria","Pseudomonadota","Gammaproteobacteria","Enterobacterales","Enterobacteriaceae","Mixta","",35,"Sierras","S","rate"
265,10,0.779277517234941,29.3636302371256,13.7006443757261,44.6150073840199,0.680302744711077,1.15550880892529,2.46264807205893,15.2513771468944,30.9143630082938,8.49729961861419,-0.475206064214207,"model average","Bacteria","Pseudomonadota","Gammaproteobacteria","Enterobacterales","Enterobacteriaceae","Mixta","",35,"Sierras","S","rate"
265,100,0.560287967722028,25.5235209619431,4.53991000767248,46.2412097617842,0.545077798614588,0.782726924562318,2.07972629628051,20.7176887998411,41.7532444146526,11.5757339115696,-0.237643874747902,"model average","Bacteria","Pseudomonadota","Gammaproteobacteria","Enterobacterales","Enterobacteriaceae","Mixta","",35,"Sierras","S","rate"
280,10,0.0728556861747084,39.4593035176981,22.1585336032422,42.901958599788,0,0,0,3.4426550820899,20.7434249965458,5.69438133518784,0,"model average","Bacteria","Pseudomonadota","Gammaproteobacteria","Enterobacterales","Enterobacteriaceae","Pantoea","Pantoea sp900115075",35,"Sierras","V","rate"
280,100,0.109836550506477,37.3239940971895,14.7862901730645,42.833396935209,0,0,3.89611587574447,5.50940283801947,28.0471067621446,7.77078339247169,0,"model average","Bacteria","Pseudomonadota","Gammaproteobacteria","Enterobacterales","Enterobacteriaceae","Pantoea","Pantoea sp900115075",35,"Sierras","V","rate"
283,10,0.520659639762928,26.3408239393733,6.67068695462334,45.2353384813865,0.31143820133512,1.08553568846257,1.52149910915841,18.8945145420133,38.7047136613037,11.0375795689588,-0.774263747328431,"model average","Bacteria","Pseudomonadota","Gammaproteobacteria","Pseudomonadales","Pseudomonadaceae","Pseudomonas_E","Pseudomonas_E fluorescens_AO",35,"Sierras","Y","rate"
283,100,0.526373753614493,29.5412221323832,-7.43654677631221,44.7742488560351,0.142827124297664,0.972443329666125,1.21113239131399,15.233026723652,54.2310422417901,16.089924071237,-0.82961620536846,"model average","Bacteria","Pseudomonadota","Gammaproteobacteria","Pseudomonadales","Pseudomonadaceae","Pseudomonas_E","Pseudomonas_E fluorescens_AO",35,"Sierras","Y","rate"
291,10,0.500072902139025,27.7377245455395,11.9184199179828,43.5075507848141,0.893636990625457,1.07723515465707,3.334985263952,15.7698262392746,31.5950376241012,8.72128000233009,-0.183587441905247,"model average","Bacteria","Pseudomonadota","Gammaproteobacteria","Enterobacterales","Enterobacteriaceae","Erwinia","Erwinia sp003937915",35,"Sierras","ME","rate"
291,100,0.482308412496188,26.1256855070939,10.6789889013711,41.5741872995071,1.07147761776626,1.06044694574159,4.18269050010132,15.4485017924132,30.8951983274596,8.44751745871121,0.0110306720246727,"model average","Bacteria","Pseudomonadota","Gammaproteobacteria","Enterobacterales","Enterobacteriaceae","Erwinia","Erwinia sp003937915",35,"Sierras","ME","rate"
294,10,0.798690739823428,29.805659545959,5.24415561942551,46.0463592109029,0.539658144110592,1.15336442631749,2.04484180631161,16.2406996649439,40.8022035914774,10.8276113279389,-0.613706282206893,"model average","Bacteria","Pseudomonadota","Gammaproteobacteria","Enterobacterales","Enterobacteriaceae","Pantoea","Pantoea sp900115075",35,"Sierras","ME","rate"
294,100,0.632206420577609,29.6438939478588,-6.82806278528486,45.662025436297,0.121004530588446,1.26682784798095,1.17821864204376,16.0181314884382,54.129935864419,15.9146634167408,-1.1458233173925,"model average","Bacteria","Pseudomonadota","Gammaproteobacteria","Enterobacterales","Enterobacteriaceae","Pantoea","Pantoea sp900115075",35,"Sierras","ME","rate"
296,10,0.114225647664187,39.3705599555349,4.21536232902312,42.9915212699938,0.1222674211892,0,0.455782934010073,3.22711817847081,38.7761589409707,7.1515537547993,0,"model average","Bacteria","Pseudomonadota","Gammaproteobacteria","Pseudomonadales","Moraxellaceae","Acinetobacter","Acinetobacter calcoaceticus_C",35,"Sierras","ME","rate"
296,100,0.107996143348998,39.7075845214385,18.2313062311141,42.9200125563358,0.217220420616256,0,0.725836990100333,3.21242803489728,24.6887063252216,5.70063439497071,0,"model average","Bacteria","Pseudomonadota","Gammaproteobacteria","Pseudomonadales","Moraxellaceae","Acinetobacter","Acinetobacter calcoaceticus_C",35,"Sierras","ME","rate"
350,10,0.4449678366647,28.6975547294991,8.05648895987267,46.5371973751621,0.413073569275468,1.14539341124683,1.71750387433515,17.839642645663,38.4807084152895,10.8562321915822,-0.732319841971357,"model average","Bacteria","Pseudomonadota","Gammaproteobacteria","Pseudomonadales","Pseudomonadaceae","Pseudomonas_E","Pseudomonas_E alvandae",25,"Socal","EC","rate"
350,100,0.400758936691827,27.2968364652602,4.78136291088889,47.4674195178189,0.397948797870422,0.714962729734507,1.71419995602113,20.1705830525588,43.3664925737882,12.8612428716741,-0.316879753073996,"model average","Bacteria","Pseudomonadota","Gammaproteobacteria","Pseudomonadales","Pseudomonadaceae","Pseudomonas_E","Pseudomonas_E alvandae",25,"Socal","EC","rate"
30,10,0.0874138671997083,23.650472618955,-1.14818339950718,42.1117635767364,-0.114914463081238,0.609290489668657,0.849612638701909,18.4612909577814,43.2610087059825,16.4526265045501,-0.723629218130933,"model average","Bacteria","Pseudomonadota","Gammaproteobacteria","Enterobacterales","Enterobacteriaceae","Pantoea","Pantoea agglomerans",15,"Bay","QR","od"
30,100,0.270648982930626,28.9290154290554,-6.01785464449054,42.1623658279841,0.195968722929915,1.15191260770451,1.29908406274708,13.2333503989287,48.2920916803773,15.8360703646708,-0.955943884774592,"model average","Bacteria","Pseudomonadota","Gammaproteobacteria","Enterobacterales","Enterobacteriaceae","Pantoea","Pantoea agglomerans",15,"Bay","QR","od"
59,10,0.0887481529045082,17.8676326429924,-13.5800892728256,40.7206540702588,0,0.504607222267382,0,22.8530214272664,54.2836562269024,12.6978340572368,0,"model average","Bacteria","Pseudomonadota","Gammaproteobacteria","Enterobacterales","Enterobacteriaceae","Serratia_J","Serratia_J quinivorans",15,"Bay","P","od"
59,100,0.333859311819905,25.9027415522642,6.741251621574,41.7161167019879,0.370951606324311,0.932737989392175,1.64733542341941,15.8133751497237,34.9744222927956,13.373138237768,-0.56178434031851,"model average","Bacteria","Pseudomonadota","Gammaproteobacteria","Enterobacterales","Enterobacteriaceae","Serratia_J","Serratia_J quinivorans",15,"Bay","P","od"
62,10,0.101212352232289,24.9300874303488,-6.30384178529662,43.9744757735588,0.0583298560621029,0.671182110623607,1.0877936826523,19.04438834321,52.5309028265589,17.6440533995246,-0.612838269394735,"model average","Bacteria","Pseudomonadota","Gammaproteobacteria","Enterobacterales","Enterobacteriaceae","Enterobacter","Enterobacter mori",25,"Bay","J","od"
62,100,0.296845747202256,28.1430474637378,-2.3731779046636,45.401476591011,0.301646752268888,0.816726300078561,1.5015077555074,17.2584291272733,47.8563570422254,14.3865981511119,-0.515079547809673,"model average","Bacteria","Pseudomonadota","Gammaproteobacteria","Enterobacterales","Enterobacteriaceae","Enterobacter","Enterobacter mori",25,"Bay","J","od"
92,10,0.0971154435496613,20.3608727298292,0,43.1469049873463,0,0.389002539711338,0,22.7860322575172,45.571,17.5516298909419,0,"model average","Bacteria","Pseudomonadota","Gammaproteobacteria","Enterobacterales","Enterobacteriaceae","UBA7405","UBA7405 sp002469605",25,"Bay","M","od"
92,100,0.386491171866855,27.4478789654361,1.33881664589657,42.6704756035057,0.345337624263452,0.669827573798786,1.58549344329936,15.2225966380696,43.4390117523158,16.175254910431,-0.32426722678958,"model average","Bacteria","Pseudomonadota","Gammaproteobacteria","Enterobacterales","Enterobacteriaceae","UBA7405","UBA7405 sp002469605",25,"Bay","M","od"
93,10,0.107505990038988,20.5613152846735,5.875,42.6293775102652,0,0.74975921428833,0,22.0680622255918,37.125,12.0906344541904,0,"model average","Bacteria","Pseudomonadota","Gammaproteobacteria","Enterobacterales","Enterobacteriaceae","Scandinavium","",25,"Bay","B","od"
93,100,0.279587304717618,21.4031097001293,-2.50163174931483,40.7820806804316,0,0.656338106829784,0,19.3789709803024,43.2937599627006,13.9548717948357,0,"model average","Bacteria","Pseudomonadota","Gammaproteobacteria","Enterobacterales","Enterobacteriaceae","Scandinavium","",25,"Bay","B","od"
100,10,0.0925648728848702,17.7117373191604,0,43.3208257955979,0,0.321759490736982,0,25.6090884764376,46.067,17.2904315916514,0,"model average","Bacteria","Pseudomonadota","Gammaproteobacteria","Enterobacterales","Enterobacteriaceae","UBA7405","UBA7405 sp002469605",25,"Bay","B","od"
100,100,0.338250803789296,28.5409746853677,2.42504565061486,42.5604137988969,0.19476770221462,0.888921290050239,1.29189115415322,14.0194391135293,40.1519444570432,15.9217013237619,-0.694066874459241,"model average","Bacteria","Pseudomonadota","Gammaproteobacteria","Enterobacterales","Enterobacteriaceae","UBA7405","UBA7405 sp002469605",25,"Bay","B","od"
102,10,0.0906296011841938,16.9301183987844,0,43.1822338114321,0,0.298242411765655,0,26.2521154126477,46.128,17.9385092766424,0,"model average","Bacteria","Pseudomonadota","Gammaproteobacteria","Enterobacterales","Enterobacteriaceae","UBA7405","UBA7405 sp002469605",25,"Bay","B","od"
102,100,0.351766343586521,28.0938441183871,1.56583452924454,42.4848906039455,0.218660285400326,0.81663969033083,1.33805308969639,14.3910464855584,40.9281657276381,16.177640848469,-0.597806313807899,"model average","Bacteria","Pseudomonadota","Gammaproteobacteria","Enterobacterales","Enterobacteriaceae","UBA7405","UBA7405 sp002469605",25,"Bay","B","od"
103,10,0.0980468489089577,22.1277675591581,-6.34783506283442,47.1601720888996,-0.00404210717532973,0.460800794830444,0.0473613847258048,25.0324045297415,55.0658824143524,15.8393590870512,-0.0332311406711541,"model average","Bacteria","Pseudomonadota","Gammaproteobacteria","Enterobacterales","Enterobacteriaceae","Buttiauxella","Buttiauxella davisae_A",25,"Bay","P","od"
103,100,0.407568282754827,26.8175350994306,3.46987824960833,46.3542870893682,0.374644995328179,0.746807515112492,1.65521499542996,19.5367519899377,43.5338667299805,13.6982228344931,-0.372162519784314,"model average","Bacteria","Pseudomonadota","Gammaproteobacteria","Enterobacterales","Enterobacteriaceae","Buttiauxella","Buttiauxella davisae_A",25,"Bay","P","od"
118,10,0.0756103272102227,23.3684044956127,-12.7492305257917,42.3753781803011,-0.0106479172050221,0.459904337867348,0.200082861502968,19.0069736846884,55.0351757908649,17.0832748319889,-0.145917634004523,"model average","Bacteria","Pseudomonadota","Gammaproteobacteria","Enterobacterales","Enterobacteriaceae","Pantoea","Pantoea agglomerans",35,"Bay","QR","od"
118,100,0.268861344469918,24.9751669169525,5.14283919643214,41.4513924168214,0.266250727811175,0.76445995041502,1.42989343079521,16.4762254998689,36.3066409435519,13.8321580661308,-0.4981819603758,"model average","Bacteria","Pseudomonadota","Gammaproteobacteria","Enterobacterales","Enterobacteriaceae","Pantoea","Pantoea agglomerans",35,"Bay","QR","od"
128,10,0.126751175525437,20.7381744609619,-1.16365635890162,43.0196640926229,0,0.775906396408231,0,22.281489631661,44.1293055481145,12.022322876905,0,"model average","Bacteria","Pseudomonadota","Gammaproteobacteria","Enterobacterales","Enterobacteriaceae","Lelliottia","Lelliottia amnigena",35,"Bay","B","od"
128,100,0.35828128954192,25.6639907630517,6.29839870359471,44.7119269969307,0.38845503919297,0.99789971568286,1.6865269906046,19.047936233879,38.4503421965828,11.0222877183219,-0.60943746934877,"model average","Bacteria","Pseudomonadota","Gammaproteobacteria","Enterobacterales","Enterobacteriaceae","Lelliottia","Lelliottia amnigena",35,"Bay","B","od"
140,10,0.0823047479145691,17.0255541642574,0,41.0167794337212,0,0.497270239062689,0,23.9912252694638,40.404,11.1261266643178,0,"model average","Bacteria","Pseudomonadota","Gammaproteobacteria","Enterobacterales","Enterobacteriaceae","Serratia_J","Serratia_J proteamaculans_D",35,"Bay","P","od"
140,100,0.323301818948137,25.168506025912,8.02725171694962,41.2654591440269,0.357860907764102,1.03376330802755,1.61703220375011,16.0969531181149,33.2380826753487,12.7405182825627,-0.675889105441492,"model average","Bacteria","Pseudomonadota","Gammaproteobacteria","Enterobacterales","Enterobacteriaceae","Serratia_J","Serratia_J proteamaculans_D",35,"Bay","P","od"
171,10,0.112717885165422,19.8802782603314,-14.2068544341146,42.546068304727,0,0.519317120236002,0,22.6657900443956,56.7410561386773,15.743533807293,0,"model average","Bacteria","Pseudomonadota","Gammaproteobacteria","Enterobacterales","Aeromonadaceae","Aeromonas","Aeromonas rivipollensis",15,"Sierras","V","od"
171,100,0.470102883462001,26.9557903853094,8.65920731743246,42.9431536082343,0.550981958333317,0.826141114988893,2.09765327401798,15.9873632229249,34.4328432044722,12.9615404267296,-0.275157223594933,"model average","Bacteria","Pseudomonadota","Gammaproteobacteria","Enterobacterales","Aeromonadaceae","Aeromonas","Aeromonas rivipollensis",15,"Sierras","V","od"
172,10,0.0599696235765096,21.6367387257434,9.73509745840631,36.3650468499967,0,1.13051340451947,0,14.7283081242533,26.6299051832052,7.6267055745762,0,"model average","Bacteria","Pseudomonadota","Gammaproteobacteria","Enterobacterales","Shewanellaceae","Shewanella","Shewanella sp002966515",15,"Sierras","V","od"
172,100,0.107166200506676,21.083899967906,11.8113590423842,34.362067346404,0,1.41755682063677,0,13.278167378498,22.5507026680256,6.79701455932826,0,"model average","Bacteria","Pseudomonadota","Gammaproteobacteria","Enterobacterales","Shewanellaceae","Shewanella","Shewanella sp002966515",15,"Sierras","V","od"
191,10,0.0756982822241476,27.5755403633381,0.982077317928314,42.5191498798005,-0.0838697487366814,0.641189769032688,0.891083334820936,14.9436095164623,44.8964618624859,20.4824349533418,-0.725059517769369,"model average","Bacteria","Pseudomonadota","Gammaproteobacteria","Enterobacterales","Enterobacteriaceae","Pantoea","Pantoea sp900115075",15,"Sierras","ME","od"
191,100,0.267830259456312,18.768335299268,-11.2071396759621,41.9907760652676,-0.00119421551340425,0.405346215056588,0.435387701454168,23.2224407659997,53.2954998314586,18.0452549785698,-0.252621648501861,"model average","Bacteria","Pseudomonadota","Gammaproteobacteria","Enterobacterales","Enterobacteriaceae","Pantoea","Pantoea sp900115075",15,"Sierras","ME","od"
195,10,0.0895965651686742,28.5778288198449,-0.11175137421257,42.7984183789281,-0.00203912265211989,0.731277995288664,0.975364333304764,14.2205895590832,43.0944396186959,20.2906100800139,-0.729829055421475,"model average","Bacteria","Pseudomonadota","Gammaproteobacteria","Enterobacterales","Enterobacteriaceae","Enterobacter","Enterobacter cancerogenus",15,"Sierras","ME","od"
195,100,0.334182137954165,28.0180104739929,-14.2448904184283,42.589443985925,0.110852977778466,0.77295514943509,1.15614061441816,14.571433511932,56.8334574765662,17.9735655596283,-0.661678253000722,"model average","Bacteria","Pseudomonadota","Gammaproteobacteria","Enterobacterales","Enterobacteriaceae","Enterobacter","Enterobacter cancerogenus",15,"Sierras","ME","od"
196,10,0.0869297777556059,26.7549171068569,-1.17552019604201,42.6393348682143,0.0136827521225586,0.666423537174984,1.01672954944581,15.8844177613574,46.6128337138017,19.5851707171497,-0.652740785052426,"model average","Bacteria","Pseudomonadota","Gammaproteobacteria","Enterobacterales","Enterobacteriaceae","Enterobacter","Enterobacter cancerogenus",15,"Sierras","ME","od"
196,100,0.368028347782561,26.6614699000956,-0.407996351700522,42.4921720384288,0.182193629269661,0.827244782250329,1.27608982903559,15.8307021383332,42.909053721791,16.6812817958528,-0.645018318816067,"model average","Bacteria","Pseudomonadota","Gammaproteobacteria","Enterobacterales","Enterobacteriaceae","Enterobacter","Enterobacter cancerogenus",15,"Sierras","ME","od"
214,10,0.100900102197103,20.8024172724925,2.27626742844264,40.256084832841,0,0.838558176591889,0,19.4536675603485,37.9559988778843,10.5332586382969,0,"model average","Bacteria","Pseudomonadota","Gammaproteobacteria","Pseudomonadales","Pseudomonadaceae","Pseudomonas_E","Pseudomonas_E sp012935755",25,"Sierras","S","od"
214,100,0.289113867600316,21.0901602488706,2.90664793556894,39.4730525808571,-6.00644095400851e-06,0.994600491331539,0.000300036026342178,18.3828923319866,36.5698333586531,9.99902937999097,-0.000422329785614623,"model average","Bacteria","Pseudomonadota","Gammaproteobacteria","Pseudomonadales","Pseudomonadaceae","Pseudomonas_E","Pseudomonas_E sp012935755",25,"Sierras","S","od"
228,10,0.0986632902440338,17.9884667653914,7.042,39.8514512853562,0,0.641562583750384,0,21.8629845199648,31.499,9.93938611597998,0,"model average","Bacteria","Pseudomonadota","Gammaproteobacteria","Pseudomonadales","Pseudomonadaceae","Pseudomonas_E","",25,"Sierras","V","od"
228,100,0.235105193464971,21.9665234837584,14.0988917326936,37.0640091491224,0,1.15552958649501,0,15.097485665364,22.9631013566272,8.02346712979536,0,"model average","Bacteria","Pseudomonadota","Gammaproteobacteria","Pseudomonadales","Pseudomonadaceae","Pseudomonas_E","",25,"Sierras","V","od"
231,10,0.0875399406652535,23.6089029122073,0,41.9937449329442,-0.157618239085131,0.560484107256731,0.792441475792998,18.3848420207368,41.923,17.3838471473932,-0.714879581429271,"model average","Bacteria","Pseudomonadota","Gammaproteobacteria","Enterobacterales","Enterobacteriaceae","Pantoea","Pantoea agglomerans",25,"Sierras","Y","od"
231,100,0.294041715781361,26.6965115539703,-2.55650263309376,41.8428621425859,0.0798259553821598,0.872077418345007,1.11058124698503,15.1463505886156,44.4494991707005,18.1573290312174,-0.791997060636162,"model average","Bacteria","Pseudomonadota","Gammaproteobacteria","Enterobacterales","Enterobacteriaceae","Pantoea","Pantoea agglomerans",25,"Sierras","Y","od"
240,10,0.0796998952416238,21.6667354361886,1.25755029757575,42.4506487579813,0,0.698706294681764,0,20.7839133217926,41.1971260477752,11.337495110891,0,"model average","Bacteria","Pseudomonadota","Gammaproteobacteria","Enterobacterales","Enterobacteriaceae","Erwinia","Erwinia billingiae",25,"Sierras","Y","od"
240,100,0.26536297098225,22.7254314844047,5.76611050360154,39.8039232980466,0,0.852374393164826,0,17.0784918136419,34.0370921539218,9.35100781407441,0,"model average","Bacteria","Pseudomonadota","Gammaproteobacteria","Enterobacterales","Enterobacteriaceae","Erwinia","Erwinia billingiae",25,"Sierras","Y","od"
245,10,0.0977239327020086,25.4466997226962,-4.07184297337902,44.5277370573984,0.0496456630238406,0.674517244347279,1.06779989291558,19.0810373347023,50.5472358735862,17.9706888846843,-0.624871581323438,"model average","Bacteria","Pseudomonadota","Gammaproteobacteria","Enterobacterales","Enterobacteriaceae","Enterobacter","Enterobacter cancerogenus",25,"Sierras","ME","od"
245,100,0.406900786315069,27.0006642160448,3.60706515348224,45.4133017024603,0.376202106579605,0.773368730842583,1.66266191802449,18.4126374864154,42.7320232191019,13.8326525858872,-0.397156362813554,"model average","Bacteria","Pseudomonadota","Gammaproteobacteria","Enterobacterales","Enterobacteriaceae","Enterobacter","Enterobacter cancerogenus",25,"Sierras","ME","od"
264,10,0.0997540219539879,26.8427389446802,-0.595738851646053,45.973583485106,0.0945920855037294,0.79994301888108,1.13389560554378,19.1308445404258,48.1407125355871,16.5846750020132,-0.705168411756372,"model average","Bacteria","Pseudomonadota","Gammaproteobacteria","Enterobacterales","Enterobacteriaceae","Mixta","",35,"Sierras","S","od"
264,100,0.402234862543363,27.7184557743423,6.38395611616652,45.3609513136193,0.481486014851916,0.790726677997588,1.91640302437131,17.642495539277,39.6959880359923,12.7027741266901,-0.309235376384363,"model average","Bacteria","Pseudomonadota","Gammaproteobacteria","Enterobacterales","Enterobacteriaceae","Mixta","",35,"Sierras","S","od"
265,10,0.0776453057752513,17.0525161967133,-0.602148829624981,43.2342870595413,-0.00369930916758754,0.299687389946621,0.0279833361816865,26.1817708628279,46.7141012825003,17.2619913715351,-0.0163933015547476,"model average","Bacteria","Pseudomonadota","Gammaproteobacteria","Enterobacterales","Enterobacteriaceae","Mixta","",35,"Sierras","S","od"
265,100,0.305931583435079,24.5837134474189,-4.60357458635436,41.9924887130949,0.145147264272565,0.658783473576859,1.21660669878276,17.4087752656761,46.5888650439612,16.4313048245988,-0.513634266855608,"model average","Bacteria","Pseudomonadota","Gammaproteobacteria","Enterobacterales","Enterobacteriaceae","Mixta","",35,"Sierras","S","od"
280,10,0.0115834789528197,18.3461868858708,11.045,42.9997090950915,-0.150314379366307,1.8724998411617,0.0455997974811454,24.6535222092207,31.948,4.59940456342002,-1.41110379478588,"model average","Bacteria","Pseudomonadota","Gammaproteobacteria","Enterobacterales","Enterobacteriaceae","Pantoea","Pantoea sp900115075",35,"Sierras","V","od"
280,100,0.0203343228128702,17.2807723720171,-18.8973595206907,45.1344129052393,0,0.195612301929417,0,27.8536405332223,74.9258340079442,9.97225288241789,0,"model average","Bacteria","Pseudomonadota","Gammaproteobacteria","Enterobacterales","Enterobacteriaceae","Pantoea","Pantoea sp900115075",35,"Sierras","V","od"
283,10,0.0841187889555293,25.2998318468586,-1.77988987154683,41.93438832553,-0.00835921393208311,0.825209386306873,0.985811400222932,16.6345564786714,43.7617306147718,17.862294989851,-0.833568600238956,"model average","Bacteria","Pseudomonadota","Gammaproteobacteria","Pseudomonadales","Pseudomonadaceae","Pseudomonas_E","Pseudomonas_E fluorescens_AO",35,"Sierras","Y","od"
283,100,0.203852645258277,27.0469389545061,0.84137558161262,42.1622183951628,0.104819249520536,0.939413739886035,1.15118867838099,15.1152794406566,41.3682589943351,17.4769981487459,-0.834403418187835,"model average","Bacteria","Pseudomonadota","Gammaproteobacteria","Pseudomonadales","Pseudomonadaceae","Pseudomonas_E","Pseudomonas_E fluorescens_AO",35,"Sierras","Y","od"
291,10,0.0571757444672342,17.6383760677466,-12.6558147293025,44.0268333370998,0,0.5223186457192,0,26.3884572693532,56.8553147304298,13.4924840135554,0,"model average","Bacteria","Pseudomonadota","Gammaproteobacteria","Enterobacterales","Enterobacteriaceae","Erwinia","Erwinia sp003937915",35,"Sierras","ME","od"
291,100,0.189231984110513,25.5849595261329,3.24866780283071,41.5541846076847,0.17377978368532,0.965563227336568,1.2625514981213,15.9692250815518,38.310865428563,15.628757799114,-0.79164637652401,"model average","Bacteria","Pseudomonadota","Gammaproteobacteria","Enterobacterales","Enterobacteriaceae","Erwinia","Erwinia sp003937915",35,"Sierras","ME","od"
294,10,0.0695909406561788,23.4744585166826,0,42.7352126463219,-0.0201963597889497,0.417903774853709,0.461203339216829,19.2607541296393,43.385,18.8165366579247,-0.262384826433834,"model average","Bacteria","Pseudomonadota","Gammaproteobacteria","Enterobacterales","Enterobacteriaceae","Pantoea","Pantoea sp900115075",35,"Sierras","ME","od"
294,100,0.243625438872098,25.5982009783722,-8.53605867374186,42.390135155565,0.0668091531879727,0.662859038911565,1.08191175871495,16.7919341771928,54.2102413984189,18.3700315029374,-0.593792503099339,"model average","Bacteria","Pseudomonadota","Gammaproteobacteria","Enterobacterales","Enterobacteriaceae","Pantoea","Pantoea sp900115075",35,"Sierras","ME","od"
296,10,0.0196581175850906,31.1471863072223,0,42.9126724279193,-0.479067773713149,0.0493321524087218,0,11.765486120697,43,21.8687428086623,0,"model average","Bacteria","Pseudomonadota","Gammaproteobacteria","Pseudomonadales","Moraxellaceae","Acinetobacter","Acinetobacter calcoaceticus_C",35,"Sierras","ME","od"
296,100,0.0396926851872922,17.2359437949488,14.583,31.1623783311136,0,1.01496354359591,0,13.7426074643823,13.638,4.05137384555958,0,"model average","Bacteria","Pseudomonadota","Gammaproteobacteria","Pseudomonadales","Moraxellaceae","Acinetobacter","Acinetobacter calcoaceticus_C",35,"Sierras","ME","od"
350,10,0.046505434303435,26.6999648993801,0,43.2108384394694,-0.154314666380095,0.638472415125099,0.805880735374622,16.5108735400894,44.012,20.2184318484664,-0.792787081505194,"model average","Bacteria","Pseudomonadota","Gammaproteobacteria","Pseudomonadales","Pseudomonadaceae","Pseudomonas_E","Pseudomonas_E alvandae",25,"Socal","EC","od"
350,100,0.115524947989188,21.4652199858013,-0.885734015789279,44.339584892809,0,0.5645682411829,0,22.8743649070077,45.5514913948436,14.9111027708025,0,"model average","Bacteria","Pseudomonadota","Gammaproteobacteria","Pseudomonadales","Pseudomonadaceae","Pseudomonas_E","Pseudomonas_E alvandae",25,"Socal","EC","od"
30,10,1.22700180447823,25.7123218515527,2.64974935055616,45.8508288903236,0.203422216867392,1.01412595270665,0,20.1385070387709,43.4756236650118,13.1594516356423,-0.810703735839253,"model average","Bacteria","Pseudomonadota","Gammaproteobacteria","Enterobacterales","Enterobacteriaceae","Pantoea","Pantoea agglomerans",15,"Bay","QR","auc"
30,100,3.68077391748582,27.6536688351671,6.62488203104344,46.7011651025171,0.4984469646884,0.806023752385016,0,19.04749626735,40.2042002152287,11.1608348185685,-0.307576787696617,"model average","Bacteria","Pseudomonadota","Gammaproteobacteria","Enterobacterales","Enterobacteriaceae","Pantoea","Pantoea agglomerans",15,"Bay","QR","auc"
59,10,1.21731410366193,21.7127226066879,1.24366072719711,42.9513994562977,0,0.637316547462479,0,21.2386768496098,41.7063071254483,11.7375381677851,0,"model average","Bacteria","Pseudomonadota","Gammaproteobacteria","Enterobacterales","Enterobacteriaceae","Serratia_J","Serratia_J quinivorans",15,"Bay","P","auc"
59,100,4.53248667808165,26.0593445335477,8.13773625966497,43.9791269607674,0.558349871110038,1.0993601047195,0,17.9197824272197,35.8419181981849,9.7848703339139,-0.541010097160147,"model average","Bacteria","Pseudomonadota","Gammaproteobacteria","Enterobacterales","Enterobacteriaceae","Serratia_J","Serratia_J quinivorans",15,"Bay","P","auc"
62,10,1.70448123346793,26.9045477849807,7.43057822200514,45.5769092796094,0.555169584733051,0.827679051926702,2.09953926771504,18.6723614946287,38.1555424763901,11.5557654949738,-0.272509467193651,"model average","Bacteria","Pseudomonadota","Gammaproteobacteria","Enterobacterales","Enterobacteriaceae","Enterobacter","Enterobacter mori",25,"Bay","J","auc"
62,100,5.15618251376496,28.7652312931758,9.18337227490404,46.3381428511506,0.525343399638211,0.950548403479502,0,17.5729115579749,37.1582988668407,11.0038111855149,-0.425205003841291,"model average","Bacteria","Pseudomonadota","Gammaproteobacteria","Enterobacterales","Enterobacteriaceae","Enterobacter","Enterobacter mori",25,"Bay","J","auc"
92,10,1.46347930699634,26.8542857844568,0.116767122177673,47.4588996251483,0.267325537741063,0.758829074099065,0,20.6046138406914,47.8740480041881,14.5023096602821,-0.491503536358002,"model average","Bacteria","Pseudomonadota","Gammaproteobacteria","Enterobacterales","Enterobacteriaceae","UBA7405","UBA7405 sp002469605",25,"Bay","M","auc"
92,100,6.19383905406942,28.8855424466497,8.01852193157028,46.1394200664589,0.499028967691419,0.921335976694781,0,17.2538776198091,38.1273187322019,11.6239449494585,-0.422307009003361,"model average","Bacteria","Pseudomonadota","Gammaproteobacteria","Enterobacterales","Enterobacteriaceae","UBA7405","UBA7405 sp002469605",25,"Bay","M","auc"
93,10,1.67090544966758,22.4995635950483,3.74061757706172,41.3102008819216,0.00014531218520139,0.884450934548501,0,18.8106372868734,37.578129524075,10.3141107887706,-0.00107171980267889,"model average","Bacteria","Pseudomonadota","Gammaproteobacteria","Enterobacterales","Enterobacteriaceae","Scandinavium","",25,"Bay","B","auc"
93,100,4.30693368359428,23.5823781624353,3.44355828840806,43.7459787691029,0.279568772020843,0.823006235658559,0,20.1636006066676,40.3160529436171,11.0787352863699,-0.538889781863542,"model average","Bacteria","Pseudomonadota","Gammaproteobacteria","Enterobacterales","Enterobacteriaceae","Scandinavium","",25,"Bay","B","auc"
100,10,1.33727579190443,26.1389067471016,-3.01169901955745,48.1243825696199,0.180497819166917,0.664123449637095,0,21.9854758225183,51.9685433656812,15.8722246951101,-0.483625630470178,"model average","Bacteria","Pseudomonadota","Gammaproteobacteria","Enterobacterales","Enterobacteriaceae","UBA7405","UBA7405 sp002469605",25,"Bay","B","auc"
100,100,5.53160529959136,29.8680945778846,7.80013341682562,46.1386888105043,0.527624353757468,1.06917691150867,0,16.2705942326197,38.3385553936786,11.3229428718568,-0.541552557751205,"model average","Bacteria","Pseudomonadota","Gammaproteobacteria","Enterobacterales","Enterobacteriaceae","UBA7405","UBA7405 sp002469605",25,"Bay","B","auc"
102,10,1.33900730803857,26.8095811252146,-0.713493458595991,46.9752332585757,0.244415521631634,0.785670374640529,0,20.1656521333611,48.4248537423369,15.0427461716094,-0.541254853008896,"model average","Bacteria","Pseudomonadota","Gammaproteobacteria","Enterobacterales","Enterobacteriaceae","UBA7405","UBA7405 sp002469605",25,"Bay","B","auc"
102,100,5.72536175409205,29.2794709003317,6.70396526297635,46.3451185003254,0.464006112153409,0.964874607952066,0,17.0656475999937,39.6455269615233,11.6544345090415,-0.500868495798657,"model average","Bacteria","Pseudomonadota","Gammaproteobacteria","Enterobacterales","Enterobacteriaceae","UBA7405","UBA7405 sp002469605",25,"Bay","B","auc"
103,10,1.43707698837797,25.8315949220375,2.80777278565981,46.7516698659748,0.320883425836609,0.855860429297357,0,20.9200749439373,44.0503529891867,12.769566221748,-0.53495803520341,"model average","Bacteria","Pseudomonadota","Gammaproteobacteria","Enterobacterales","Enterobacteriaceae","Buttiauxella","Buttiauxella davisae_A",25,"Bay","P","auc"
103,100,6.02916221617097,28.1866468255469,8.63579946032774,46.3191471833904,0.521524328760421,0.946695026810883,0,18.1325003578435,37.6856909675549,11.0771526552606,-0.425170698050462,"model average","Bacteria","Pseudomonadota","Gammaproteobacteria","Enterobacterales","Enterobacteriaceae","Buttiauxella","Buttiauxella davisae_A",25,"Bay","P","auc"
118,10,1.17367400998096,24.5264970354318,-1.19546817267782,46.9812731562933,0.145567707778416,0.670018143646423,0,22.4547761208615,48.4824286697867,13.8048416383047,-0.524062851283171,"model average","Bacteria","Pseudomonadota","Gammaproteobacteria","Enterobacterales","Enterobacteriaceae","Pantoea","Pantoea agglomerans",35,"Bay","QR","auc"
118,100,4.16587801363851,25.8607747425514,7.27767149668238,44.4352399675279,0.483780811925076,1.10319479592049,0,18.5744652249765,37.1612230603812,10.1617909257114,-0.61941398399541,"model average","Bacteria","Pseudomonadota","Gammaproteobacteria","Enterobacterales","Enterobacteriaceae","Pantoea","Pantoea agglomerans",35,"Bay","QR","auc"
128,10,1.81052290029422,23.147909086025,4.02456498516754,42.5584883013812,0.727744614675037,0.709338615664556,2.67564848441201,19.4105792153562,38.5441302453936,10.7053077464939,0.0225052455533502,"model average","Bacteria","Pseudomonadota","Gammaproteobacteria","Enterobacterales","Enterobacteriaceae","Lelliottia","Lelliottia amnigena",35,"Bay","B","auc"
128,100,5.57180720222667,27.1501833064106,11.3915762828549,42.9068255009026,0.825020051969439,1.08850985651426,3.01902385686374,15.7566421944921,31.5154365612437,8.60604097099097,-0.263489416389971,"model average","Bacteria","Pseudomonadota","Gammaproteobacteria","Enterobacterales","Enterobacteriaceae","Lelliottia","Lelliottia amnigena",35,"Bay","B","auc"
140,10,1.09871104418315,21.1622532367332,-0.578855015217504,43.4590785538376,0,0.668317739837244,0,22.2968253171044,44.1036168141738,12.2527185153219,0,"model average","Bacteria","Pseudomonadota","Gammaproteobacteria","Enterobacterales","Enterobacteriaceae","Serratia_J","Serratia_J proteamaculans_D",35,"Bay","P","auc"
140,100,4.38912584088148,25.8713125973575,8.40640914734426,43.3338194499952,0.547635386671475,1.15779215876777,0,17.4625068526377,34.9283944853773,9.54030606810494,-0.610156224166387,"model average","Bacteria","Pseudomonadota","Gammaproteobacteria","Enterobacterales","Enterobacteriaceae","Serratia_J","Serratia_J proteamaculans_D",35,"Bay","P","auc"
171,10,1.74937327142846,23.7473610639644,0.836956645361638,46.9614078347005,0.371405226708358,0.544184126314551,0,23.2140467707361,46.2618196489043,13.8883357506728,-0.172767920653627,"model average","Bacteria","Pseudomonadota","Gammaproteobacteria","Enterobacterales","Aeromonadaceae","Aeromonas","Aeromonas rivipollensis",15,"Sierras","V","auc"
171,100,6.11890117322979,28.0301326313843,8.84628123825407,46.1532754767408,0.659799449603437,0.793491032393362,2.16982524961168,18.1231428453566,37.3105478791308,10.5835955669929,-0.133691582789925,"model average","Bacteria","Pseudomonadota","Gammaproteobacteria","Enterobacterales","Aeromonadaceae","Aeromonas","Aeromonas rivipollensis",15,"Sierras","V","auc"
172,10,1.06004464354353,20.2559793024529,12.8469999468394,27.6660584047981,3.82822437949297e-07,1.83336318207276,1.46563336772168e-06,7.41007910234518,14.8190488422958,4.07301740007329,-8.23953820820059e-07,"model average","Bacteria","Pseudomonadota","Gammaproteobacteria","Enterobacterales","Shewanellaceae","Shewanella","Shewanella sp002966515",15,"Sierras","V","auc"
172,100,1.45358623513771,20.2289969811818,13.21199863397,27.2460083474678,6.09797540380284e-08,2.39257986226489,2.31206318007549e-07,7.01701136628602,14.0340123739261,3.8540019180012,-1.16423296872782e-07,"model average","Bacteria","Pseudomonadota","Gammaproteobacteria","Enterobacterales","Shewanellaceae","Shewanella","Shewanella sp002966515",15,"Sierras","V","auc"
191,10,1.18825835571674,28.3338463611522,-2.66427130540716,46.8223653067423,0.194639868367167,0.911611544175905,0.000910060325070393,18.4885189455901,49.5974895449192,14.6813435582525,-0.716971675808738,"model average","Bacteria","Pseudomonadota","Gammaproteobacteria","Enterobacterales","Enterobacteriaceae","Pantoea","Pantoea sp900115075",15,"Sierras","ME","auc"
191,100,4.03458314411686,25.7100407556305,3.81450257518847,46.8380743499893,0.195447293671151,0.903502162402744,0,21.1280335943588,43.284595958166,12.715057578598,-0.708054868731593,"model average","Bacteria","Pseudomonadota","Gammaproteobacteria","Enterobacterales","Enterobacteriaceae","Pantoea","Pantoea sp900115075",15,"Sierras","ME","auc"
195,10,1.40136771141117,28.3824347841119,2.15329134537644,46.7442690224254,0.253565486387945,0.860198778143895,0,18.3618342383134,45.9058081873432,13.992164693014,-0.606495577011309,"model average","Bacteria","Pseudomonadota","Gammaproteobacteria","Enterobacterales","Enterobacteriaceae","Enterobacter","Enterobacter cancerogenus",15,"Sierras","ME","auc"
195,100,4.77998432685746,28.5768178047455,5.11147484162305,46.4739181657997,0.364451971661313,1.03644770419231,0,17.8971003610542,41.3657677079366,11.9630804385618,-0.671995732530998,"model average","Bacteria","Pseudomonadota","Gammaproteobacteria","Enterobacterales","Enterobacteriaceae","Enterobacter","Enterobacter cancerogenus",15,"Sierras","ME","auc"
196,10,1.36484359479287,27.8286696994654,0.419532187020573,46.9939406368601,0.274738699240237,0.797699516705565,0,19.1652709373946,46.6250622959502,13.6488798650078,-0.522960817465328,"model average","Bacteria","Pseudomonadota","Gammaproteobacteria","Enterobacterales","Enterobacteriaceae","Enterobacter","Enterobacter cancerogenus",15,"Sierras","ME","auc"
196,100,5.28529276405327,27.964699573707,9.27574706219604,45.9340837792982,0.466978337181788,0.889353298897321,0,17.9693842055912,36.6819960969448,10.8132845572691,-0.422363654303885,"model average","Bacteria","Pseudomonadota","Gammaproteobacteria","Enterobacterales","Enterobacteriaceae","Enterobacter","Enterobacter cancerogenus",15,"Sierras","ME","auc"
214,10,1.2634159255376,22.2221760907052,5.25125072433613,39.8718801951886,0,0.864683087876689,0,17.6253348839965,34.6369545730659,9.5687703590868,0,"model average","Bacteria","Pseudomonadota","Gammaproteobacteria","Pseudomonadales","Pseudomonadaceae","Pseudomonas_E","Pseudomonas_E sp012935755",25,"Sierras","S","auc"
214,100,3.28588885141576,23.5239649994799,8.95301545517109,38.095019191283,0.593093384965265,1.33582661655872,0,14.5710541918031,29.1420266134273,8.00505620627746,-0.742724707166911,"model average","Bacteria","Pseudomonadota","Gammaproteobacteria","Pseudomonadales","Pseudomonadaceae","Pseudomonas_E","Pseudomonas_E sp012935755",25,"Sierras","S","auc"
228,10,1.15429849983729,22.1045333032919,4.79742582701767,40.3360164514314,0,0.782834278883926,0,18.2314831481394,35.6007230071895,9.87281011964575,0,"model average","Bacteria","Pseudomonadota","Gammaproteobacteria","Pseudomonadales","Pseudomonadaceae","Pseudomonas_E","",25,"Sierras","V","auc"
228,100,2.18986537060024,24.2530248961738,11.0479517873079,37.4584482737081,0.996912358458247,1.3233101390889,3.8492814198094,13.2054233775343,26.4105402840357,7.223479956963,-0.326378541788695,"model average","Bacteria","Pseudomonadota","Gammaproteobacteria","Pseudomonadales","Pseudomonadaceae","Pseudomonas_E","",25,"Sierras","V","auc"
231,10,1.34246372503727,26.304325578862,2.47588130651014,46.4623508364295,0.199802811358897,0.895625193632829,0,20.1580252575675,44.372493890611,13.1261833818349,-0.695574943704729,"model average","Bacteria","Pseudomonadota","Gammaproteobacteria","Enterobacterales","Enterobacteriaceae","Pantoea","Pantoea agglomerans",25,"Sierras","Y","auc"
231,100,4.37506362632771,25.9274492430473,5.56874087019597,46.0025033936029,0.295263944416601,0.930286461464935,0,20.0750541505556,40.5780914947849,11.6031753046208,-0.635022517048335,"model average","Bacteria","Pseudomonadota","Gammaproteobacteria","Enterobacterales","Enterobacteriaceae","Pantoea","Pantoea agglomerans",25,"Sierras","Y","auc"
240,10,1.13216666237036,21.9807387287732,5.39987682353561,39.6257756878618,0,0.804194143121538,0,17.6450369590886,34.2153415703,9.4930672150596,0,"model average","Bacteria","Pseudomonadota","Gammaproteobacteria","Enterobacterales","Enterobacteriaceae","Erwinia","Erwinia billingiae",25,"Sierras","Y","auc"
240,100,3.03075841891825,23.1717661045874,8.05585313897176,38.2872765074397,0.479970655419942,1.29587787015165,0,15.1155104028523,30.231514247454,8.25642100154935,-0.815890602671058,"model average","Bacteria","Pseudomonadota","Gammaproteobacteria","Enterobacterales","Enterobacteriaceae","Erwinia","Erwinia billingiae",25,"Sierras","Y","auc"
245,10,1.53646904377862,27.1710730362898,3.49449162094882,46.5681919098318,0.320852270100144,0.77015929095412,0,19.397118873542,43.5015403921585,13.2457779793705,-0.449275065998066,"model average","Bacteria","Pseudomonadota","Gammaproteobacteria","Enterobacterales","Enterobacteriaceae","Enterobacter","Enterobacter cancerogenus",25,"Sierras","ME","auc"
245,100,6.00940877250366,28.7586516450424,10.8040210847204,45.5112350640429,0.560946941726349,1.02604482960715,0,16.7525834190004,34.7085315979711,10.6276260309788,-0.465097887880801,"model average","Bacteria","Pseudomonadota","Gammaproteobacteria","Enterobacterales","Enterobacteriaceae","Enterobacter","Enterobacter cancerogenus",25,"Sierras","ME","auc"
264,10,1.54956071661336,27.8068300728374,2.7942423798078,46.4402177450585,0.333094148604818,0.834912138417705,0,18.6333876722211,43.699121663848,12.8495709924911,-0.501817989812888,"model average","Bacteria","Pseudomonadota","Gammaproteobacteria","Enterobacterales","Enterobacteriaceae","Mixta","",35,"Sierras","S","auc"
264,100,6.22010483202303,28.8818548391095,11.8607601889006,45.4703450613462,0.658740691015158,1.06966477703305,0,16.5884902222367,33.610362032982,9.61329323652856,-0.410924086017886,"model average","Bacteria","Pseudomonadota","Gammaproteobacteria","Enterobacterales","Enterobacteriaceae","Mixta","",35,"Sierras","S","auc"
265,10,1.12808280793333,25.243656684487,-3.23176414717844,48.5705138300317,0.106701927453988,0.57366620420069,0,23.3268571455447,52.5142932197961,15.2945787364815,-0.466268744602344,"model average","Bacteria","Pseudomonadota","Gammaproteobacteria","Enterobacterales","Enterobacteriaceae","Mixta","",35,"Sierras","S","auc"
265,100,4.77078399055528,25.0892235596677,5.49355731100307,44.6834897509037,0.366698896559301,1.15519400756424,0,19.594266191236,39.1906172504816,10.7007716414437,-0.788495049176589,"model average","Bacteria","Pseudomonadota","Gammaproteobacteria","Enterobacterales","Enterobacteriaceae","Mixta","",35,"Sierras","S","auc"
280,10,0.267935329167202,18.589,12.506,33.075,0,-0.635495157162186,0,14.486,20.569,6.704,0,"model average","Bacteria","Pseudomonadota","Gammaproteobacteria","Enterobacterales","Enterobacteriaceae","Pantoea","Pantoea sp900115075",35,"Sierras","V","auc"
280,100,0.490322282130585,18.2677018442813,14.525,30.588476396603,0,-0.0212942519910819,0,12.3207745523218,15.593,4.68919536706105,0,"model average","Bacteria","Pseudomonadota","Gammaproteobacteria","Enterobacterales","Enterobacteriaceae","Pantoea","Pantoea sp900115075",35,"Sierras","V","auc"
283,10,0.900002247097537,25.9300019293174,0.8765377875675,46.9333895398575,0.125272675226141,0.837650519461218,0,21.0033876105401,46.6183371796032,14.4268088531139,-0.712377844235077,"model average","Bacteria","Pseudomonadota","Gammaproteobacteria","Pseudomonadales","Pseudomonadaceae","Pseudomonas_E","Pseudomonas_E fluorescens_AO",35,"Sierras","Y","auc"
283,100,2.47976701243736,27.5190236947056,7.70680405103972,46.3636847095659,0.474871963968045,0.835579448157141,0,18.8446610148603,38.7322707297549,10.703737670005,-0.360650265936347,"model average","Bacteria","Pseudomonadota","Gammaproteobacteria","Pseudomonadales","Pseudomonadaceae","Pseudomonas_E","Pseudomonas_E fluorescens_AO",35,"Sierras","Y","auc"
291,10,0.908795875256442,21.5108765186695,0.822115228050987,43.9327519748279,0,0.660266321340756,0,22.4218754561584,43.0332584694738,12.0977536532561,0,"model average","Bacteria","Pseudomonadota","Gammaproteobacteria","Enterobacterales","Enterobacteriaceae","Erwinia","Erwinia sp003937915",35,"Sierras","ME","auc"
291,100,2.16742081138681,21.8833378138591,1.02043040809669,42.8042625824783,0.000489928782911988,0.734132662107775,0,20.9209247686192,41.7919686406911,11.4448518812178,-0.00800366066045798,"model average","Bacteria","Pseudomonadota","Gammaproteobacteria","Enterobacterales","Enterobacteriaceae","Erwinia","Erwinia sp003937915",35,"Sierras","ME","auc"
294,10,1.06085601686397,25.4819433942058,-2.83023306885803,49.2174303587553,0.0483619094655125,0.607285855697798,0,23.7354869645496,52.3216749267264,16.740062351739,-0.553269963158938,"model average","Bacteria","Pseudomonadota","Gammaproteobacteria","Enterobacterales","Enterobacteriaceae","Pantoea","Pantoea sp900115075",35,"Sierras","ME","auc"
294,100,3.85670995816722,25.7987119668346,2.82143303632361,47.6003225722683,0.240376051237644,0.78120559997862,0,21.8016106054337,44.8846111816197,13.3231983539222,-0.540701891616039,"model average","Bacteria","Pseudomonadota","Gammaproteobacteria","Enterobacterales","Enterobacteriaceae","Pantoea","Pantoea sp900115075",35,"Sierras","ME","auc"
296,10,0.919280023185949,18.5609563548349,12.7344059805996,24.5638753451158,0,0.0249742992963689,0,6.00034349529543,11.7868068381266,3.31887191290537,0,"model average","Bacteria","Pseudomonadota","Gammaproteobacteria","Pseudomonadales","Moraxellaceae","Acinetobacter","Acinetobacter calcoaceticus_C",35,"Sierras","ME","auc"
296,100,0.963942833951121,19.1848670543164,13.593530104252,24.8102320163131,0,0.561132120121446,0,5.62535726422427,11.2166261592783,3.08289988283546,0,"model average","Bacteria","Pseudomonadota","Gammaproteobacteria","Pseudomonadales","Moraxellaceae","Acinetobacter","Acinetobacter calcoaceticus_C",35,"Sierras","ME","auc"
350,10,0.651727709599912,22.3489169426812,-6.89217454109569,50.9653684344697,0.0121312047469912,0.306250524952914,0,28.6164514917885,58.0680493745428,15.724068196423,-0.0467911782661678,"model average","Bacteria","Pseudomonadota","Gammaproteobacteria","Pseudomonadales","Pseudomonadaceae","Pseudomonas_E","Pseudomonas_E alvandae",25,"Socal","EC","auc"
350,100,1.70589517876525,22.7808582447179,-1.02965240143702,46.4215736550496,0.0166682633268473,0.62565854953904,0.0613801922958229,23.6407154103316,47.4396828012723,13.2387272341473,0.00533308050337136,"model average","Bacteria","Pseudomonadota","Gammaproteobacteria","Pseudomonadales","Pseudomonadaceae","Pseudomonas_E","Pseudomonas_E alvandae",25,"Socal","EC","auc"
