"Climate profile","Temp_continuous","Proportion_continuous"
"Cold stable",-5,0
"Cold stable",-4.9,0
"Cold stable",-4.8,0
"Cold stable",-4.7,0
"Cold stable",-4.6,0
"Cold stable",-4.5,0
"Cold stable",-4.4,0
"Cold stable",-4.3,0
"Cold stable",-4.2,0
"Cold stable",-4.1,0
"Cold stable",-4,0
"Cold stable",-3.9,0
"Cold stable",-3.8,0
"Cold stable",-3.7,0
"Cold stable",-3.6,0
"Cold stable",-3.5,0
"Cold stable",-3.4,0
"Cold stable",-3.3,0
"Cold stable",-3.2,0
"Cold stable",-3.1,0
"Cold stable",-3,0
"Cold stable",-2.9,0
"Cold stable",-2.8,0
"Cold stable",-2.7,0
"Cold stable",-2.6,0
"Cold stable",-2.5,0
"Cold stable",-2.4,0
"Cold stable",-2.3,0
"Cold stable",-2.2,0
"Cold stable",-2.1,0
"Cold stable",-2,0
"Cold stable",-1.9,0
"Cold stable",-1.8,0.000598142598034872
"Cold stable",-1.7,0.00156651497167078
"Cold stable",-1.6,0.00257189381171479
"Cold stable",-1.5,0.0036134710923662
"Cold stable",-1.4,0.00469043878782429
"Cold stable",-1.3,0.00580198887228837
"Cold stable",-1.2,0.00694731331995771
"Cold stable",-1.1,0.00812560410503163
"Cold stable",-1,0.00933605320170938
"Cold stable",-0.899999999999999,0.0105778525841903
"Cold stable",-0.8,0.0118501942266737
"Cold stable",-0.7,0.0131522701033587
"Cold stable",-0.6,0.0144832721884449
"Cold stable",-0.5,0.0158423924561313
"Cold stable",-0.399999999999999,0.0172288228806173
"Cold stable",-0.3,0.0186417554361023
"Cold stable",-0.199999999999999,0.0200803820967854
"Cold stable",-0.0999999999999996,0.021543894836866
"Cold stable",0,0.0230314856305434
"Cold stable",0.100000000000001,0.0245423464520169
"Cold stable",0.2,0.0260756692754857
"Cold stable",0.300000000000001,0.0276306460751492
"Cold stable",0.4,0.0292064688252066
"Cold stable",0.5,0.0308023294998573
"Cold stable",0.600000000000001,0.0324174200733005
"Cold stable",0.7,0.0340509325197355
"Cold stable",0.800000000000001,0.0357020588133616
"Cold stable",0.9,0.0373699909283781
"Cold stable",1,0.0390539208389844
"Cold stable",1.1,0.0407530405193796
"Cold stable",1.2,0.0424665419437631
"Cold stable",1.3,0.0441936170863342
"Cold stable",1.4,0.0459334579212922
"Cold stable",1.5,0.0476852564228363
"Cold stable",1.6,0.0494482045651658
"Cold stable",1.7,0.0512214943224801
"Cold stable",1.8,0.0530043176689785
"Cold stable",1.9,0.0547958665788602
"Cold stable",2,0.0565953330263245
"Cold stable",2.1,0.0584019089855707
"Cold stable",2.2,0.0602147864307981
"Cold stable",2.3,0.062033157336206
"Cold stable",2.4,0.0638562136759937
"Cold stable",2.5,0.0656831474243604
"Cold stable",2.6,0.0675503381789475
"Cold stable",2.7,0.0694930486088463
"Cold stable",2.8,0.0715087952954319
"Cold stable",2.9,0.0735950948200791
"Cold stable",3,0.0757494637641627
"Cold stable",3.1,0.0779694187090578
"Cold stable",3.2,0.0802524762361392
"Cold stable",3.3,0.0825961529267816
"Cold stable",3.4,0.0849979653623602
"Cold stable",3.5,0.0874554301242497
"Cold stable",3.6,0.0899660637938251
"Cold stable",3.7,0.0925273829524612
"Cold stable",3.8,0.0951369041815329
"Cold stable",3.9,0.0977921440624151
"Cold stable",4,0.100490619176483
"Cold stable",4.1,0.103229846105111
"Cold stable",4.2,0.106007341429674
"Cold stable",4.3,0.108820621731547
"Cold stable",4.4,0.111667203592105
"Cold stable",4.5,0.114544603592723
"Cold stable",4.6,0.117450338314776
"Cold stable",4.7,0.120381924339638
"Cold stable",4.8,0.123336878248685
"Cold stable",4.9,0.126312716623292
"Cold stable",5,0.129306956044832
"Cold stable",5.1,0.132317113094682
"Cold stable",5.2,0.135340704354216
"Cold stable",5.3,0.138375246404809
"Cold stable",5.4,0.141418255827836
"Cold stable",5.5,0.144467249204671
"Cold stable",5.6,0.147519743116691
"Cold stable",5.7,0.150573254145268
"Cold stable",5.8,0.15362529887178
"Cold stable",5.9,0.156673393877599
"Cold stable",6,0.159715055744102
"Cold stable",6.1,0.162747801052663
"Cold stable",6.2,0.165769146384657
"Cold stable",6.3,0.168776608321458
"Cold stable",6.4,0.171767703444443
"Cold stable",6.5,0.174739948334985
"Cold stable",6.6,0.17769085957446
"Cold stable",6.7,0.180617953744242
"Cold stable",6.8,0.183518747425707
"Cold stable",6.9,0.186390757200228
"Cold stable",7,0.189231499649182
"Cold stable",7.1,0.192038491353943
"Cold stable",7.2,0.194809248895886
"Cold stable",7.3,0.197541288856386
"Cold stable",7.4,0.200232127816817
"Cold stable",7.5,0.202879282358555
"Cold stable",7.6,0.205611253893992
"Cold stable",7.7,0.208551351455349
"Cold stable",7.8,0.211689303053742
"Cold stable",7.9,0.215014836700288
"Cold stable",8,0.218517680406104
"Cold stable",8.1,0.222187562182308
"Cold stable",8.2,0.226014210040014
"Cold stable",8.3,0.229987351990341
"Cold stable",8.4,0.234096716044406
"Cold stable",8.5,0.238332030213324
"Cold stable",8.6,0.242683022508213
"Cold stable",8.7,0.24713942094019
"Cold stable",8.8,0.251690953520371
"Cold stable",8.9,0.256327348259873
"Cold stable",9,0.261038333169814
"Cold stable",9.1,0.265813636261309
"Cold stable",9.2,0.270642985545475
"Cold stable",9.3,0.27551610903343
"Cold stable",9.4,0.28042273473629
"Cold stable",9.5,0.285352590665172
"Cold stable",9.6,0.290295404831193
"Cold stable",9.7,0.29524090524547
"Cold stable",9.8,0.300178819919119
"Cold stable",9.9,0.305098876863256
"Cold stable",10,0.309990804089
"Cold stable",10.1,0.314844329607467
"Cold stable",10.2,0.319649181429773
"Cold stable",10.3,0.324395087567036
"Cold stable",10.4,0.329071776030371
"Cold stable",10.5,0.333668974830897
"Cold stable",10.6,0.338176411979729
"Cold stable",10.7,0.342583815487985
"Cold stable",10.8,0.346880913366781
"Cold stable",10.9,0.351057433627234
"Cold stable",11,0.355103104280461
"Cold stable",11.1,0.359007653337579
"Cold stable",11.2,0.362760808809704
"Cold stable",11.3,0.366352298707954
"Cold stable",11.4,0.369771851043445
"Cold stable",11.5,0.373009193827293
"Cold stable",11.6,0.376054055070616
"Cold stable",11.7,0.378896162784531
"Cold stable",11.8,0.381525244980154
"Cold stable",11.9,0.383931029668602
"Cold stable",12,0.386103244860992
"Cold stable",12.1,0.388031618568441
"Cold stable",12.2,0.389705878802065
"Cold stable",12.3,0.391115753572982
"Cold stable",12.4,0.392250970892307
"Cold stable",12.5,0.393101258771158
"Cold stable",12.6,0.393724938799753
"Cold stable",12.7,0.394190015874195
"Cold stable",12.8,0.394500742964433
"Cold stable",12.9,0.394661373040414
"Cold stable",13,0.394676159072085
"Cold stable",13.1,0.394549354029395
"Cold stable",13.2,0.39428521088229
"Cold stable",13.3,0.393887982600718
"Cold stable",13.4,0.393361922154627
"Cold stable",13.5,0.392711282513965
"Cold stable",13.6,0.391940316648678
"Cold stable",13.7,0.391053277528715
"Cold stable",13.8,0.390054418124023
"Cold stable",13.9,0.388947991404549
"Cold stable",14,0.387738250340242
"Cold stable",14.1,0.386429447901048
"Cold stable",14.2,0.385025837056916
"Cold stable",14.3,0.383531670777792
"Cold stable",14.4,0.381951202033625
"Cold stable",14.5,0.380288683794362
"Cold stable",14.6,0.37854836902995
"Cold stable",14.7,0.376734510710337
"Cold stable",14.8,0.374851361805471
"Cold stable",14.9,0.3729031752853
"Cold stable",15,0.37089420411977
"Cold stable",15.1,0.368828701278829
"Cold stable",15.2,0.366710919732425
"Cold stable",15.3,0.364545112450506
"Cold stable",15.4,0.362335532403019
"Cold stable",15.5,0.360086432559911
"Cold stable",15.6,0.357802065891131
"Cold stable",15.7,0.355486685366625
"Cold stable",15.8,0.353144543956341
"Cold stable",15.9,0.350779894630228
"Cold stable",16,0.348396990358231
"Cold stable",16.1,0.3460000841103
"Cold stable",16.2,0.343593428856381
"Cold stable",16.3,0.341181277566422
"Cold stable",16.4,0.338767883210371
"Cold stable",16.5,0.336357498758175
"Cold stable",16.6,0.333954377179782
"Cold stable",16.7,0.331562771445139
"Cold stable",16.8,0.329186934524194
"Cold stable",16.9,0.326831119386894
"Cold stable",17,0.324499579003188
"Cold stable",17.1,0.322196566343022
"Cold stable",17.2,0.319926334376344
"Cold stable",17.3,0.317693136073102
"Cold stable",17.4,0.315501224403243
"Cold stable",17.5,0.313354852336715
"Cold stable",17.6,0.31110621770504
"Cold stable",17.7,0.308611233563119
"Cold stable",17.8,0.305879725715969
"Cold stable",17.9,0.302921519968606
"Cold stable",18,0.299746442126046
"Cold stable",18.1,0.296364317993306
"Cold stable",18.2,0.292784973375403
"Cold stable",18.3,0.289018234077352
"Cold stable",18.4,0.285073925904169
"Cold stable",18.5,0.280961874660873
"Cold stable",18.6,0.276691906152477
"Cold stable",18.7,0.272273846184
"Cold stable",18.8,0.267717520560457
"Cold stable",18.9,0.263032755086864
"Cold stable",19,0.258229375568239
"Cold stable",19.1,0.253317207809597
"Cold stable",19.2,0.248306077615955
"Cold stable",19.3,0.243205810792329
"Cold stable",19.4,0.238026233143736
"Cold stable",19.5,0.232777170475191
"Cold stable",19.6,0.227468448591712
"Cold stable",19.7,0.222109893298314
"Cold stable",19.8,0.216711330400014
"Cold stable",19.9,0.211282585701829
"Cold stable",20,0.205833485008774
"Cold stable",20.1,0.200373854125867
"Cold stable",20.2,0.194913518858122
"Cold stable",20.3,0.189462305010558
"Cold stable",20.4,0.18403003838819
"Cold stable",20.5,0.178626544796034
"Cold stable",20.6,0.173261650039107
"Cold stable",20.7,0.167945179922426
"Cold stable",20.8,0.162686960251006
"Cold stable",20.9,0.157496816829864
"Cold stable",21,0.152384575464016
"Cold stable",21.1,0.147360061958479
"Cold stable",21.2,0.142433102118269
"Cold stable",21.3,0.137613521748403
"Cold stable",21.4,0.132911146653896
"Cold stable",21.5,0.128335802639766
"Cold stable",21.6,0.123897315511028
"Cold stable",21.7,0.119605511072698
"Cold stable",21.8,0.115470215129795
"Cold stable",21.9,0.111501253487332
"Cold stable",22,0.107708451950328
"Cold stable",22.1,0.104101636323798
"Cold stable",22.2,0.100690632412759
"Cold stable",22.3,0.0974852660222264
"Cold stable",22.4,0.0944953629572176
"Cold stable",22.5,0.0917307490227487
"Cold stable",22.6,0.0890842305419443
"Cold stable",22.7,0.0864427382952004
"Cold stable",22.8,0.0838072847734398
"Cold stable",22.9,0.0811788824675851
"Cold stable",23,0.0785585438685593
"Cold stable",23.1,0.0759472814672849
"Cold stable",23.2,0.0733461077546848
"Cold stable",23.3,0.070756035221682
"Cold stable",23.4,0.0681780763591989
"Cold stable",23.5,0.0656132436581585
"Cold stable",23.6,0.0630625496094835
"Cold stable",23.7,0.0605270067040966
"Cold stable",23.8,0.0580076274329208
"Cold stable",23.9,0.0555054242868786
"Cold stable",24,0.053021409756893
"Cold stable",24.1,0.0505565963338866
"Cold stable",24.2,0.0481119965087823
"Cold stable",24.3,0.0456886227725028
"Cold stable",24.4,0.0432874876159709
"Cold stable",24.5,0.0409096035301094
"Cold stable",24.6,0.0385559830058409
"Cold stable",24.7,0.0362276385340884
"Cold stable",24.8,0.0339255826057746
"Cold stable",24.9,0.0316508277118222
"Cold stable",25,0.0294043863431541
"Cold stable",25.1,0.0271872709906929
"Cold stable",25.2,0.0250004941453615
"Cold stable",25.3,0.0228450682980827
"Cold stable",25.4,0.0207220059397792
"Cold stable",25.5,0.0186323195613738
"Cold stable",25.6,0.0165770216537892
"Cold stable",25.7,0.0145571247079483
"Cold stable",25.8,0.0125736412147738
"Cold stable",25.9,0.0106275836651884
"Cold stable",26,0.00871996455011506
"Cold stable",26.1,0.00685179636047636
"Cold stable",26.2,0.00502409158719517
"Cold stable",26.3,0.00323786272119432
"Cold stable",26.4,0.00149412225339643
"Cold stable",26.5,0
"Cold stable",26.6,0
"Cold stable",26.7,0
"Cold stable",26.8,0
"Cold stable",26.9,0
"Cold stable",27,0
"Cold stable",27.1,0
"Cold stable",27.2,0
"Cold stable",27.3,0
"Cold stable",27.4,0
"Cold stable",27.5,0
"Cold stable",27.6,0
"Cold stable",27.7,0
"Cold stable",27.8,0
"Cold stable",27.9,0
"Cold stable",28,0
"Cold stable",28.1,0
"Cold stable",28.2,0
"Cold stable",28.3,0
"Cold stable",28.4,0
"Cold stable",28.5,0
"Cold stable",28.6,0
"Cold stable",28.7,0
"Cold stable",28.8,0
"Cold stable",28.9,0
"Cold stable",29,0
"Cold stable",29.1,0
"Cold stable",29.2,0
"Cold stable",29.3,0
"Cold stable",29.4,0
"Cold stable",29.5,0
"Cold stable",29.6,0
"Cold stable",29.7,0
"Cold stable",29.8,0
"Cold stable",29.9,0
"Cold stable",30,0
"Cold stable",30.1,0
"Cold stable",30.2,0
"Cold stable",30.3,0
"Cold stable",30.4,0
"Cold stable",30.5,0
"Cold stable",30.6,0
"Cold stable",30.7,0
"Cold stable",30.8,0
"Cold stable",30.9,0
"Cold stable",31,0
"Cold stable",31.1,0
"Cold stable",31.2,0
"Cold stable",31.3,0
"Cold stable",31.4,0
"Cold stable",31.5,0
"Cold stable",31.6,0
"Cold stable",31.7,0
"Cold stable",31.8,0
"Cold stable",31.9,0
"Cold stable",32,0
"Cold stable",32.1,0
"Cold stable",32.2,0
"Cold stable",32.3,0
"Cold stable",32.4,0
"Cold stable",32.5,0
"Cold stable",32.6,0
"Cold stable",32.7,0
"Cold stable",32.8,0
"Cold stable",32.9,0
"Cold stable",33,0
"Cold stable",33.1,0
"Cold stable",33.2,0
"Cold stable",33.3,0
"Cold stable",33.4,0
"Cold stable",33.5,0
"Cold stable",33.6,0
"Cold stable",33.7,0
"Cold stable",33.8,0
"Cold stable",33.9,0
"Cold stable",34,0
"Cold stable",34.1,0
"Cold stable",34.2,0
"Cold stable",34.3,0
"Cold stable",34.4,0
"Cold stable",34.5,0
"Cold stable",34.6,0
"Cold stable",34.7,0
"Cold stable",34.8,0
"Cold stable",34.9,0
"Cold stable",35,0
"Cold stable",35.1,0
"Cold stable",35.2,0
"Cold stable",35.3,0
"Cold stable",35.4,0
"Cold stable",35.5,0
"Cold stable",35.6,0
"Cold stable",35.7,0
"Cold stable",35.8,0
"Cold stable",35.9,0
"Cold stable",36,0
"Cold stable",36.1,0
"Cold stable",36.2,0
"Cold stable",36.3,0
"Cold stable",36.4,0
"Cold stable",36.5,0
"Cold stable",36.6,0
"Cold stable",36.7,0
"Cold stable",36.8,0
"Cold stable",36.9,0
"Cold stable",37,0
"Cold stable",37.1,0
"Cold stable",37.2,0
"Cold stable",37.3,0
"Cold stable",37.4,0
"Cold stable",37.5,0
"Cold stable",37.6,0
"Cold stable",37.7,0
"Cold stable",37.8,0
"Cold stable",37.9,0
"Cold stable",38,0
"Cold stable",38.1,0
"Cold stable",38.2,0
"Cold stable",38.3,0
"Cold stable",38.4,0
"Cold stable",38.5,0
"Cold stable",38.6,0
"Cold stable",38.7,0
"Cold stable",38.8,0
"Cold stable",38.9,0
"Cold stable",39,0
"Cold stable",39.1,0
"Cold stable",39.2,0
"Cold stable",39.3,0
"Cold stable",39.4,0
"Cold stable",39.5,0
"Cold stable",39.6,0
"Cold stable",39.7,0
"Cold stable",39.8,0
"Cold stable",39.9,0
"Cold stable",40,0
"Cold stable",40.1,0
"Cold stable",40.2,0
"Cold stable",40.3,0
"Cold stable",40.4,0
"Cold stable",40.5,0
"Cold stable",40.6,0
"Cold stable",40.7,0
"Cold stable",40.8,0
"Cold stable",40.9,0
"Cold stable",41,0
"Cold stable",41.1,0
"Cold stable",41.2,0
"Cold stable",41.3,0
"Cold stable",41.4,0
"Cold stable",41.5,0
"Cold stable",41.6,0
"Cold stable",41.7,0
"Cold stable",41.8,0
"Cold stable",41.9,0
"Cold stable",42,0
"Cold stable",42.1,0
"Cold stable",42.2,0
"Cold stable",42.3,0
"Cold stable",42.4,0
"Cold stable",42.5,0
"Cold stable",42.6,0
"Cold stable",42.7,0
"Cold stable",42.8,0
"Cold stable",42.9,0
"Cold stable",43,0
"Cold stable",43.1,0
"Cold stable",43.2,0
"Cold stable",43.3,0
"Cold stable",43.4,0
"Cold stable",43.5,0
"Cold stable",43.6,0
"Cold stable",43.7,0
"Cold stable",43.8,0
"Cold stable",43.9,0
"Cold stable",44,0
"Cold stable",44.1,0
"Cold stable",44.2,0
"Cold stable",44.3,0
"Cold stable",44.4,0
"Cold stable",44.5,0
"Cold stable",44.6,0
"Cold stable",44.7,0
"Cold stable",44.8,0
"Cold stable",44.9,0
"Cold stable",45,0
"Cold stable",45.1,0
"Cold stable",45.2,0
"Cold stable",45.3,0
"Cold stable",45.4,0
"Cold stable",45.5,0
"Cold stable",45.6,0
"Cold stable",45.7,0
"Cold stable",45.8,0
"Cold stable",45.9,0
"Cold stable",46,0
"Cold stable",46.1,0
"Cold stable",46.2,0
"Cold stable",46.3,0
"Cold stable",46.4,0
"Cold stable",46.5,0
"Cold stable",46.6,0
"Cold stable",46.7,0
"Cold stable",46.8,0
"Cold stable",46.9,0
"Cold stable",47,0
"Cold stable",47.1,0
"Cold stable",47.2,0
"Cold stable",47.3,0
"Cold stable",47.4,0
"Cold stable",47.5,0
"Cold stable",47.6,0
"Cold stable",47.7,0
"Cold stable",47.8,0
"Cold stable",47.9,0
"Cold stable",48,0
"Cold stable",48.1,0
"Cold stable",48.2,0
"Cold stable",48.3,0
"Cold stable",48.4,0
"Cold stable",48.5,0
"Cold stable",48.6,0
"Cold stable",48.7,0
"Cold stable",48.8,0
"Cold stable",48.9,0
"Cold stable",49,0
"Cold stable",49.1,0
"Cold stable",49.2,0
"Cold stable",49.3,0
"Cold stable",49.4,0
"Cold stable",49.5,0
"Cold stable",49.6,0
"Cold stable",49.7,0
"Cold stable",49.8,0
"Cold stable",49.9,0
"Cold stable",50,0
"Cold stable",50.1,0
"Cold stable",50.2,0
"Cold stable",50.3,0
"Cold stable",50.4,0
"Cold stable",50.5,0
"Cold stable",50.6,0
"Cold stable",50.7,0
"Cold stable",50.8,0
"Cold stable",50.9,0
"Cold stable",51,0
"Cold stable",51.1,0
"Cold stable",51.2,0
"Cold stable",51.3,0
"Cold stable",51.4,0
"Cold stable",51.5,0
"Cold stable",51.6,0
"Cold stable",51.7,0
"Cold stable",51.8,0
"Cold stable",51.9,0
"Cold stable",52,0
"Cold stable",52.1,0
"Cold stable",52.2,0
"Cold stable",52.3,0
"Cold stable",52.4,0
"Cold stable",52.5,0
"Cold stable",52.6,0
"Cold stable",52.7,0
"Cold stable",52.8,0
"Cold stable",52.9,0
"Cold stable",53,0
"Cold stable",53.1,0
"Cold stable",53.2,0
"Cold stable",53.3,0
"Cold stable",53.4,0
"Cold stable",53.5,0
"Cold stable",53.6,0
"Cold stable",53.7,0
"Cold stable",53.8,0
"Cold stable",53.9,0
"Cold stable",54,0
"Cold stable",54.1,0
"Cold stable",54.2,0
"Cold stable",54.3,0
"Cold stable",54.4,0
"Cold stable",54.5,0
"Cold stable",54.6,0
"Cold stable",54.7,0
"Cold stable",54.8,0
"Cold stable",54.9,0
"Cold stable",55,0
"Cold stable",55.1,0
"Cold stable",55.2,0
"Cold stable",55.3,0
"Cold stable",55.4,0
"Cold stable",55.5,0
"Cold stable",55.6,0
"Cold stable",55.7,0
"Cold stable",55.8,0
"Cold stable",55.9,0
"Cold stable",56,0
"Cold stable",56.1,0
"Cold stable",56.2,0
"Cold stable",56.3,0
"Cold stable",56.4,0
"Cold stable",56.5,0
"Cold stable",56.6,0
"Cold stable",56.7,0
"Cold stable",56.8,0
"Cold stable",56.9,0
"Cold stable",57,0
"Cold stable",57.1,0
"Cold stable",57.2,0
"Cold stable",57.3,0
"Cold stable",57.4,0
"Cold stable",57.5,0
"Cold stable",57.6,0
"Cold stable",57.7,0
"Cold stable",57.8,0
"Cold stable",57.9,0
"Cold stable",58,0
"Cold stable",58.1,0
"Cold stable",58.2,0
"Cold stable",58.3,0
"Cold stable",58.4,0
"Cold stable",58.5,0
"Cold stable",58.6,0
"Cold stable",58.7,0
"Cold stable",58.8,0
"Cold stable",58.9,0
"Cold stable",59,0
"Cold stable",59.1,0
"Cold stable",59.2,0
"Cold stable",59.3,0
"Cold stable",59.4,0
"Cold stable",59.5,0
"Cold stable",59.6,0
"Cold stable",59.7,0
"Cold stable",59.8,0
"Cold stable",59.9,0
"Cold stable",60,0
"Cold stable",60.1,0
"Cold stable",60.2,0
"Cold stable",60.3,0
"Cold stable",60.4,0
"Cold stable",60.5,0
"Cold stable",60.6,0
"Cold stable",60.7,0
"Cold stable",60.8,0
"Cold stable",60.9,0
"Cold stable",61,0
"Cold stable",61.1,0
"Cold stable",61.2,0
"Cold stable",61.3,0
"Cold stable",61.4,0
"Cold stable",61.5,0
"Cold stable",61.6,0
"Cold stable",61.7,0
"Cold stable",61.8,0
"Cold stable",61.9,0
"Cold stable",62,0
"Cold stable",62.1,0
"Cold stable",62.2,0
"Cold stable",62.3,0
"Cold stable",62.4,0
"Cold stable",62.5,0
"Cold variable",-5,0
"Cold variable",-4.9,0.00164549350852715
"Cold variable",-4.8,0.00547885946258161
"Cold variable",-4.7,0.00927849552696938
"Cold variable",-4.6,0.0130438499458765
"Cold variable",-4.5,0.016774370963489
"Cold variable",-4.4,0.0204695068239927
"Cold variable",-4.3,0.0241287057715739
"Cold variable",-4.2,0.0277514160504183
"Cold variable",-4.1,0.0313370859047121
"Cold variable",-4,0.0348851635786413
"Cold variable",-3.9,0.0383950973163918
"Cold variable",-3.8,0.0418663353621496
"Cold variable",-3.7,0.0452983259601007
"Cold variable",-3.6,0.0486905173544312
"Cold variable",-3.5,0.052042357789327
"Cold variable",-3.4,0.0553532955089742
"Cold variable",-3.3,0.0586227787575587
"Cold variable",-3.2,0.0618502557792665
"Cold variable",-3.1,0.0650351748182837
"Cold variable",-3,0.0681769841187962
"Cold variable",-2.9,0.0712751319249901
"Cold variable",-2.8,0.0743290664810513
"Cold variable",-2.7,0.0773382360311658
"Cold variable",-2.6,0.0803020888195197
"Cold variable",-2.5,0.0832200730902989
"Cold variable",-2.4,0.0860886049519653
"Cold variable",-2.3,0.0889049571948369
"Cold variable",-2.2,0.091669863085884
"Cold variable",-2.1,0.0943840558920767
"Cold variable",-2,0.0970482688803854
"Cold variable",-1.9,0.0996632353177801
"Cold variable",-1.8,0.102229688471231
"Cold variable",-1.7,0.104748361607709
"Cold variable",-1.6,0.107219987994183
"Cold variable",-1.5,0.109645300897625
"Cold variable",-1.4,0.112025033585004
"Cold variable",-1.3,0.11435991932329
"Cold variable",-1.2,0.116650691379454
"Cold variable",-1.1,0.118898083020466
"Cold variable",-1,0.121102827513296
"Cold variable",-0.899999999999999,0.123265658124915
"Cold variable",-0.8,0.125387308122292
"Cold variable",-0.7,0.127468510772398
"Cold variable",-0.6,0.129509999342204
"Cold variable",-0.5,0.131512507098678
"Cold variable",-0.399999999999999,0.133476767308792
"Cold variable",-0.3,0.135403513239516
"Cold variable",-0.199999999999999,0.13729347815782
"Cold variable",-0.0999999999999996,0.139147395330674
"Cold variable",0,0.140965998025049
"Cold variable",0.100000000000001,0.142750019507914
"Cold variable",0.2,0.14450019304624
"Cold variable",0.300000000000001,0.146217251906997
"Cold variable",0.4,0.147901929357156
"Cold variable",0.5,0.149554958663686
"Cold variable",0.600000000000001,0.151177073093558
"Cold variable",0.7,0.152769005913743
"Cold variable",0.800000000000001,0.154331490391209
"Cold variable",0.9,0.155865259792928
"Cold variable",1,0.15737104738587
"Cold variable",1.1,0.158849586437005
"Cold variable",1.2,0.160301610213303
"Cold variable",1.3,0.161727851981734
"Cold variable",1.4,0.163129045009269
"Cold variable",1.5,0.164505922562878
"Cold variable",1.6,0.165859217909531
"Cold variable",1.7,0.167189664316198
"Cold variable",1.8,0.16849799504985
"Cold variable",1.9,0.169784943377457
"Cold variable",2,0.171051242565989
"Cold variable",2.1,0.172297625882416
"Cold variable",2.2,0.173524826593709
"Cold variable",2.3,0.174733577966837
"Cold variable",2.4,0.175924613268771
"Cold variable",2.5,0.177098665766481
"Cold variable",2.6,0.178230708696066
"Cold variable",2.7,0.179296246482695
"Cold variable",2.8,0.180296809176949
"Cold variable",2.9,0.181233926829407
"Cold variable",3,0.182109129490649
"Cold variable",3.1,0.182923947211253
"Cold variable",3.2,0.183679910041801
"Cold variable",3.3,0.184378548032871
"Cold variable",3.4,0.185021391235043
"Cold variable",3.5,0.185609969698897
"Cold variable",3.6,0.186145813475012
"Cold variable",3.7,0.186630452613967
"Cold variable",3.8,0.187065417166343
"Cold variable",3.9,0.187452237182719
"Cold variable",4,0.187792442713674
"Cold variable",4.1,0.188087563809789
"Cold variable",4.2,0.188339130521642
"Cold variable",4.3,0.188548672899813
"Cold variable",4.4,0.188717720994883
"Cold variable",4.5,0.188847804857429
"Cold variable",4.6,0.188940454538033
"Cold variable",4.7,0.188997200087273
"Cold variable",4.8,0.18901957155573
"Cold variable",4.9,0.189009098993982
"Cold variable",5,0.18896731245261
"Cold variable",5.1,0.188895741982192
"Cold variable",5.2,0.188795917633309
"Cold variable",5.3,0.18866936945654
"Cold variable",5.4,0.188517627502465
"Cold variable",5.5,0.188342221821663
"Cold variable",5.6,0.188144682464714
"Cold variable",5.7,0.187926539482198
"Cold variable",5.8,0.187689322924693
"Cold variable",5.9,0.187434562842781
"Cold variable",6,0.187163789287039
"Cold variable",6.1,0.186878532308048
"Cold variable",6.2,0.186580321956388
"Cold variable",6.3,0.186270688282637
"Cold variable",6.4,0.185951161337376
"Cold variable",6.5,0.185623271171184
"Cold variable",6.6,0.185288547834641
"Cold variable",6.7,0.184948521378326
"Cold variable",6.8,0.184604721852819
"Cold variable",6.9,0.1842586793087
"Cold variable",7,0.183911923796548
"Cold variable",7.1,0.183565985366942
"Cold variable",7.2,0.183222394070462
"Cold variable",7.3,0.182882679957689
"Cold variable",7.4,0.1825483730792
"Cold variable",7.5,0.182221003485577
"Cold variable",7.6,0.181824680392082
"Cold variable",7.7,0.181286449903628
"Cold variable",7.8,0.180612247405267
"Cold variable",7.9,0.179808008282051
"Cold variable",8,0.178879667919032
"Cold variable",8.1,0.177833161701264
"Cold variable",8.2,0.176674425013797
"Cold variable",8.3,0.175409393241685
"Cold variable",8.4,0.174044001769979
"Cold variable",8.5,0.172584185983732
"Cold variable",8.6,0.171035881267996
"Cold variable",8.7,0.169405023007824
"Cold variable",8.8,0.167697546588267
"Cold variable",8.9,0.165919387394378
"Cold variable",9,0.164076480811209
"Cold variable",9.1,0.162174762223813
"Cold variable",9.2,0.160220167017242
"Cold variable",9.3,0.158218630576548
"Cold variable",9.4,0.156176088286783
"Cold variable",9.5,0.154098475532999
"Cold variable",9.6,0.15199172770025
"Cold variable",9.7,0.149861780173587
"Cold variable",9.8,0.147714568338062
"Cold variable",9.9,0.145556027578727
"Cold variable",10,0.143392093280636
"Cold variable",10.1,0.14122870082884
"Cold variable",10.2,0.139071785608391
"Cold variable",10.3,0.136927283004343
"Cold variable",10.4,0.134801128401746
"Cold variable",10.5,0.132699257185654
"Cold variable",10.6,0.130627604741118
"Cold variable",10.7,0.128592106453191
"Cold variable",10.8,0.126598697706925
"Cold variable",10.9,0.124653313887373
"Cold variable",11,0.122761890379586
"Cold variable",11.1,0.120930362568617
"Cold variable",11.2,0.119164665839519
"Cold variable",11.3,0.117470735577343
"Cold variable",11.4,0.115854507167142
"Cold variable",11.5,0.114321915993968
"Cold variable",11.6,0.112878897442873
"Cold variable",11.7,0.11153138689891
"Cold variable",11.8,0.110285319747131
"Cold variable",11.9,0.109146631372588
"Cold variable",12,0.108121257160333
"Cold variable",12.1,0.10721513249542
"Cold variable",12.2,0.106434192762899
"Cold variable",12.3,0.105784373347823
"Cold variable",12.4,0.105271609635245
"Cold variable",12.5,0.104901837010217
"Cold variable",12.6,0.104662862112889
"Cold variable",12.7,0.104535711314533
"Cold variable",12.8,0.104516149596881
"Cold variable",12.9,0.104599941941663
"Cold variable",13,0.104782853330613
"Cold variable",13.1,0.105060648745462
"Cold variable",13.2,0.105429093167942
"Cold variable",13.3,0.105883951579785
"Cold variable",13.4,0.106420988962723
"Cold variable",13.5,0.107035970298487
"Cold variable",13.6,0.10772466056881
"Cold variable",13.7,0.108482824755424
"Cold variable",13.8,0.10930622784006
"Cold variable",13.9,0.110190634804451
"Cold variable",14,0.111131810630328
"Cold variable",14.1,0.112125520299423
"Cold variable",14.2,0.113167528793468
"Cold variable",14.3,0.114253601094195
"Cold variable",14.4,0.115379502183336
"Cold variable",14.5,0.116540997042623
"Cold variable",14.6,0.117733850653788
"Cold variable",14.7,0.118953827998562
"Cold variable",14.8,0.120196694058678
"Cold variable",14.9,0.121458213815868
"Cold variable",15,0.122734152251863
"Cold variable",15.1,0.124020274348395
"Cold variable",15.2,0.125312345087196
"Cold variable",15.3,0.126606129449998
"Cold variable",15.4,0.127897392418534
"Cold variable",15.5,0.129181898974534
"Cold variable",15.6,0.130455414099731
"Cold variable",15.7,0.131713702775857
"Cold variable",15.8,0.132952529984644
"Cold variable",15.9,0.134167660707823
"Cold variable",16,0.135354859927127
"Cold variable",16.1,0.136509892624287
"Cold variable",16.2,0.137628523781035
"Cold variable",16.3,0.138706518379103
"Cold variable",16.4,0.139739641400224
"Cold variable",16.5,0.140723657826129
"Cold variable",16.6,0.141654332638549
"Cold variable",16.7,0.142527430819217
"Cold variable",16.8,0.143338717349866
"Cold variable",16.9,0.144083957212225
"Cold variable",17,0.144758915388029
"Cold variable",17.1,0.145359356859007
"Cold variable",17.2,0.145881046606894
"Cold variable",17.3,0.146319749613419
"Cold variable",17.4,0.146671230860316
"Cold variable",17.5,0.146931255329316
"Cold variable",17.6,0.147158434416262
"Cold variable",17.7,0.14741307519985
"Cold variable",17.8,0.14769348618609
"Cold variable",17.9,0.147997975880989
"Cold variable",18,0.148324852790557
"Cold variable",18.1,0.148672425420803
"Cold variable",18.2,0.149039002277736
"Cold variable",18.3,0.149422891867365
"Cold variable",18.4,0.1498224026957
"Cold variable",18.5,0.150235843268749
"Cold variable",18.6,0.150661522092521
"Cold variable",18.7,0.151097747673025
"Cold variable",18.8,0.151542828516271
"Cold variable",18.9,0.151995073128268
"Cold variable",19,0.152452790015024
"Cold variable",19.1,0.152914287682549
"Cold variable",19.2,0.153377874636851
"Cold variable",19.3,0.153841859383941
"Cold variable",19.4,0.154304550429826
"Cold variable",19.5,0.154764256280516
"Cold variable",19.6,0.15521928544202
"Cold variable",19.7,0.155667946420347
"Cold variable",19.8,0.156108547721506
"Cold variable",19.9,0.156539397851507
"Cold variable",20,0.156958805316357
"Cold variable",20.1,0.157365078622067
"Cold variable",20.2,0.157756526274645
"Cold variable",20.3,0.158131456780101
"Cold variable",20.4,0.158488178644443
"Cold variable",20.5,0.158825000373681
"Cold variable",20.6,0.159140230473823
"Cold variable",20.7,0.159432177450879
"Cold variable",20.8,0.159699149810857
"Cold variable",20.9,0.159939456059768
"Cold variable",21,0.160151404703619
"Cold variable",21.1,0.16033330424842
"Cold variable",21.2,0.16048346320018
"Cold variable",21.3,0.160600190064909
"Cold variable",21.4,0.160681793348614
"Cold variable",21.5,0.160726581557305
"Cold variable",21.6,0.160732863196992
"Cold variable",21.7,0.160698946773683
"Cold variable",21.8,0.160623140793387
"Cold variable",21.9,0.160503753762114
"Cold variable",22,0.160339094185872
"Cold variable",22.1,0.160127470570671
"Cold variable",22.2,0.159867191422519
"Cold variable",22.3,0.159556565247426
"Cold variable",22.4,0.159193900551401
"Cold variable",22.5,0.158777505840452
"Cold variable",22.6,0.15831211084204
"Cold variable",22.7,0.157804401829092
"Cold variable",22.8,0.157255622125819
"Cold variable",22.9,0.156667015056435
"Cold variable",23,0.15603982394515
"Cold variable",23.1,0.155375292116177
"Cold variable",23.2,0.154674662893727
"Cold variable",23.3,0.153939179602013
"Cold variable",23.4,0.153170085565246
"Cold variable",23.5,0.152368624107638
"Cold variable",23.6,0.151536038553401
"Cold variable",23.7,0.150673572226747
"Cold variable",23.8,0.149782468451888
"Cold variable",23.9,0.148863970553035
"Cold variable",24,0.147919321854402
"Cold variable",24.1,0.146949765680199
"Cold variable",24.2,0.145956545354638
"Cold variable",24.3,0.144940904201931
"Cold variable",24.4,0.143904085546291
"Cold variable",24.5,0.142847332711928
"Cold variable",24.6,0.141771889023056
"Cold variable",24.7,0.140678997803885
"Cold variable",24.8,0.139569902378629
"Cold variable",24.9,0.138445846071497
"Cold variable",25,0.137308072206704
"Cold variable",25.1,0.136157824108459
"Cold variable",25.2,0.134996345100976
"Cold variable",25.3,0.133824878508467
"Cold variable",25.4,0.132644667655142
"Cold variable",25.5,0.131456955865214
"Cold variable",25.6,0.130262986462895
"Cold variable",25.7,0.129064002772397
"Cold variable",25.8,0.127861248117931
"Cold variable",25.9,0.12665596582371
"Cold variable",26,0.125449399213946
"Cold variable",26.1,0.124242791612849
"Cold variable",26.2,0.123037386344633
"Cold variable",26.3,0.121834426733509
"Cold variable",26.4,0.120635156103689
"Cold variable",26.5,0.119440817779385
"Cold variable",26.6,0.118252655084808
"Cold variable",26.7,0.117071911344171
"Cold variable",26.8,0.115899829881686
"Cold variable",26.9,0.114737654021564
"Cold variable",27,0.113586627088017
"Cold variable",27.1,0.112447992405258
"Cold variable",27.2,0.111322993297497
"Cold variable",27.3,0.110212873088948
"Cold variable",27.4,0.109118875103821
"Cold variable",27.5,0.10804224266633
"Cold variable",27.6,0.106935538833518
"Cold variable",27.7,0.105752653021864
"Cold variable",27.8,0.104496818094728
"Cold variable",27.9,0.103171266915468
"Cold variable",28,0.101779232347445
"Cold variable",28.1,0.100323947254018
"Cold variable",28.2,0.0988086444985474
"Cold variable",28.3,0.0972365569443923
"Cold variable",28.4,0.0956109174549125
"Cold variable",28.5,0.0939349588934677
"Cold variable",28.6,0.0922119141234174
"Cold variable",28.7,0.0904450160081216
"Cold variable",28.8,0.0886374974109396
"Cold variable",28.9,0.0867925911952315
"Cold variable",29,0.0849135302243566
"Cold variable",29.1,0.0830035473616746
"Cold variable",29.2,0.0810658754705454
"Cold variable",29.3,0.0791037474143284
"Cold variable",29.4,0.0771203960563837
"Cold variable",29.5,0.0751190542600704
"Cold variable",29.6,0.0731029548887485
"Cold variable",29.7,0.0710753308057776
"Cold variable",29.8,0.0690394148745175
"Cold variable",29.9,0.0669984399583278
"Cold variable",30,0.064955638920568
"Cold variable",30.1,0.0629142446245979
"Cold variable",30.2,0.0608774899337771
"Cold variable",30.3,0.0588486077114654
"Cold variable",30.4,0.0568308308210226
"Cold variable",30.5,0.054827392125808
"Cold variable",30.6,0.0528415244891814
"Cold variable",30.7,0.0508764607745026
"Cold variable",30.8,0.0489354338451311
"Cold variable",30.9,0.0470216765644269
"Cold variable",31,0.0451384217957492
"Cold variable",31.1,0.043288902402458
"Cold variable",31.2,0.0414763512479128
"Cold variable",31.3,0.0397040011954733
"Cold variable",31.4,0.0379750851084994
"Cold variable",31.5,0.0362928358503504
"Cold variable",31.6,0.0346604862843862
"Cold variable",31.7,0.0330812692739665
"Cold variable",31.8,0.0315584176824507
"Cold variable",31.9,0.0300951643731989
"Cold variable",32,0.0286947422095704
"Cold variable",32.1,0.027360384054925
"Cold variable",32.2,0.0260953227726224
"Cold variable",32.3,0.0249027912260222
"Cold variable",32.4,0.0237860222784842
"Cold variable",32.5,0.0227482487933679
"Cold variable",32.6,0.0217598596896944
"Cold variable",32.7,0.020788957698467
"Cold variable",32.8,0.0198353464010187
"Cold variable",32.9,0.0188988293786826
"Cold variable",33,0.0179792102127914
"Cold variable",33.1,0.0170762924846782
"Cold variable",33.2,0.016189879775676
"Cold variable",33.3,0.0153197756671179
"Cold variable",33.4,0.0144657837403367
"Cold variable",33.5,0.0136277075766656
"Cold variable",33.6,0.0128053507574373
"Cold variable",33.7,0.011998516863985
"Cold variable",33.8,0.0112070094776417
"Cold variable",33.9,0.0104306321797402
"Cold variable",34,0.00966918855161363
"Cold variable",34.1,0.00892248217459491
"Cold variable",34.2,0.00819031663001705
"Cold variable",34.3,0.00747249549921303
"Cold variable",34.4,0.00676882236351584
"Cold variable",34.5,0.00607910080425851
"Cold variable",34.6,0.00540313440277393
"Cold variable",34.7,0.00474072674039513
"Cold variable",34.8,0.0040916813984551
"Cold variable",34.9,0.00345580195828681
"Cold variable",35,0.00283289200122331
"Cold variable",35.1,0.00222275510859748
"Cold variable",35.2,0.00162519486174234
"Cold variable",35.3,0.00104001484199091
"Cold variable",35.4,0.000467018630676135
"Cold variable",35.5,0
"Cold variable",35.6,0
"Cold variable",35.7,0
"Cold variable",35.8,0
"Cold variable",35.9,0
"Cold variable",36,0
"Cold variable",36.1,0
"Cold variable",36.2,0
"Cold variable",36.3,0
"Cold variable",36.4,0
"Cold variable",36.5,0
"Cold variable",36.6,0
"Cold variable",36.7,0
"Cold variable",36.8,0
"Cold variable",36.9,0
"Cold variable",37,0
"Cold variable",37.1,0
"Cold variable",37.2,0
"Cold variable",37.3,0
"Cold variable",37.4,0
"Cold variable",37.5,0
"Cold variable",37.6,0
"Cold variable",37.7,0
"Cold variable",37.8,0
"Cold variable",37.9,0
"Cold variable",38,0
"Cold variable",38.1,0
"Cold variable",38.2,0
"Cold variable",38.3,0
"Cold variable",38.4,0
"Cold variable",38.5,0
"Cold variable",38.6,0
"Cold variable",38.7,0
"Cold variable",38.8,0
"Cold variable",38.9,0
"Cold variable",39,0
"Cold variable",39.1,0
"Cold variable",39.2,0
"Cold variable",39.3,0
"Cold variable",39.4,0
"Cold variable",39.5,0
"Cold variable",39.6,0
"Cold variable",39.7,0
"Cold variable",39.8,0
"Cold variable",39.9,0
"Cold variable",40,0
"Cold variable",40.1,0
"Cold variable",40.2,0
"Cold variable",40.3,0
"Cold variable",40.4,0
"Cold variable",40.5,0
"Cold variable",40.6,0
"Cold variable",40.7,0
"Cold variable",40.8,0
"Cold variable",40.9,0
"Cold variable",41,0
"Cold variable",41.1,0
"Cold variable",41.2,0
"Cold variable",41.3,0
"Cold variable",41.4,0
"Cold variable",41.5,0
"Cold variable",41.6,0
"Cold variable",41.7,0
"Cold variable",41.8,0
"Cold variable",41.9,0
"Cold variable",42,0
"Cold variable",42.1,0
"Cold variable",42.2,0
"Cold variable",42.3,0
"Cold variable",42.4,0
"Cold variable",42.5,0
"Cold variable",42.6,0
"Cold variable",42.7,0
"Cold variable",42.8,0
"Cold variable",42.9,0
"Cold variable",43,0
"Cold variable",43.1,0
"Cold variable",43.2,0
"Cold variable",43.3,0
"Cold variable",43.4,0
"Cold variable",43.5,0
"Cold variable",43.6,0
"Cold variable",43.7,0
"Cold variable",43.8,0
"Cold variable",43.9,0
"Cold variable",44,0
"Cold variable",44.1,0
"Cold variable",44.2,0
"Cold variable",44.3,0
"Cold variable",44.4,0
"Cold variable",44.5,0
"Cold variable",44.6,0
"Cold variable",44.7,0
"Cold variable",44.8,0
"Cold variable",44.9,0
"Cold variable",45,0
"Cold variable",45.1,0
"Cold variable",45.2,0
"Cold variable",45.3,0
"Cold variable",45.4,0
"Cold variable",45.5,0
"Cold variable",45.6,0
"Cold variable",45.7,0
"Cold variable",45.8,0
"Cold variable",45.9,0
"Cold variable",46,0
"Cold variable",46.1,0
"Cold variable",46.2,0
"Cold variable",46.3,0
"Cold variable",46.4,0
"Cold variable",46.5,0
"Cold variable",46.6,0
"Cold variable",46.7,0
"Cold variable",46.8,0
"Cold variable",46.9,0
"Cold variable",47,0
"Cold variable",47.1,0
"Cold variable",47.2,0
"Cold variable",47.3,0
"Cold variable",47.4,0
"Cold variable",47.5,0
"Cold variable",47.6,0
"Cold variable",47.7,0
"Cold variable",47.8,0
"Cold variable",47.9,0
"Cold variable",48,0
"Cold variable",48.1,0
"Cold variable",48.2,0
"Cold variable",48.3,0
"Cold variable",48.4,0
"Cold variable",48.5,0
"Cold variable",48.6,0
"Cold variable",48.7,0
"Cold variable",48.8,0
"Cold variable",48.9,0
"Cold variable",49,0
"Cold variable",49.1,0
"Cold variable",49.2,0
"Cold variable",49.3,0
"Cold variable",49.4,0
"Cold variable",49.5,0
"Cold variable",49.6,0
"Cold variable",49.7,0
"Cold variable",49.8,0
"Cold variable",49.9,0
"Cold variable",50,0
"Cold variable",50.1,0
"Cold variable",50.2,0
"Cold variable",50.3,0
"Cold variable",50.4,0
"Cold variable",50.5,0
"Cold variable",50.6,0
"Cold variable",50.7,0
"Cold variable",50.8,0
"Cold variable",50.9,0
"Cold variable",51,0
"Cold variable",51.1,0
"Cold variable",51.2,0
"Cold variable",51.3,0
"Cold variable",51.4,0
"Cold variable",51.5,0
"Cold variable",51.6,0
"Cold variable",51.7,0
"Cold variable",51.8,0
"Cold variable",51.9,0
"Cold variable",52,0
"Cold variable",52.1,0
"Cold variable",52.2,0
"Cold variable",52.3,0
"Cold variable",52.4,0
"Cold variable",52.5,0
"Cold variable",52.6,0
"Cold variable",52.7,0
"Cold variable",52.8,0
"Cold variable",52.9,0
"Cold variable",53,0
"Cold variable",53.1,0
"Cold variable",53.2,0
"Cold variable",53.3,0
"Cold variable",53.4,0
"Cold variable",53.5,0
"Cold variable",53.6,0
"Cold variable",53.7,0
"Cold variable",53.8,0
"Cold variable",53.9,0
"Cold variable",54,0
"Cold variable",54.1,0
"Cold variable",54.2,0
"Cold variable",54.3,0
"Cold variable",54.4,0
"Cold variable",54.5,0
"Cold variable",54.6,0
"Cold variable",54.7,0
"Cold variable",54.8,0
"Cold variable",54.9,0
"Cold variable",55,0
"Cold variable",55.1,0
"Cold variable",55.2,0
"Cold variable",55.3,0
"Cold variable",55.4,0
"Cold variable",55.5,0
"Cold variable",55.6,0
"Cold variable",55.7,0
"Cold variable",55.8,0
"Cold variable",55.9,0
"Cold variable",56,0
"Cold variable",56.1,0
"Cold variable",56.2,0
"Cold variable",56.3,0
"Cold variable",56.4,0
"Cold variable",56.5,0
"Cold variable",56.6,0
"Cold variable",56.7,0
"Cold variable",56.8,0
"Cold variable",56.9,0
"Cold variable",57,0
"Cold variable",57.1,0
"Cold variable",57.2,0
"Cold variable",57.3,0
"Cold variable",57.4,0
"Cold variable",57.5,0
"Cold variable",57.6,0
"Cold variable",57.7,0
"Cold variable",57.8,0
"Cold variable",57.9,0
"Cold variable",58,0
"Cold variable",58.1,0
"Cold variable",58.2,0
"Cold variable",58.3,0
"Cold variable",58.4,0
"Cold variable",58.5,0
"Cold variable",58.6,0
"Cold variable",58.7,0
"Cold variable",58.8,0
"Cold variable",58.9,0
"Cold variable",59,0
"Cold variable",59.1,0
"Cold variable",59.2,0
"Cold variable",59.3,0
"Cold variable",59.4,0
"Cold variable",59.5,0
"Cold variable",59.6,0
"Cold variable",59.7,0
"Cold variable",59.8,0
"Cold variable",59.9,0
"Cold variable",60,0
"Cold variable",60.1,0
"Cold variable",60.2,0
"Cold variable",60.3,0
"Cold variable",60.4,0
"Cold variable",60.5,0
"Cold variable",60.6,0
"Cold variable",60.7,0
"Cold variable",60.8,0
"Cold variable",60.9,0
"Cold variable",61,0
"Cold variable",61.1,0
"Cold variable",61.2,0
"Cold variable",61.3,0
"Cold variable",61.4,0
"Cold variable",61.5,0
"Cold variable",61.6,0
"Cold variable",61.7,0
"Cold variable",61.8,0
"Cold variable",61.9,0
"Cold variable",62,0
"Cold variable",62.1,0
"Cold variable",62.2,0
"Cold variable",62.3,0
"Cold variable",62.4,0
"Cold variable",62.5,0
"Hot stable",-5,0
"Hot stable",-4.9,0
"Hot stable",-4.8,0
"Hot stable",-4.7,0
"Hot stable",-4.6,0
"Hot stable",-4.5,0
"Hot stable",-4.4,0
"Hot stable",-4.3,0
"Hot stable",-4.2,0
"Hot stable",-4.1,0
"Hot stable",-4,0
"Hot stable",-3.9,0
"Hot stable",-3.8,0
"Hot stable",-3.7,0
"Hot stable",-3.6,0
"Hot stable",-3.5,0
"Hot stable",-3.4,0
"Hot stable",-3.3,0
"Hot stable",-3.2,0
"Hot stable",-3.1,0
"Hot stable",-3,0
"Hot stable",-2.9,0
"Hot stable",-2.8,0
"Hot stable",-2.7,0
"Hot stable",-2.6,0
"Hot stable",-2.5,0.00014063757652851
"Hot stable",-2.4,0.00117095337706085
"Hot stable",-2.3,0.00223772612416129
"Hot stable",-2.2,0.00333995584952059
"Hot stable",-2.1,0.00447664258482948
"Hot stable",-2,0.00564678636177872
"Hot stable",-1.9,0.00684938721205905
"Hot stable",-1.8,0.00808344516736124
"Hot stable",-1.7,0.00934796025937601
"Hot stable",-1.6,0.0106419325197941
"Hot stable",-1.5,0.0119643619803063
"Hot stable",-1.4,0.0133142486726034
"Hot stable",-1.3,0.0146905926283761
"Hot stable",-1.2,0.016092393879315
"Hot stable",-1.1,0.0175186524571111
"Hot stable",-1,0.018968368393455
"Hot stable",-0.899999999999999,0.0204405417200375
"Hot stable",-0.8,0.0219341724685493
"Hot stable",-0.7,0.0234482606706813
"Hot stable",-0.6,0.024981806358124
"Hot stable",-0.5,0.0265338095625683
"Hot stable",-0.399999999999999,0.028103270315705
"Hot stable",-0.3,0.0296891886492247
"Hot stable",-0.199999999999999,0.0312905645948183
"Hot stable",-0.0999999999999996,0.0329063981841764
"Hot stable",0,0.0345356894489899
"Hot stable",0.100000000000001,0.0361774384209495
"Hot stable",0.2,0.0378306451317458
"Hot stable",0.300000000000001,0.0394943096130698
"Hot stable",0.4,0.041167431896612
"Hot stable",0.5,0.0428490120140634
"Hot stable",0.600000000000001,0.0445380499971145
"Hot stable",0.7,0.0462335458774562
"Hot stable",0.800000000000001,0.0479344996867793
"Hot stable",0.9,0.0496399114567744
"Hot stable",1,0.0513487812191323
"Hot stable",1.1,0.0530601090055438
"Hot stable",1.2,0.0547728948476996
"Hot stable",1.3,0.0564861387772904
"Hot stable",1.4,0.0581988408260071
"Hot stable",1.5,0.0599100010255403
"Hot stable",1.6,0.0616186194075809
"Hot stable",1.7,0.0633236960038194
"Hot stable",1.8,0.0650242308459468
"Hot stable",1.9,0.0667192239656538
"Hot stable",2,0.068407675394631
"Hot stable",2.1,0.0700885851645693
"Hot stable",2.2,0.0717609533071595
"Hot stable",2.3,0.0734237798540921
"Hot stable",2.4,0.0750760648370581
"Hot stable",2.5,0.0767168082877481
"Hot stable",2.6,0.0783919324849088
"Hot stable",2.7,0.0801459252747763
"Hot stable",2.8,0.0819756350402751
"Hot stable",2.9,0.08387791016433
"Hot stable",3,0.0858495990298657
"Hot stable",3.1,0.0878875500198067
"Hot stable",3.2,0.0899886115170779
"Hot stable",3.3,0.0921496319046038
"Hot stable",3.4,0.0943674595653092
"Hot stable",3.5,0.0966389428821187
"Hot stable",3.6,0.0989609302379569
"Hot stable",3.7,0.101330270015749
"Hot stable",3.8,0.103743810598419
"Hot stable",3.9,0.106198400368891
"Hot stable",4,0.108690887710092
"Hot stable",4.1,0.111218121004944
"Hot stable",4.2,0.113776948636373
"Hot stable",4.3,0.116364218987304
"Hot stable",4.4,0.118976780440661
"Hot stable",4.5,0.121611481379369
"Hot stable",4.6,0.124265170186352
"Hot stable",4.7,0.126934695244536
"Hot stable",4.8,0.129616904936844
"Hot stable",4.9,0.132308647646203
"Hot stable",5,0.135006771755535
"Hot stable",5.1,0.137708125647766
"Hot stable",5.2,0.140409557705821
"Hot stable",5.3,0.143107916312624
"Hot stable",5.4,0.145800049851101
"Hot stable",5.5,0.148482806704174
"Hot stable",5.6,0.151153035254771
"Hot stable",5.7,0.153807583885814
"Hot stable",5.8,0.156443300980229
"Hot stable",5.9,0.15905703492094
"Hot stable",6,0.161645634090872
"Hot stable",6.1,0.16420594687295
"Hot stable",6.2,0.166734821650098
"Hot stable",6.3,0.169229106805241
"Hot stable",6.4,0.171685650721304
"Hot stable",6.5,0.174101301781211
"Hot stable",6.6,0.176472908367888
"Hot stable",6.7,0.178797318864258
"Hot stable",6.8,0.181071381653247
"Hot stable",6.9,0.183291945117779
"Hot stable",7,0.185455857640778
"Hot stable",7.1,0.18755996760517
"Hot stable",7.2,0.189601123393879
"Hot stable",7.3,0.19157617338983
"Hot stable",7.4,0.193481965975947
"Hot stable",7.5,0.195315349535156
"Hot stable",7.6,0.197154670648241
"Hot stable",7.7,0.199077181317008
"Hot stable",7.8,0.201078088055916
"Hot stable",7.9,0.203152597379421
"Hot stable",8,0.20529591580198
"Hot stable",8.1,0.20750324983805
"Hot stable",8.2,0.209769806002088
"Hot stable",8.3,0.212090790808552
"Hot stable",8.4,0.214461410771897
"Hot stable",8.5,0.216876872406583
"Hot stable",8.6,0.219332382227065
"Hot stable",8.7,0.2218231467478
"Hot stable",8.8,0.224344372483246
"Hot stable",8.9,0.226891265947859
"Hot stable",9,0.229459033656098
"Hot stable",9.1,0.232042882122418
"Hot stable",9.2,0.234638017861277
"Hot stable",9.3,0.237239647387132
"Hot stable",9.4,0.239842977214439
"Hot stable",9.5,0.242443213857657
"Hot stable",9.6,0.245035563831242
"Hot stable",9.7,0.247615233649651
"Hot stable",9.8,0.250177429827342
"Hot stable",9.9,0.25271735887877
"Hot stable",10,0.255230227318394
"Hot stable",10.1,0.25771124166067
"Hot stable",10.2,0.260155608420056
"Hot stable",10.3,0.262558534111008
"Hot stable",10.4,0.264915225247984
"Hot stable",10.5,0.267220888345441
"Hot stable",10.6,0.269470729917835
"Hot stable",10.7,0.271659956479624
"Hot stable",10.8,0.273783774545265
"Hot stable",10.9,0.275837390629214
"Hot stable",11,0.27781601124593
"Hot stable",11.1,0.279714842909869
"Hot stable",11.2,0.281529092135487
"Hot stable",11.3,0.283253965437243
"Hot stable",11.4,0.284884669329593
"Hot stable",11.5,0.286416410326994
"Hot stable",11.6,0.287844394943904
"Hot stable",11.7,0.289163829694779
"Hot stable",11.8,0.290369921094076
"Hot stable",11.9,0.291457875656253
"Hot stable",12,0.292422899895767
"Hot stable",12.1,0.293260200327074
"Hot stable",12.2,0.293964983464632
"Hot stable",12.3,0.294532455822897
"Hot stable",12.4,0.294957823916328
"Hot stable",12.5,0.29523629425938
"Hot stable",12.6,0.295343547784789
"Hot stable",12.7,0.295262959740333
"Hot stable",12.8,0.295001278113033
"Hot stable",12.9,0.294565250889909
"Hot stable",13,0.293961626057984
"Hot stable",13.1,0.293197151604278
"Hot stable",13.2,0.292278575515811
"Hot stable",13.3,0.291212645779605
"Hot stable",13.4,0.290006110382682
"Hot stable",13.5,0.288665717312061
"Hot stable",13.6,0.287198214554764
"Hot stable",13.7,0.285610350097813
"Hot stable",13.8,0.283908871928227
"Hot stable",13.9,0.282100528033029
"Hot stable",14,0.280192066399238
"Hot stable",14.1,0.278190235013877
"Hot stable",14.2,0.276101781863966
"Hot stable",14.3,0.273933454936526
"Hot stable",14.4,0.271692002218578
"Hot stable",14.5,0.269384171697144
"Hot stable",14.6,0.267016711359243
"Hot stable",14.7,0.264596369191898
"Hot stable",14.8,0.26212989318213
"Hot stable",14.9,0.259624031316958
"Hot stable",15,0.257085531583405
"Hot stable",15.1,0.254521141968491
"Hot stable",15.2,0.251937610459238
"Hot stable",15.3,0.249341685042666
"Hot stable",15.4,0.246740113705796
"Hot stable",15.5,0.24413964443565
"Hot stable",15.6,0.241547025219248
"Hot stable",15.7,0.238969004043612
"Hot stable",15.8,0.236412328895762
"Hot stable",15.9,0.23388374776272
"Hot stable",16,0.231390008631506
"Hot stable",16.1,0.228937859489142
"Hot stable",16.2,0.226534048322648
"Hot stable",16.3,0.224185323119046
"Hot stable",16.4,0.221898431865357
"Hot stable",16.5,0.219680122548601
"Hot stable",16.6,0.2175371431558
"Hot stable",16.7,0.215476241673975
"Hot stable",16.8,0.213504166090147
"Hot stable",16.9,0.211627664391336
"Hot stable",17,0.209853484564564
"Hot stable",17.1,0.208188374596851
"Hot stable",17.2,0.20663908247522
"Hot stable",17.3,0.20521235618669
"Hot stable",17.4,0.203914943718283
"Hot stable",17.5,0.202753593057021
"Hot stable",17.6,0.201633778860713
"Hot stable",17.7,0.200458058329014
"Hot stable",17.8,0.199228803261705
"Hot stable",17.9,0.197948385458566
"Hot stable",18,0.19661917671938
"Hot stable",18.1,0.195243548843929
"Hot stable",18.2,0.193823873631993
"Hot stable",18.3,0.192362522883355
"Hot stable",18.4,0.190861868397796
"Hot stable",18.5,0.189324281975098
"Hot stable",18.6,0.187752135415042
"Hot stable",18.7,0.18614780051741
"Hot stable",18.8,0.184513649081983
"Hot stable",18.9,0.182852052908543
"Hot stable",19,0.181165383796872
"Hot stable",19.1,0.179456013546751
"Hot stable",19.2,0.177726313957962
"Hot stable",19.3,0.175978656830286
"Hot stable",19.4,0.174215413963505
"Hot stable",19.5,0.172438957157401
"Hot stable",19.6,0.170651658211755
"Hot stable",19.7,0.168855888926349
"Hot stable",19.8,0.167054021100964
"Hot stable",19.9,0.165248426535382
"Hot stable",20,0.163441477029384
"Hot stable",20.1,0.161635544382752
"Hot stable",20.2,0.159833000395269
"Hot stable",20.3,0.158036216866714
"Hot stable",20.4,0.15624756559687
"Hot stable",20.5,0.154469418385519
"Hot stable",20.6,0.152704147032442
"Hot stable",20.7,0.15095412333742
"Hot stable",20.8,0.149221719100236
"Hot stable",20.9,0.14750930612067
"Hot stable",21,0.145819256198505
"Hot stable",21.1,0.144153941133522
"Hot stable",21.2,0.142515732725502
"Hot stable",21.3,0.140907002774227
"Hot stable",21.4,0.13933012307948
"Hot stable",21.5,0.13778746544104
"Hot stable",21.6,0.136281401658691
"Hot stable",21.7,0.134814303532213
"Hot stable",21.8,0.133388542861388
"Hot stable",21.9,0.132006491445997
"Hot stable",22,0.130670521085823
"Hot stable",22.1,0.129383003580647
"Hot stable",22.2,0.12814631073025
"Hot stable",22.3,0.126962814334415
"Hot stable",22.4,0.125834886192922
"Hot stable",22.5,0.124764898105553
"Hot stable",22.6,0.12377148181896
"Hot stable",22.7,0.122869286499849
"Hot stable",22.8,0.12205471007809
"Hot stable",22.9,0.121324150483547
"Hot stable",23,0.120674005646089
"Hot stable",23.1,0.120100673495582
"Hot stable",23.2,0.119600551961894
"Hot stable",23.3,0.119170038974891
"Hot stable",23.4,0.118805532464441
"Hot stable",23.5,0.11850343036041
"Hot stable",23.6,0.118260130592666
"Hot stable",23.7,0.118072031091075
"Hot stable",23.8,0.117935529785505
"Hot stable",23.9,0.117847024605822
"Hot stable",24,0.117802913481894
"Hot stable",24.1,0.117799594343588
"Hot stable",24.2,0.11783346512077
"Hot stable",24.3,0.117900923743308
"Hot stable",24.4,0.117998368141068
"Hot stable",24.5,0.118122196243918
"Hot stable",24.6,0.118268805981725
"Hot stable",24.7,0.118434595284356
"Hot stable",24.8,0.118615962081678
"Hot stable",24.9,0.118809304303557
"Hot stable",25,0.119011019879861
"Hot stable",25.1,0.119217506740457
"Hot stable",25.2,0.119425162815211
"Hot stable",25.3,0.119630386033992
"Hot stable",25.4,0.119829574326666
"Hot stable",25.5,0.120019125623099
"Hot stable",25.6,0.120195437853159
"Hot stable",25.7,0.120354908946714
"Hot stable",25.8,0.120493936833629
"Hot stable",25.9,0.120608919443772
"Hot stable",26,0.12069625470701
"Hot stable",26.1,0.120752340553211
"Hot stable",26.2,0.12077357491224
"Hot stable",26.3,0.120756355713965
"Hot stable",26.4,0.120697080888254
"Hot stable",26.5,0.120592148364973
"Hot stable",26.6,0.120437956073988
"Hot stable",26.7,0.120230901945168
"Hot stable",26.8,0.119967383908379
"Hot stable",26.9,0.119643799893489
"Hot stable",27,0.119256547830363
"Hot stable",27.1,0.11880202564887
"Hot stable",27.2,0.118276631278876
"Hot stable",27.3,0.117676762650249
"Hot stable",27.4,0.116998817692854
"Hot stable",27.5,0.11623919433656
"Hot stable",27.6,0.115410003120816
"Hot stable",27.7,0.114527157497776
"Hot stable",27.8,0.113592759766361
"Hot stable",27.9,0.112608912225493
"Hot stable",28,0.111577717174094
"Hot stable",28.1,0.110501276911086
"Hot stable",28.2,0.10938169373539
"Hot stable",28.3,0.10822106994593
"Hot stable",28.4,0.107021507841626
"Hot stable",28.5,0.105785109721401
"Hot stable",28.6,0.104513977884176
"Hot stable",28.7,0.103210214628874
"Hot stable",28.8,0.101875922254415
"Hot stable",28.9,0.100513203059723
"Hot stable",29,0.0991241593437195
"Hot stable",29.1,0.0977108934053254
"Hot stable",29.2,0.0962755075434633
"Hot stable",29.3,0.0948201040570548
"Hot stable",29.4,0.0933467852450221
"Hot stable",29.5,0.0918576534062869
"Hot stable",29.6,0.0903548108397711
"Hot stable",29.7,0.0888403598443967
"Hot stable",29.8,0.0873164027190855
"Hot stable",29.9,0.0857850417627596
"Hot stable",30,0.0842483792743406
"Hot stable",30.1,0.0827085175527506
"Hot stable",30.2,0.0811675588969114
"Hot stable",30.3,0.079627605605745
"Hot stable",30.4,0.0780907599781733
"Hot stable",30.5,0.0765591243131181
"Hot stable",30.6,0.0750348009095014
"Hot stable",30.7,0.073519892066245
"Hot stable",30.8,0.0720165000822708
"Hot stable",30.9,0.0705267272565009
"Hot stable",31,0.069052675887857
"Hot stable",31.1,0.067596448275261
"Hot stable",31.2,0.0661601467176349
"Hot stable",31.3,0.0647458735139005
"Hot stable",31.4,0.0633557309629799
"Hot stable",31.5,0.0619918213637948
"Hot stable",31.6,0.0606562470152671
"Hot stable",31.7,0.0593511102163187
"Hot stable",31.8,0.0580785132658716
"Hot stable",31.9,0.0568405584628478
"Hot stable",32,0.0556393481061689
"Hot stable",32.1,0.054476984494757
"Hot stable",32.2,0.0533555699275339
"Hot stable",32.3,0.0522772067034216
"Hot stable",32.4,0.051243997121342
"Hot stable",32.5,0.0502580434802169
"Hot stable",32.6,0.0492801979818682
"Hot stable",32.7,0.0482710154939144
"Hot stable",32.8,0.0472321523139727
"Hot stable",32.9,0.0461652647396602
"Hot stable",33,0.0450720090685939
"Hot stable",33.1,0.043954041598391
"Hot stable",33.2,0.0428130186266685
"Hot stable",33.3,0.0416505964510436
"Hot stable",33.4,0.0404684313691333
"Hot stable",33.5,0.0392681796785549
"Hot stable",33.6,0.0380514976769252
"Hot stable",33.7,0.0368200416618614
"Hot stable",33.8,0.0355754679309807
"Hot stable",33.9,0.0343194327819002
"Hot stable",34,0.0330535925122369
"Hot stable",34.1,0.0317796034196079
"Hot stable",34.2,0.0304991218016304
"Hot stable",34.3,0.0292138039559213
"Hot stable",34.4,0.027925306180098
"Hot stable",34.5,0.0266352847717774
"Hot stable",34.6,0.0253453960285766
"Hot stable",34.7,0.0240572962481126
"Hot stable",34.8,0.0227726417280027
"Hot stable",34.9,0.021493088765864
"Hot stable",35,0.0202202936593135
"Hot stable",35.1,0.0189559127059683
"Hot stable",35.2,0.0177016022034454
"Hot stable",35.3,0.0164590184493621
"Hot stable",35.4,0.0152298177413354
"Hot stable",35.5,0.0140156563769825
"Hot stable",35.6,0.0128181906539203
"Hot stable",35.7,0.011639076869766
"Hot stable",35.8,0.0104799713221367
"Hot stable",35.9,0.00934253030864954
"Hot stable",36,0.00822841012692164
"Hot stable",36.1,0.00713926707456994
"Hot stable",36.2,0.00607675744921165
"Hot stable",36.3,0.00504253754846384
"Hot stable",36.4,0.00403826366994362
"Hot stable",36.5,0.00306559211126816
"Hot stable",36.6,0.00212617917005442
"Hot stable",36.7,0.00122168114391956
"Hot stable",36.8,0.000353754330480685
"Hot stable",36.9,0
"Hot stable",37,0
"Hot stable",37.1,0
"Hot stable",37.2,0
"Hot stable",37.3,0
"Hot stable",37.4,0
"Hot stable",37.5,0
"Hot stable",37.6,0
"Hot stable",37.7,0
"Hot stable",37.8,0
"Hot stable",37.9,0
"Hot stable",38,0
"Hot stable",38.1,0
"Hot stable",38.2,0
"Hot stable",38.3,0
"Hot stable",38.4,0
"Hot stable",38.5,0
"Hot stable",38.6,0
"Hot stable",38.7,0
"Hot stable",38.8,0
"Hot stable",38.9,0
"Hot stable",39,0
"Hot stable",39.1,0
"Hot stable",39.2,0
"Hot stable",39.3,0
"Hot stable",39.4,0
"Hot stable",39.5,0
"Hot stable",39.6,0
"Hot stable",39.7,0
"Hot stable",39.8,0
"Hot stable",39.9,0
"Hot stable",40,0
"Hot stable",40.1,0
"Hot stable",40.2,0
"Hot stable",40.3,0
"Hot stable",40.4,0
"Hot stable",40.5,0
"Hot stable",40.6,0
"Hot stable",40.7,0
"Hot stable",40.8,0
"Hot stable",40.9,0
"Hot stable",41,0
"Hot stable",41.1,0
"Hot stable",41.2,0.00023839774540433
"Hot stable",41.3,0.00054794565321172
"Hot stable",41.4,0.000839478789060841
"Hot stable",41.5,0.00111088306507315
"Hot stable",41.6,0.00136004439337015
"Hot stable",41.7,0.00158484868607331
"Hot stable",41.8,0.00178318185530409
"Hot stable",41.9,0.00195292981318396
"Hot stable",42,0.00209197847183438
"Hot stable",42.1,0.00219821374337686
"Hot stable",42.2,0.00226952153993285
"Hot stable",42.3,0.00230378777362383
"Hot stable",42.4,0.00229889835657126
"Hot stable",42.5,0.00225273920089663
"Hot stable",42.6,0.00218493704270656
"Hot stable",42.7,0.00211656490396604
"Hot stable",42.8,0.00204767812558404
"Hot stable",42.9,0.00197833204846954
"Hot stable",43,0.00190858201353152
"Hot stable",43.1,0.00183848336167895
"Hot stable",43.2,0.00176809143382082
"Hot stable",43.3,0.00169746157086609
"Hot stable",43.4,0.00162664911372374
"Hot stable",43.5,0.00155570940330276
"Hot stable",43.6,0.00148469778051211
"Hot stable",43.7,0.00141366958626078
"Hot stable",43.8,0.00134268016145774
"Hot stable",43.9,0.00127178484701197
"Hot stable",44,0.00120103898383245
"Hot stable",44.1,0.00113049791282815
"Hot stable",44.2,0.00106021697490804
"Hot stable",44.3,0.000990251510981116
"Hot stable",44.4,0.000920656861956343
"Hot stable",44.5,0.000851488368742705
"Hot stable",44.6,0.000782801372249169
"Hot stable",44.7,0.000714651213384717
"Hot stable",44.8,0.000647093233058326
"Hot stable",44.9,0.000580182772178973
"Hot stable",45,0.00051397517165564
"Hot stable",45.1,0.000448525772397294
"Hot stable",45.2,0.000383889915312915
"Hot stable",45.3,0.000320122941311483
"Hot stable",45.4,0.000257280191301973
"Hot stable",45.5,0.000195417006193367
"Hot stable",45.6,0.000134588726894632
"Hot stable",45.7,7.48506943147514e-05
"Hot stable",45.8,1.62582493627003e-05
"Hot stable",45.9,0
"Hot stable",46,0
"Hot stable",46.1,0
"Hot stable",46.2,0
"Hot stable",46.3,0
"Hot stable",46.4,0
"Hot stable",46.5,0
"Hot stable",46.6,0
"Hot stable",46.7,0
"Hot stable",46.8,0
"Hot stable",46.9,0
"Hot stable",47,0
"Hot stable",47.1,0
"Hot stable",47.2,0
"Hot stable",47.3,0
"Hot stable",47.4,0
"Hot stable",47.5,0
"Hot stable",47.6,0
"Hot stable",47.7,0
"Hot stable",47.8,0
"Hot stable",47.9,0
"Hot stable",48,0
"Hot stable",48.1,0
"Hot stable",48.2,0
"Hot stable",48.3,0
"Hot stable",48.4,0
"Hot stable",48.5,0
"Hot stable",48.6,0
"Hot stable",48.7,0
"Hot stable",48.8,0
"Hot stable",48.9,0
"Hot stable",49,0
"Hot stable",49.1,0
"Hot stable",49.2,0
"Hot stable",49.3,0
"Hot stable",49.4,0
"Hot stable",49.5,0
"Hot stable",49.6,0
"Hot stable",49.7,0
"Hot stable",49.8,0
"Hot stable",49.9,0
"Hot stable",50,0
"Hot stable",50.1,0
"Hot stable",50.2,0
"Hot stable",50.3,0
"Hot stable",50.4,0
"Hot stable",50.5,0
"Hot stable",50.6,0
"Hot stable",50.7,0
"Hot stable",50.8,0
"Hot stable",50.9,0
"Hot stable",51,0
"Hot stable",51.1,0
"Hot stable",51.2,0
"Hot stable",51.3,0
"Hot stable",51.4,0
"Hot stable",51.5,0
"Hot stable",51.6,0
"Hot stable",51.7,0
"Hot stable",51.8,0
"Hot stable",51.9,0
"Hot stable",52,0
"Hot stable",52.1,0
"Hot stable",52.2,0
"Hot stable",52.3,0
"Hot stable",52.4,0
"Hot stable",52.5,0
"Hot stable",52.6,0
"Hot stable",52.7,0
"Hot stable",52.8,0
"Hot stable",52.9,0
"Hot stable",53,0
"Hot stable",53.1,0
"Hot stable",53.2,0
"Hot stable",53.3,0
"Hot stable",53.4,0
"Hot stable",53.5,0
"Hot stable",53.6,0
"Hot stable",53.7,0
"Hot stable",53.8,0
"Hot stable",53.9,0
"Hot stable",54,0
"Hot stable",54.1,0
"Hot stable",54.2,0
"Hot stable",54.3,0
"Hot stable",54.4,0
"Hot stable",54.5,0
"Hot stable",54.6,0
"Hot stable",54.7,0
"Hot stable",54.8,0
"Hot stable",54.9,0
"Hot stable",55,0
"Hot stable",55.1,0
"Hot stable",55.2,0
"Hot stable",55.3,0
"Hot stable",55.4,0
"Hot stable",55.5,0
"Hot stable",55.6,0
"Hot stable",55.7,0
"Hot stable",55.8,0
"Hot stable",55.9,0
"Hot stable",56,0
"Hot stable",56.1,0
"Hot stable",56.2,0
"Hot stable",56.3,0
"Hot stable",56.4,0
"Hot stable",56.5,0
"Hot stable",56.6,0
"Hot stable",56.7,0
"Hot stable",56.8,0
"Hot stable",56.9,0
"Hot stable",57,0
"Hot stable",57.1,0
"Hot stable",57.2,0
"Hot stable",57.3,0
"Hot stable",57.4,0
"Hot stable",57.5,0
"Hot stable",57.6,0
"Hot stable",57.7,0
"Hot stable",57.8,0
"Hot stable",57.9,0
"Hot stable",58,0
"Hot stable",58.1,0
"Hot stable",58.2,0
"Hot stable",58.3,0
"Hot stable",58.4,0
"Hot stable",58.5,0
"Hot stable",58.6,0
"Hot stable",58.7,0
"Hot stable",58.8,0
"Hot stable",58.9,0
"Hot stable",59,0
"Hot stable",59.1,0
"Hot stable",59.2,0
"Hot stable",59.3,0
"Hot stable",59.4,0
"Hot stable",59.5,0
"Hot stable",59.6,0
"Hot stable",59.7,0
"Hot stable",59.8,0
"Hot stable",59.9,0
"Hot stable",60,0
"Hot stable",60.1,0
"Hot stable",60.2,0
"Hot stable",60.3,0
"Hot stable",60.4,0
"Hot stable",60.5,0
"Hot stable",60.6,0
"Hot stable",60.7,0
"Hot stable",60.8,0
"Hot stable",60.9,0
"Hot stable",61,1.86042643982507e-05
"Hot stable",61.1,3.79638239693291e-05
"Hot stable",61.2,5.75683665822418e-05
"Hot stable",61.3,7.74168837171738e-05
"Hot stable",61.4,9.7508366854311e-05
"Hot stable",61.5,0.000117841807473831
"Hot stable",61.6,0.000138416197055921
"Hot stable",61.7,0.00015923052708076
"Hot stable",61.8,0.000180283789028531
"Hot stable",61.9,0.000201574974379423
"Hot stable",62,0.000223103074613611
"Hot stable",62.1,0.000244867081211283
"Hot stable",62.2,0.000266865985652618
"Hot stable",62.3,0.0002890987794178
"Hot stable",62.4,0.000311564453987016
"Hot stable",62.5,0.000334262000840442
"Hot variable",-5,0
"Hot variable",-4.9,0
"Hot variable",-4.8,0
"Hot variable",-4.7,0
"Hot variable",-4.6,0
"Hot variable",-4.5,0
"Hot variable",-4.4,0
"Hot variable",-4.3,0
"Hot variable",-4.2,0
"Hot variable",-4.1,0
"Hot variable",-4,0
"Hot variable",-3.9,0
"Hot variable",-3.8,0
"Hot variable",-3.7,0
"Hot variable",-3.6,0
"Hot variable",-3.5,0
"Hot variable",-3.4,0
"Hot variable",-3.3,0
"Hot variable",-3.2,0
"Hot variable",-3.1,0
"Hot variable",-3,0
"Hot variable",-2.9,0
"Hot variable",-2.8,0
"Hot variable",-2.7,0
"Hot variable",-2.6,0
"Hot variable",-2.5,0
"Hot variable",-2.4,0
"Hot variable",-2.3,0
"Hot variable",-2.2,0
"Hot variable",-2.1,0
"Hot variable",-2,0
"Hot variable",-1.9,0
"Hot variable",-1.8,0
"Hot variable",-1.7,0
"Hot variable",-1.6,0
"Hot variable",-1.5,0
"Hot variable",-1.4,0
"Hot variable",-1.3,0
"Hot variable",-1.2,0
"Hot variable",-1.1,0
"Hot variable",-1,0
"Hot variable",-0.899999999999999,0
"Hot variable",-0.8,9.48089331780561e-05
"Hot variable",-0.7,0.000558883879978723
"Hot variable",-0.6,0.00104006529093492
"Hot variable",-0.5,0.00153805165105319
"Hot variable",-0.399999999999999,0.00205254144534006
"Hot variable",-0.3,0.00258323315880208
"Hot variable",-0.199999999999999,0.00312982527644578
"Hot variable",-0.0999999999999996,0.0036920162832777
"Hot variable",0,0.00426950466430437
"Hot variable",0.100000000000001,0.00486198890453235
"Hot variable",0.2,0.00546916748896815
"Hot variable",0.300000000000001,0.00609073890261834
"Hot variable",0.4,0.00672640163048942
"Hot variable",0.5,0.00737585415758796
"Hot variable",0.600000000000001,0.00803879496892049
"Hot variable",0.7,0.00871492254949353
"Hot variable",0.800000000000001,0.00940393538431365
"Hot variable",0.9,0.0101055319583873
"Hot variable",1,0.0108194107567212
"Hot variable",1.1,0.0115452702643217
"Hot variable",1.2,0.0122828089661954
"Hot variable",1.3,0.0130317253473489
"Hot variable",1.4,0.0137917178927887
"Hot variable",1.5,0.0145624850875213
"Hot variable",1.6,0.0153437254165533
"Hot variable",1.7,0.0161351373648911
"Hot variable",1.8,0.0169364194175415
"Hot variable",1.9,0.0177472700595107
"Hot variable",2,0.0185673877758055
"Hot variable",2.1,0.0193964710514324
"Hot variable",2.2,0.0202342183713979
"Hot variable",2.3,0.0210803282207084
"Hot variable",2.4,0.0219344990843707
"Hot variable",2.5,0.0227964294473911
"Hot variable",2.6,0.02367949749777
"Hot variable",2.7,0.0245966742570022
"Hot variable",2.8,0.0255470474603362
"Hot variable",2.9,0.0265297048430205
"Hot variable",3,0.0275437341403034
"Hot variable",3.1,0.0285882230874336
"Hot variable",3.2,0.0296622594196594
"Hot variable",3.3,0.0307649308722294
"Hot variable",3.4,0.031895325180392
"Hot variable",3.5,0.0330525300793957
"Hot variable",3.6,0.0342356333044889
"Hot variable",3.7,0.0354437225909202
"Hot variable",3.8,0.036675885673938
"Hot variable",3.9,0.0379312102887907
"Hot variable",4,0.0392087841707269
"Hot variable",4.1,0.0405076950549951
"Hot variable",4.2,0.0418270306768436
"Hot variable",4.3,0.043165878771521
"Hot variable",4.4,0.0445233270742758
"Hot variable",4.5,0.0458984633203564
"Hot variable",4.6,0.0472903752450112
"Hot variable",4.7,0.0486981505834889
"Hot variable",4.8,0.0501208770710377
"Hot variable",4.9,0.0515576424429063
"Hot variable",5,0.053007534434343
"Hot variable",5.1,0.0544696407805964
"Hot variable",5.2,0.055943049216915
"Hot variable",5.3,0.0574268474785471
"Hot variable",5.4,0.0589201233007413
"Hot variable",5.5,0.060421964418746
"Hot variable",5.6,0.0619314585678098
"Hot variable",5.7,0.063447693483181
"Hot variable",5.8,0.0649697569001082
"Hot variable",5.9,0.0664967365538398
"Hot variable",6,0.0680277201796244
"Hot variable",6.1,0.0695617955127104
"Hot variable",6.2,0.0710980502883461
"Hot variable",6.3,0.0726355722417802
"Hot variable",6.4,0.0741734491082612
"Hot variable",6.5,0.0757107686230373
"Hot variable",6.6,0.0772466185213573
"Hot variable",6.7,0.0787800865384694
"Hot variable",6.8,0.0803102604096222
"Hot variable",6.9,0.0818362278700643
"Hot variable",7,0.0833570766550439
"Hot variable",7.1,0.0848718944998096
"Hot variable",7.2,0.0863797691396099
"Hot variable",7.3,0.0878797883096933
"Hot variable",7.4,0.0893710397453082
"Hot variable",7.5,0.0908526111817031
"Hot variable",7.6,0.092380326178992
"Hot variable",7.7,0.0940075444626836
"Hot variable",7.8,0.0957296580161189
"Hot variable",7.9,0.0975420588226387
"Hot variable",8,0.0994401388655839
"Hot variable",8.1,0.101419290128295
"Hot variable",8.2,0.103474904594114
"Hot variable",8.3,0.10560237424638
"Hot variable",8.4,0.107797091068435
"Hot variable",8.5,0.11005444704362
"Hot variable",8.6,0.112369834155275
"Hot variable",8.7,0.114738644386742
"Hot variable",8.8,0.117156269721361
"Hot variable",8.9,0.119618102142473
"Hot variable",9,0.122119533633418
"Hot variable",9.1,0.124655956177539
"Hot variable",9.2,0.127222761758175
"Hot variable",9.3,0.129815342358668
"Hot variable",9.4,0.132429089962358
"Hot variable",9.5,0.135059396552586
"Hot variable",9.6,0.137701654112693
"Hot variable",9.7,0.14035125462602
"Hot variable",9.8,0.143003590075908
"Hot variable",9.9,0.145654052445698
"Hot variable",10,0.148298033718729
"Hot variable",10.1,0.150930925878345
"Hot variable",10.2,0.153548120907884
"Hot variable",10.3,0.156145010790688
"Hot variable",10.4,0.158716987510099
"Hot variable",10.5,0.161259443049456
"Hot variable",10.6,0.1637677693921
"Hot variable",10.7,0.166237358521373
"Hot variable",10.8,0.168663602420615
"Hot variable",10.9,0.171041893073168
"Hot variable",11,0.173367622462371
"Hot variable",11.1,0.175636182571567
"Hot variable",11.2,0.177842965384095
"Hot variable",11.3,0.179983362883296
"Hot variable",11.4,0.182052767052512
"Hot variable",11.5,0.184046569875083
"Hot variable",11.6,0.185960163334351
"Hot variable",11.7,0.187788939413655
"Hot variable",11.8,0.189528290096337
"Hot variable",11.9,0.191173607365738
"Hot variable",12,0.192720283205199
"Hot variable",12.1,0.19416370959806
"Hot variable",12.2,0.195499278527662
"Hot variable",12.3,0.196722381977346
"Hot variable",12.4,0.197828411930453
"Hot variable",12.5,0.198812760370324
"Hot variable",12.6,0.199717211558438
"Hot variable",12.7,0.20058689640385
"Hot variable",12.8,0.201422226861267
"Hot variable",12.9,0.202223614885396
"Hot variable",13,0.202991472430943
"Hot variable",13.1,0.203726211452615
"Hot variable",13.2,0.204428243905119
"Hot variable",13.3,0.205097981743161
"Hot variable",13.4,0.205735836921448
"Hot variable",13.5,0.206342221394686
"Hot variable",13.6,0.206917547117583
"Hot variable",13.7,0.207462226044844
"Hot variable",13.8,0.207976670131177
"Hot variable",13.9,0.208461291331287
"Hot variable",14,0.208916501599883
"Hot variable",14.1,0.209342712891669
"Hot variable",14.2,0.209740337161354
"Hot variable",14.3,0.210109786363643
"Hot variable",14.4,0.210451472453243
"Hot variable",14.5,0.210765807384861
"Hot variable",14.6,0.211053203113203
"Hot variable",14.7,0.211314071592977
"Hot variable",14.8,0.211548824778888
"Hot variable",14.9,0.211757874625643
"Hot variable",15,0.21194163308795
"Hot variable",15.1,0.212100512120514
"Hot variable",15.2,0.212234923678042
"Hot variable",15.3,0.212345279715241
"Hot variable",15.4,0.212431992186818
"Hot variable",15.5,0.212495473047478
"Hot variable",15.6,0.212536134251929
"Hot variable",15.7,0.212554387754878
"Hot variable",15.8,0.212550645511031
"Hot variable",15.9,0.212525319475094
"Hot variable",16,0.212478821601774
"Hot variable",16.1,0.212411563845778
"Hot variable",16.2,0.212323958161813
"Hot variable",16.3,0.212216416504585
"Hot variable",16.4,0.212089350828801
"Hot variable",16.5,0.211943173089167
"Hot variable",16.6,0.21177829524039
"Hot variable",16.7,0.211595129237177
"Hot variable",16.8,0.211394087034234
"Hot variable",16.9,0.211175580586268
"Hot variable",17,0.210940021847985
"Hot variable",17.1,0.210687822774092
"Hot variable",17.2,0.210419395319297
"Hot variable",17.3,0.210135151438305
"Hot variable",17.4,0.209835503085822
"Hot variable",17.5,0.209520862216557
"Hot variable",17.6,0.209137401516602
"Hot variable",17.7,0.208634129200683
"Hot variable",17.8,0.208015710516458
"Hot variable",17.9,0.207286810711582
"Hot variable",18,0.206452095033712
"Hot variable",18.1,0.205516228730505
"Hot variable",18.2,0.204483877049615
"Hot variable",18.3,0.203359705238701
"Hot variable",18.4,0.202148378545417
"Hot variable",18.5,0.200854562217421
"Hot variable",18.6,0.199482921502369
"Hot variable",18.7,0.198038121647916
"Hot variable",18.8,0.19652482790172
"Hot variable",18.9,0.194947705511437
"Hot variable",19,0.193311419724722
"Hot variable",19.1,0.191620635789233
"Hot variable",19.2,0.189880018952625
"Hot variable",19.3,0.188094234462556
"Hot variable",19.4,0.18626794756668
"Hot variable",19.5,0.184405823512655
"Hot variable",19.6,0.182512527548136
"Hot variable",19.7,0.180592724920781
"Hot variable",19.8,0.178651080878245
"Hot variable",19.9,0.176692260668185
"Hot variable",20,0.174720929538257
"Hot variable",20.1,0.172741752736117
"Hot variable",20.2,0.170759395509422
"Hot variable",20.3,0.168778523105828
"Hot variable",20.4,0.166803800772992
"Hot variable",20.5,0.164839893758568
"Hot variable",20.6,0.162891467310215
"Hot variable",20.7,0.160963186675588
"Hot variable",20.8,0.159059717102344
"Hot variable",20.9,0.157185723838138
"Hot variable",21,0.155345872130628
"Hot variable",21.1,0.153544827227469
"Hot variable",21.2,0.151787254376317
"Hot variable",21.3,0.15007781882483
"Hot variable",21.4,0.148421185820664
"Hot variable",21.5,0.146822020611474
"Hot variable",21.6,0.145284988444917
"Hot variable",21.7,0.143814754568649
"Hot variable",21.8,0.142415984230327
"Hot variable",21.9,0.141093342677607
"Hot variable",22,0.139851495158145
"Hot variable",22.1,0.138695106919598
"Hot variable",22.2,0.137628843209622
"Hot variable",22.3,0.136657369275873
"Hot variable",22.4,0.135785350366008
"Hot variable",22.5,0.135017451727682
"Hot variable",22.6,0.134306738091083
"Hot variable",22.7,0.133603185118509
"Hot variable",22.8,0.132906824455779
"Hot variable",22.9,0.132217687748715
"Hot variable",23,0.131535806643139
"Hot variable",23.1,0.130861212784869
"Hot variable",23.2,0.130193937819729
"Hot variable",23.3,0.129534013393538
"Hot variable",23.4,0.128881471152118
"Hot variable",23.5,0.128236342741289
"Hot variable",23.6,0.127598659806872
"Hot variable",23.7,0.126968453994688
"Hot variable",23.8,0.126345756950559
"Hot variable",23.9,0.125730600320305
"Hot variable",24,0.125123015749746
"Hot variable",24.1,0.124523034884705
"Hot variable",24.2,0.123930689371001
"Hot variable",24.3,0.123346010854456
"Hot variable",24.4,0.122769030980891
"Hot variable",24.5,0.122199781396127
"Hot variable",24.6,0.121638293745984
"Hot variable",24.7,0.121084599676283
"Hot variable",24.8,0.120538730832846
"Hot variable",24.9,0.120000718861492
"Hot variable",25,0.119470595408045
"Hot variable",25.1,0.118948392118323
"Hot variable",25.2,0.118434140638148
"Hot variable",25.3,0.117927872613341
"Hot variable",25.4,0.117429619689723
"Hot variable",25.5,0.116939413513115
"Hot variable",25.6,0.116457285729337
"Hot variable",25.7,0.115983267984211
"Hot variable",25.8,0.115517391923557
"Hot variable",25.9,0.115059689193197
"Hot variable",26,0.114610191438951
"Hot variable",26.1,0.114168930306641
"Hot variable",26.2,0.113735937442087
"Hot variable",26.3,0.113311244491109
"Hot variable",26.4,0.11289488309953
"Hot variable",26.5,0.11248688491317
"Hot variable",26.6,0.112087281577849
"Hot variable",26.7,0.11169610473939
"Hot variable",26.8,0.111313386043612
"Hot variable",26.9,0.110939157136336
"Hot variable",27,0.110573449663385
"Hot variable",27.1,0.110216295270577
"Hot variable",27.2,0.109867725603735
"Hot variable",27.3,0.10952777230868
"Hot variable",27.4,0.109196467031231
"Hot variable",27.5,0.108873841417211
"Hot variable",27.6,0.108588213344635
"Hot variable",27.7,0.108366131707528
"Hot variable",27.8,0.108204974675719
"Hot variable",27.9,0.108102120419036
"Hot variable",28,0.108054947107309
"Hot variable",28.1,0.108060832910368
"Hot variable",28.2,0.108117155998042
"Hot variable",28.3,0.10822129454016
"Hot variable",28.4,0.108370626706552
"Hot variable",28.5,0.108562530667047
"Hot variable",28.6,0.108794384591475
"Hot variable",28.7,0.109063566649664
"Hot variable",28.8,0.109367455011445
"Hot variable",28.9,0.109703427846646
"Hot variable",29,0.110068863325097
"Hot variable",29.1,0.110461139616628
"Hot variable",29.2,0.110877634891067
"Hot variable",29.3,0.111315727318244
"Hot variable",29.4,0.111772795067989
"Hot variable",29.5,0.112246216310131
"Hot variable",29.6,0.112733369214499
"Hot variable",29.7,0.113231631950923
"Hot variable",29.8,0.113738382689231
"Hot variable",29.9,0.114250999599254
"Hot variable",30,0.114766860850821
"Hot variable",30.1,0.115283344613761
"Hot variable",30.2,0.115797829057903
"Hot variable",30.3,0.116307692353078
"Hot variable",30.4,0.116810312669113
"Hot variable",30.5,0.117303068175839
"Hot variable",30.6,0.117783337043086
"Hot variable",30.7,0.118248497440681
"Hot variable",30.8,0.118695927538456
"Hot variable",30.9,0.119123005506238
"Hot variable",31,0.119527109513859
"Hot variable",31.1,0.119905617731146
"Hot variable",31.2,0.120255908327929
"Hot variable",31.3,0.120575359474038
"Hot variable",31.4,0.120861349339302
"Hot variable",31.5,0.121111256093551
"Hot variable",31.6,0.121322457906613
"Hot variable",31.7,0.121492332948319
"Hot variable",31.8,0.121618259388497
"Hot variable",31.9,0.121697615396977
"Hot variable",32,0.121727779143588
"Hot variable",32.1,0.12170612879816
"Hot variable",32.2,0.121630042530522
"Hot variable",32.3,0.121496898510504
"Hot variable",32.4,0.121304074907934
"Hot variable",32.5,0.121048949892643
"Hot variable",32.6,0.120757368587253
"Hot variable",32.7,0.12045693537938
"Hot variable",32.8,0.12014766733634
"Hot variable",32.9,0.119829581525451
"Hot variable",33,0.119502695014029
"Hot variable",33.1,0.119167024869392
"Hot variable",33.2,0.118822588158856
"Hot variable",33.3,0.118469401949738
"Hot variable",33.4,0.118107483309356
"Hot variable",33.5,0.117736849305027
"Hot variable",33.6,0.117357517004066
"Hot variable",33.7,0.116969503473792
"Hot variable",33.8,0.116572825781521
"Hot variable",33.9,0.11616750099457
"Hot variable",34,0.115753546180257
"Hot variable",34.1,0.115330978405897
"Hot variable",34.2,0.114899814738809
"Hot variable",34.3,0.114460072246309
"Hot variable",34.4,0.114011767995714
"Hot variable",34.5,0.113554919054341
"Hot variable",34.6,0.113089542489507
"Hot variable",34.7,0.112615655368529
"Hot variable",34.8,0.112133274758725
"Hot variable",34.9,0.11164241772741
"Hot variable",35,0.111143101341901
"Hot variable",35.1,0.110635342669517
"Hot variable",35.2,0.110119158777574
"Hot variable",35.3,0.109594566733388
"Hot variable",35.4,0.109061583604278
"Hot variable",35.5,0.108520226457559
"Hot variable",35.6,0.107970512360549
"Hot variable",35.7,0.107412458380564
"Hot variable",35.8,0.106846081584923
"Hot variable",35.9,0.106271399040941
"Hot variable",36,0.105688427815935
"Hot variable",36.1,0.105097184977223
"Hot variable",36.2,0.104497687592122
"Hot variable",36.3,0.103889952727948
"Hot variable",36.4,0.103273997452019
"Hot variable",36.5,0.102649838831652
"Hot variable",36.6,0.102017493934162
"Hot variable",36.7,0.101376979826869
"Hot variable",36.8,0.100728313577087
"Hot variable",36.9,0.100071512252135
"Hot variable",37,0.0994065929193297
"Hot variable",37.1,0.0987335726459875
"Hot variable",37.2,0.0980524684994255
"Hot variable",37.3,0.0973632975469608
"Hot variable",37.4,0.0966660768559103
"Hot variable",37.5,0.0959608234935911
"Hot variable",37.6,0.095222753139979
"Hot variable",37.7,0.0944285848644164
"Hot variable",37.8,0.0935805908182699
"Hot variable",37.9,0.0926810431529063
"Hot variable",38,0.0917322140196924
"Hot variable",38.1,0.0907363755699945
"Hot variable",38.2,0.0896957999551797
"Hot variable",38.3,0.0886127593266143
"Hot variable",38.4,0.0874895258356652
"Hot variable",38.5,0.0863283716336992
"Hot variable",38.6,0.0851315688720826
"Hot variable",38.7,0.0839013897021824
"Hot variable",38.8,0.0826401062753651
"Hot variable",38.9,0.0813499907429975
"Hot variable",39,0.0800333152564463
"Hot variable",39.1,0.078692351967078
"Hot variable",39.2,0.0773293730262594
"Hot variable",39.3,0.0759466505853572
"Hot variable",39.4,0.074546456795738
"Hot variable",39.5,0.0731310638087686
"Hot variable",39.6,0.0717027437758156
"Hot variable",39.7,0.0702637688482456
"Hot variable",39.8,0.0688164111774254
"Hot variable",39.9,0.0673629429147217
"Hot variable",40,0.0659056362115011
"Hot variable",40.1,0.0644467632191302
"Hot variable",40.2,0.0629885960889758
"Hot variable",40.3,0.0615334069724046
"Hot variable",40.4,0.0600834680207832
"Hot variable",40.5,0.0586410513854785
"Hot variable",40.6,0.0572084292178568
"Hot variable",40.7,0.055787873669285
"Hot variable",40.8,0.0543816568911297
"Hot variable",40.9,0.0529920510347577
"Hot variable",41,0.0516213282515356
"Hot variable",41.1,0.0502717606928301
"Hot variable",41.2,0.0489456205100078
"Hot variable",41.3,0.0476451798544355
"Hot variable",41.4,0.0463727108774798
"Hot variable",41.5,0.0451304857305075
"Hot variable",41.6,0.043920776564885
"Hot variable",41.7,0.0427458555319793
"Hot variable",41.8,0.0416079947831568
"Hot variable",41.9,0.0405094664697844
"Hot variable",42,0.0394525427432288
"Hot variable",42.1,0.0384394957548565
"Hot variable",42.2,0.0374725976560342
"Hot variable",42.3,0.0365541205981286
"Hot variable",42.4,0.0356863367325065
"Hot variable",42.5,0.0348715182105345
"Hot variable",42.6,0.0340863497978728
"Hot variable",42.7,0.0333060774493963
"Hot variable",42.8,0.0325308151002933
"Hot variable",42.9,0.0317606766857521
"Hot variable",43,0.0309957761409611
"Hot variable",43.1,0.0302362274011085
"Hot variable",43.2,0.0294821444013827
"Hot variable",43.3,0.028733641076972
"Hot variable",43.4,0.0279908313630647
"Hot variable",43.5,0.0272538291948493
"Hot variable",43.6,0.026522748507514
"Hot variable",43.7,0.025797703236247
"Hot variable",43.8,0.0250788073162369
"Hot variable",43.9,0.0243661746826718
"Hot variable",44,0.0236599192707402
"Hot variable",44.1,0.0229601550156304
"Hot variable",44.2,0.0222669958525306
"Hot variable",44.3,0.0215805557166292
"Hot variable",44.4,0.0209009485431145
"Hot variable",44.5,0.020228288267175
"Hot variable",44.6,0.0195626888239988
"Hot variable",44.7,0.0189042641487744
"Hot variable",44.8,0.01825312817669
"Hot variable",44.9,0.017609394842934
"Hot variable",45,0.0169731780826947
"Hot variable",45.1,0.0163445918311605
"Hot variable",45.2,0.0157237500235196
"Hot variable",45.3,0.0151107665949604
"Hot variable",45.4,0.0145057554806712
"Hot variable",45.5,0.0139088306158405
"Hot variable",45.6,0.0133201059356563
"Hot variable",45.7,0.0127396953753072
"Hot variable",45.8,0.0121677128699815
"Hot variable",45.9,0.0116042723548674
"Hot variable",46,0.0110494877651533
"Hot variable",46.1,0.0105034730360276
"Hot variable",46.2,0.00996634210267847
"Hot variable",46.3,0.00943820890029435
"Hot variable",46.4,0.00891918736406356
"Hot variable",46.5,0.00840939142917444
"Hot variable",46.6,0.00790893503081527
"Hot variable",46.7,0.00741793210417439
"Hot variable",46.8,0.00693649658444015
"Hot variable",46.9,0.00646474240680087
"Hot variable",47,0.00600278350644491
"Hot variable",47.1,0.00555073381856054
"Hot variable",47.2,0.00510870727833611
"Hot variable",47.3,0.00467681782095997
"Hot variable",47.4,0.00425517938162042
"Hot variable",47.5,0.00384390589550584
"Hot variable",47.6,0.00344621449127234
"Hot variable",47.7,0.00306493366753404
"Hot variable",47.8,0.00269959441441612
"Hot variable",47.9,0.00234972772204379
"Hot variable",48,0.00201486458054224
"Hot variable",48.1,0.00169453598003663
"Hot variable",48.2,0.00138827291065216
"Hot variable",48.3,0.00109560636251403
"Hot variable",48.4,0.000816067325747432
"Hot variable",48.5,0.000549186790477567
"Hot variable",48.6,0.000294495746829591
"Hot variable",48.7,5.15251849287118e-05
"Hot variable",48.8,0
"Hot variable",48.9,0
"Hot variable",49,0
"Hot variable",49.1,0
"Hot variable",49.2,0
"Hot variable",49.3,0
"Hot variable",49.4,0
"Hot variable",49.5,0
"Hot variable",49.6,0
"Hot variable",49.7,0
"Hot variable",49.8,0
"Hot variable",49.9,0
"Hot variable",50,0
"Hot variable",50.1,0
"Hot variable",50.2,0
"Hot variable",50.3,0
"Hot variable",50.4,0
"Hot variable",50.5,0
"Hot variable",50.6,0
"Hot variable",50.7,0
"Hot variable",50.8,0
"Hot variable",50.9,0
"Hot variable",51,0
"Hot variable",51.1,0
"Hot variable",51.2,0
"Hot variable",51.3,0
"Hot variable",51.4,0
"Hot variable",51.5,0
"Hot variable",51.6,0
"Hot variable",51.7,0
"Hot variable",51.8,0
"Hot variable",51.9,0
"Hot variable",52,0
"Hot variable",52.1,0
"Hot variable",52.2,0
"Hot variable",52.3,0
"Hot variable",52.4,0
"Hot variable",52.5,0
"Hot variable",52.6,0
"Hot variable",52.7,0
"Hot variable",52.8,0
"Hot variable",52.9,0
"Hot variable",53,0
"Hot variable",53.1,0
"Hot variable",53.2,0
"Hot variable",53.3,0
"Hot variable",53.4,0
"Hot variable",53.5,0
"Hot variable",53.6,0
"Hot variable",53.7,0
"Hot variable",53.8,0
"Hot variable",53.9,0
"Hot variable",54,0
"Hot variable",54.1,0
"Hot variable",54.2,0
"Hot variable",54.3,0
"Hot variable",54.4,0
"Hot variable",54.5,0
"Hot variable",54.6,0
"Hot variable",54.7,0
"Hot variable",54.8,0
"Hot variable",54.9,0
"Hot variable",55,0
"Hot variable",55.1,0
"Hot variable",55.2,0
"Hot variable",55.3,0
"Hot variable",55.4,0
"Hot variable",55.5,0
"Hot variable",55.6,0
"Hot variable",55.7,0
"Hot variable",55.8,0
"Hot variable",55.9,0
"Hot variable",56,0
"Hot variable",56.1,0
"Hot variable",56.2,0
"Hot variable",56.3,0
"Hot variable",56.4,0
"Hot variable",56.5,0
"Hot variable",56.6,0
"Hot variable",56.7,0
"Hot variable",56.8,0
"Hot variable",56.9,0
"Hot variable",57,0
"Hot variable",57.1,0
"Hot variable",57.2,0
"Hot variable",57.3,0
"Hot variable",57.4,0
"Hot variable",57.5,0
"Hot variable",57.6,0
"Hot variable",57.7,0
"Hot variable",57.8,0
"Hot variable",57.9,0
"Hot variable",58,0
"Hot variable",58.1,0
"Hot variable",58.2,0
"Hot variable",58.3,0
"Hot variable",58.4,0
"Hot variable",58.5,0
"Hot variable",58.6,0
"Hot variable",58.7,0
"Hot variable",58.8,0
"Hot variable",58.9,0
"Hot variable",59,0
"Hot variable",59.1,0
"Hot variable",59.2,0
"Hot variable",59.3,0
"Hot variable",59.4,0
"Hot variable",59.5,0
"Hot variable",59.6,0
"Hot variable",59.7,0
"Hot variable",59.8,0
"Hot variable",59.9,0
"Hot variable",60,0
"Hot variable",60.1,0
"Hot variable",60.2,0
"Hot variable",60.3,0
"Hot variable",60.4,0
"Hot variable",60.5,0
"Hot variable",60.6,0
"Hot variable",60.7,0
"Hot variable",60.8,0
"Hot variable",60.9,0
"Hot variable",61,0
"Hot variable",61.1,0
"Hot variable",61.2,0
"Hot variable",61.3,0.000209811953373577
"Hot variable",61.4,0.000448831510366479
"Hot variable",61.5,0.000691785450034989
"Hot variable",61.6,0.000938664487382815
"Hot variable",61.7,0.00118945933741352
"Hot variable",61.8,0.00144416071513077
"Hot variable",61.9,0.00170275933553825
"Hot variable",62,0.00196524591363952
"Hot variable",62.1,0.00223161116443828
"Hot variable",62.2,0.0025018458029381
"Hot variable",62.3,0.00277594054414264
"Hot variable",62.4,0.0030538861030556
"Hot variable",62.5,0.00333567319468051
