Year,Month,McLaughlin,White Mountain,Anza Borrego HQ ,Boyd Deep Canyon,James San Jacinto,Elliot Chaparral,SNARL,Merced,Point Reyes ,Quail Ridge ,Valentine ,Yosemite Mariposa Grove ,Pinyon crest,Jepson Prairie,Bodega 
2012,1,153.91,32.66,0.33,1.15,28.2,16.71,67.4,36.82,156.27,104.47,101.66,116.12,10.62,62.73,165.2
2012,2,55.62,1.44,10.87,19.58,40.93,40.88,7.61,12.08,46.65,39.5,19.64,29.67,32.12,26.68,40.62
2012,3,247.72,10.02,21.16,10.57,73.93,48.94,30.63,56.71,264.27,194.73,94.4,117.55,26.98,139.27,219.19
2012,4,73.39,3.71,11.67,12.92,73.3,35.26,9.15,55.04,69.7,78.2,30.44,122.02,28.82,61.64,68.55
2012,5,12.45,1.66,0,0,0,1.24,0,0.42,2.73,2.2,0,0.26,0,0,9.84
2012,6,1.54,0,0,0,0,0,4.99,7.26,3.32,0.94,10.38,7.66,0,0.65,3.02
2012,7,0,1.88,13.47,6.76,4.12,0,4.55,0,1.79,0,4.02,0.14,9.77,0,1.87
2012,8,0,12.38,28.58,37.38,52.65,0,5.86,0,0,0,20.64,0,30.5,0,0
2012,9,0,3.09,0,7.49,13.21,0,2.17,0,0,0,0,0,6.94,0,0
2012,10,30.03,9.38,0,0,5.17,11.89,15.96,8.95,54.56,26.53,26.45,17.76,0.12,27.84,37.37
2012,11,244.3,0.38,0,0,27.25,8.02,17.18,32.73,203.34,163.94,55.01,100.1,0.43,111.11,219.51
2012,12,322.76,20.87,2.91,3.79,87.13,77.18,112.4,121.91,340.96,283.9,182.21,313.53,41.88,187.32,265.13
2013,1,30.46,0.28,17.07,16.11,47,41.74,9.53,25.04,22.87,19.81,25.18,26.83,27.2,16.84,25.92
2013,2,12.59,1.47,9.11,6.28,39.15,28.16,5.28,11.25,14.7,6.63,9.46,13.52,22.85,6.23,12.94
2013,3,49.52,0,1.93,1.7,43.08,35.98,6.34,13.19,29.48,24.47,23.64,38.93,7.6,20.34,44.54
2013,4,30.03,0.03,0,0,5.2,1.58,8.65,9.41,41.97,21.15,19.27,19.73,0.08,24.32,59.58
2013,5,1.67,10.62,0,0.05,16.14,12.15,9.22,3.35,3.44,5.67,8.16,23.49,0.88,9.62,9.41
2013,6,11.08,0,0,0,0,0,1.54,0.28,27.54,10.15,3.06,3.95,0,5.09,57.78
2013,7,0,11.94,29.31,10.37,10.42,0.86,7.76,0,0.25,0,8.09,0.66,24.43,0,1.79
2013,8,0,5.72,41.31,26.37,11.77,0.13,2.67,0.66,4.53,0,17.1,0.05,30.01,0,0.94
2013,9,11.72,1.97,19.14,4.61,31.75,0,7.68,0,30.25,14.76,12.71,6.27,24.3,17.3,16.01
2013,10,0.48,6.11,0,0.19,42.8,18.89,13.06,0.86,0,0,21.1,19.11,6.97,0,0.25
2013,11,24.27,4.11,4.23,3.18,23.39,8.28,7.7,13.1,36.99,21.56,8.05,25.45,6.54,24.89,40.71
2013,12,10.52,4.38,0,0,21.99,18.62,14.22,3.8,17.2,15.04,26.36,23.02,8.53,12.92,13.23
2014,1,3.17,6.87,0,0,4.14,2.67,22.82,16.35,2.36,2.38,28.82,38.07,0.36,4.46,5.15
2014,2,254.78,15.56,1.28,1.63,20.64,20.27,34.78,34.05,329.73,201.37,65.38,77.33,12.34,166.07,328.46
2014,3,114.77,17.59,6.23,13.1,85.11,46.45,31.37,47.06,100.09,56.41,56.61,81.61,28.14,49.14,112.27
2014,4,62.63,1.54,3.69,2.24,30.49,16.72,5.61,20.58,95.19,58.73,11.18,63.99,14.12,53.78,66.59
2014,5,0.4,9.67,1.34,0.83,10.55,0,13.82,0.16,5.17,0.13,20.44,8.38,1.79,0,2.61
2014,6,0,0,0,0,0,0,2.02,0,0,0,1.17,0.23,0,0,0
2014,7,0,6.15,0,4.95,12.88,2.93,14.67,0,2.62,0,29.83,5.3,4.8,0,2.71
2014,8,0,10.55,3.27,16.6,42.71,3.7,5.03,0,0,0,33.44,0,16.68,0.4,2.5
2014,9,12.24,4.3,2.88,11.93,21.12,4.85,9.54,0,22.41,12.04,3.86,29.22,9.76,12.78,15.35
2014,10,25.38,0,0,0,0,0,0,0.73,25.77,12.03,0,0.91,0,7.75,14.97
2014,11,87.57,0,0.61,1.28,25.01,21.47,8.94,25,102.8,46.18,19.53,56.2,5.18,37.96,106.08
2014,12,389.68,15.36,14.26,11.89,116.25,96.88,28.1,91.25,563.18,293.03,57.45,125.17,105.41,224.51,340.77
2015,1,2.76,2.97,16.92,13.36,14.55,22.41,3.12,1.13,0.59,0,3.72,5.21,17.74,0,4.03
2015,2,135.12,3.12,0,3.97,36.91,12.3,29.08,28.73,101.93,91.77,69.21,64.08,26.92,59.54,89.4
2015,3,6.2,1.63,12.54,17.56,23.64,29.43,6.88,2.19,9.47,1.61,10.02,10.64,21.03,6.68,5.7
2015,4,44,0.65,0,0.85,28.39,6.18,22.17,23.95,59.33,36.31,30.45,65.45,6.18,29.54,42.13
2015,5,22.38,34.99,4.82,3.31,66.64,49.08,49.88,1.61,1.25,0.21,49.11,20.12,9.63,0.1,1.92
2015,6,0.69,6.18,0,0,1.93,0,8.29,0,6.22,1.15,12.91,0.39,0,2.83,4.52
2015,7,1.52,11.13,9.08,22.51,65.4,41.61,26.42,0,2.5,0.5,44.93,9.28,39.69,0.03,2.56
2015,8,2.74,2.43,0,0.11,0,0.37,6.59,0,3.33,0,4.21,0,0.32,0,2.4
2015,9,12.71,1.88,12.47,4.86,33.83,26.56,8.25,0,22.4,6.32,13.06,3.09,30.74,0.39,14.14
2015,10,3.71,28.59,10.66,20.63,33.88,16.69,34.12,7.15,0.78,2.13,36.62,20.73,16.47,2.35,1.85
2015,11,45.86,0.26,0.49,0.78,25.57,30.01,45.29,66.29,42.36,40.14,83.31,122.75,5.16,41.03,40.46
2015,12,187.63,7.13,0,1.06,82.41,43.18,99.88,70.9,210.64,87.09,156.64,199.45,42.37,60.85,205.38
2016,1,269.72,19,35.42,44.91,91.81,122.76,65.44,116.08,325.89,179.06,118.92,211.96,96.97,165.34,248.01
2016,2,33.7,16.95,3.53,2.35,29.8,17.49,18.92,18.95,38.57,22.39,41.95,32.36,31.51,16.22,28.12
2016,3,300.8,1.28,2.74,0.79,46.41,31.79,42.66,97.36,236.09,227.03,98.41,199.4,8.12,146.46,250.58
2016,4,33.67,20.63,4.69,3.99,36.99,29.58,25.8,62.84,38.98,29.96,35.52,74.92,12.91,18.57,31.59
2016,5,14.54,14.35,0.09,0.53,28.94,15.89,20.48,4.46,5.78,9.58,20.42,16.43,2.52,6.23,4.2
2016,6,2.04,21.41,0,0,0,0,27.46,0,3.26,0,32.73,3.01,0,0,7.45
2016,7,0,0.65,0.16,0,2.84,0,0.24,0,1.13,0,0,0,0.35,0,1.01
2016,8,0,5.51,0,0,0.04,0,2.54,0,0.54,0,1.2,0,0,0,4.55
2016,9,0,0,11.64,13.19,31.08,13.62,2.63,0,0.36,0,2.32,0.95,46.32,0,1.03
2016,10,159.96,14.16,1.12,5.99,18.51,5.59,124.97,40.79,173.66,81.77,169.08,96.86,6.28,73.53,145.9
2016,11,103.88,0.26,2.78,2.29,62.17,33.55,23.65,28.25,115.15,45.6,46.73,69.16,13.55,40.57,104.04
2016,12,189.13,9.4,31.5,38.29,142.34,98.75,69.8,61.61,225.37,113.14,139.35,182.49,105.19,94.49,141.87
2017,1,529.12,148.04,38.26,75.61,246.7,159.6,282.69,154.83,504.11,435.86,446.73,529.24,218.52,282.51,349.99
2017,2,400.59,60.25,31.71,36.83,121.91,140.04,178.27,111.97,472.17,334.75,264.86,384.3,120.48,210.12,302.75
2017,3,97.44,2.81,0,0,8.65,3.91,28.36,37.76,130.47,91.55,61.63,102.13,1.44,68.5,84.92
2017,4,110.9,22.81,0,0,0.19,0,101.17,30.43,122.95,70.33,154.42,116.34,0.02,69.87,102.17
2017,5,0.04,10.43,1.14,2.1,11.91,39.73,6.92,1.72,1.93,1.14,14.14,2.03,3.87,0.77,1.52
2017,6,3.03,0,0,0,0,0.39,1.12,1.06,7.2,9.2,4.86,9.9,0,5.62,17.12
2017,7,0,6.66,0,0.05,1.24,1.17,3.78,0,0.46,0,1.86,0,1.74,0,2.41
2017,8,0,8.77,0.01,2.56,5.27,0.21,10.06,0,0.02,0,18.06,1.2,4.42,0,0.24
2017,9,0.19,6.96,6.37,12.78,16.49,1.22,11.52,1.21,6.25,0,24.69,12.8,20.71,0,3.24
2017,10,7.29,0,0,0,0.52,0.32,2.77,3.42,7.88,5.04,5.23,8.55,0,4.71,8.77
2017,11,139.94,13.9,0,0,3.67,0.47,68.83,25.3,118.29,76.86,115.52,84.15,0.44,52.33,117.11
2017,12,4.09,0,0,0,0,1.75,3.96,2.93,3.02,0.84,4.74,4.83,0,1,2.83
2018,1,160.71,5.23,13.52,25.87,82.16,72.12,29.35,55.89,188.74,108.61,52.05,100.92,80.83,103.55,210.49
2018,2,7.24,4.53,0,1.36,14.66,21.05,9.62,9.87,5.52,4.56,15.64,19.04,14.25,6.06,3.5
2018,3,219.09,26.2,0,2.87,98.49,42.52,109.94,111.01,248.25,147.16,244.88,369.22,19.98,113.49,154.85
2018,4,86.98,14.23,0,0,0.32,1.34,30.32,38.26,132.61,55.54,50.37,80.02,0,56.44,144.43
2018,5,4.44,22.8,0,0.02,12.93,6.84,27.12,2.44,4.06,1.6,27.29,6.14,0.85,2.1,4.25
2018,6,0,0,0,0,0,0,0,0,0.32,0,0,0,0,0,0.94
2018,7,0,22.3,4.39,9.85,14.73,0,23.46,0,0.57,0,18.51,0,14.02,0.01,0.77
2018,8,0,0.37,0,0.66,5.34,0,0,0,0,0,0.01,0,1.73,0,0.3
2018,9,0.02,0.74,0,0,0,0,1.1,0,3.64,0,0.07,0,0,0,1.81
2018,10,23.38,1.84,9.34,27.34,23.61,13.18,8.26,5.54,33.78,8.67,20.25,11.93,27.07,1.39,33.61
2018,11,138.67,21.52,2.85,2.88,70.88,41.93,61.62,74.45,136.61,109.55,116.04,160.02,20.66,81.42,126.3
2018,12,94.36,9.21,18.43,22.18,49.38,76.78,18.57,36.56,81.81,65.1,32.94,59.85,41.37,63.65,81.74
2019,1,256.97,52.79,30.34,33.62,110.67,75.96,110.58,65.81,241.3,234.33,166.12,187.32,86.93,129.91,161.91
2019,2,454.42,60.26,53.53,94.44,321.57,191.05,178.51,99.29,544.2,356.25,303.14,342,285.23,218.45,472.48
2019,3,198.2,46.98,5.63,6.66,65.19,36.44,68.8,67.03,184.52,144.41,135.34,158.42,19.01,100.64,206.74
2019,4,26.98,0.99,0.86,0.4,10.38,8.41,7.99,2.3,33.21,10.39,18.52,14.84,0.41,6.73,37.64
2019,5,92.01,22.27,0.71,4.01,74.4,40.21,76.4,53.78,120.23,83.41,128.5,134.89,9.24,63.05,106.04
2019,6,0,2.52,0,0,0,1.39,6.11,0,0.34,0,8.38,5.28,0,0,1.02
2019,7,0,0.52,7.47,10.71,0,0,8.92,0,0.01,0,19.73,0,6.8,0,1.1
2019,8,0,0.54,0,0,0,0,1.01,0,0.79,0,0.72,0,0,0,1.08
2019,9,3.39,4.74,7.03,9.26,11.58,3.79,5.3,0,6.33,0.82,5.09,3.64,14.44,0.78,5.55
2019,10,0,0,0,0,0,0,0,0,0.58,0,0,0,0,0,2.49
2019,11,26.32,15.39,30.35,25.41,95.83,100.85,30.39,14.24,33.63,17.4,47.64,42.44,41.06,14.75,28.15
2019,12,269.55,19.67,26.59,35.15,97.58,101.31,62.41,91.1,382.69,173.08,105.5,188.87,82.98,134.05,235.35
2020,1,77.68,1.96,0.41,0.72,9.21,10.1,12.96,17.76,84.05,39.84,18.7,29.72,5.78,31.83,82.68
2020,2,0,2.58,3.93,0.75,14.9,20.82,0.01,0,0,0,2.72,2.37,8.89,0,0
2020,3,41.06,7.31,77.43,71.19,138.18,117.59,25.19,54.61,49.76,31.82,69.41,131.67,89.9,36.59,43.02
2020,4,32.63,17.72,23.32,23.6,112.15,131.71,54.77,39.8,41.92,22.46,91.76,86.05,59.01,27.09,21.57
2020,5,34.61,0,0,0,2.05,0.62,10.55,8.07,28.18,22.2,18.78,43.88,0,12.16,40.22
2020,6,0,1.13,0,0,1.78,6.74,3.79,0,0.25,0,5.36,0.8,0,0,1.44
2020,7,0,0,0,0,0,0,0,0,0.33,0,0.12,0,0,0,3.14
2020,8,2.41,0,0,0,4,0,2.52,0,5.37,0,3.78,1.08,0.39,0,5.66
2020,9,0,0,0,0,0,0,0.77,0,0.39,0,1.86,0.01,0,0,0.26
2020,10,0,0,0,0,1.12,0.53,0,0,1.92,0,0,0,0,0,0.62
2020,11,40.71,7.52,4.35,6.4,31.16,21.74,19.55,23.6,38.06,17.46,27.79,35.76,9.25,14.4,41.76
2020,12,73.58,8.73,0,3.07,32.37,25.41,40.26,33.38,71.29,37.82,45.73,63.17,25.76,37.7,66.7
2021,1,111.3,23.78,11.14,16.63,57.81,63.97,115.72,90.11,103.95,100.64,165.19,190.5,47.24,67.35,106.85
2021,2,53.76,8.79,0,0.4,8.7,6.2,20.91,10.42,52.29,26.07,33.14,34.42,3.59,23.59,58.46
2021,3,71.7,3.92,2.54,2.48,67.26,56.75,30.95,31.57,55.97,44.8,54.84,70.77,15.46,27.3,63.31
2021,4,6.63,0.74,0.01,0,14.04,6.64,6.72,0.85,3.46,3.8,7.01,9.44,0.35,0.57,3.45
2021,5,0,2.11,0,0,0.79,1.78,6.16,0,0.18,0,5.42,0.35,0,0,0.05
2021,6,0,2.36,0,0.29,0.83,0.58,7.29,0,4.8,0,6.09,0,0.33,0,3.44
2021,7,0,9.72,6.98,21.09,11.17,2.88,21.32,0,2.73,0,21.24,0,19.17,0,1.61
2021,8,0,0,11.51,2.32,1.7,3.15,2.85,0,1.53,0,1.66,1.28,3.32,0,1.75
2021,9,4.63,1.54,2.8,1.68,7.58,4.54,2.49,0,14.1,0.81,2.01,0.09,2.38,0.46,14.39
2021,10,230.64,31.24,0.52,1.98,32.74,28.37,85.28,42.99,349.28,207.33,116.49,119.54,18.13,173.9,300.12
2021,11,51.57,3.84,0,0,0,0,12.19,7.05,77.5,30.14,11.86,23.17,0,26.21,77.92
2021,12,218.92,89.31,15.23,28.67,201.33,97.74,209.8,110.65,323.12,199.56,268.17,276.42,152.58,193.98,165.14
