"Year","Month","Site","Temperature","Site_initials","Climate profile"
1982,1,"Pinyon Crest",11.3311638156345,"PF","Hot variable"
1982,2,"Pinyon Crest",12.9237040770609,"PF","Hot variable"
1982,3,"Pinyon Crest",13.0669752158684,"PF","Hot variable"
1982,4,"Pinyon Crest",20.2923947500942,"PF","Hot variable"
1982,5,"Pinyon Crest",25.2172069248373,"PF","Hot variable"
1982,6,"Pinyon Crest",28.9032678872054,"PF","Hot variable"
1982,7,"Pinyon Crest",32.8175242690737,"PF","Hot variable"
1982,8,"Pinyon Crest",32.2326530203862,"PF","Hot variable"
1982,9,"Pinyon Crest",24.5000126557819,"PF","Hot variable"
1982,10,"Pinyon Crest",18.0159127569832,"PF","Hot variable"
1982,11,"Pinyon Crest",7.92443797218867,"PF","Hot variable"
1982,12,"Pinyon Crest",5.1010625471705,"PF","Hot variable"
1983,1,"Pinyon Crest",7.98116381563448,"PF","Hot variable"
1983,2,"Pinyon Crest",12.9237040770609,"PF","Hot variable"
1983,3,"Pinyon Crest",14.5669752158684,"PF","Hot variable"
1983,4,"Pinyon Crest",18.2923947500942,"PF","Hot variable"
1983,5,"Pinyon Crest",28.5172069248373,"PF","Hot variable"
1983,6,"Pinyon Crest",32.1532678872054,"PF","Hot variable"
1983,7,"Pinyon Crest",36.1175242690737,"PF","Hot variable"
1983,8,"Pinyon Crest",30.6826530203862,"PF","Hot variable"
1983,9,"Pinyon Crest",29.0000126557819,"PF","Hot variable"
1983,10,"Pinyon Crest",21.5159127569832,"PF","Hot variable"
1983,11,"Pinyon Crest",14.4244379721887,"PF","Hot variable"
1983,12,"Pinyon Crest",12.1010625471705,"PF","Hot variable"
1984,1,"Pinyon Crest",11.4811638156345,"PF","Hot variable"
1984,2,"Pinyon Crest",14.4237040770609,"PF","Hot variable"
1984,3,"Pinyon Crest",18.5669752158684,"PF","Hot variable"
1984,4,"Pinyon Crest",21.8923947500942,"PF","Hot variable"
1984,5,"Pinyon Crest",32.5172069248373,"PF","Hot variable"
1984,6,"Pinyon Crest",32.6532678872054,"PF","Hot variable"
1984,7,"Pinyon Crest",33.6175242690737,"PF","Hot variable"
1984,8,"Pinyon Crest",32.1826530203862,"PF","Hot variable"
1984,9,"Pinyon Crest",31.0000126557819,"PF","Hot variable"
1984,10,"Pinyon Crest",19.5159127569832,"PF","Hot variable"
1984,11,"Pinyon Crest",12.9244379721887,"PF","Hot variable"
1984,12,"Pinyon Crest",6.6010625471705,"PF","Hot variable"
1985,1,"Pinyon Crest",6.98116381563448,"PF","Hot variable"
1985,2,"Pinyon Crest",11.4237040770609,"PF","Hot variable"
1985,3,"Pinyon Crest",16.5669752158684,"PF","Hot variable"
1985,4,"Pinyon Crest",27.3923947500942,"PF","Hot variable"
1985,5,"Pinyon Crest",30.5172069248373,"PF","Hot variable"
1985,6,"Pinyon Crest",37.1532678872054,"PF","Hot variable"
1985,7,"Pinyon Crest",37.6175242690737,"PF","Hot variable"
1985,8,"Pinyon Crest",37.6826530203862,"PF","Hot variable"
1985,9,"Pinyon Crest",27.9500126557819,"PF","Hot variable"
1985,10,"Pinyon Crest",23.5159127569832,"PF","Hot variable"
1985,11,"Pinyon Crest",12.9244379721887,"PF","Hot variable"
1985,12,"Pinyon Crest",12.1010625471705,"PF","Hot variable"
1986,1,"Pinyon Crest",12.9811638156345,"PF","Hot variable"
1986,2,"Pinyon Crest",14.4237040770609,"PF","Hot variable"
1986,3,"Pinyon Crest",19.0669752158684,"PF","Hot variable"
1986,4,"Pinyon Crest",22.3923947500942,"PF","Hot variable"
1986,5,"Pinyon Crest",29.5172069248373,"PF","Hot variable"
1986,6,"Pinyon Crest",34.6532678872054,"PF","Hot variable"
1986,7,"Pinyon Crest",33.6175242690737,"PF","Hot variable"
1986,8,"Pinyon Crest",34.6826530203862,"PF","Hot variable"
1986,9,"Pinyon Crest",27.0000126557819,"PF","Hot variable"
1986,10,"Pinyon Crest",21.5159127569832,"PF","Hot variable"
1986,11,"Pinyon Crest",15.9244379721887,"PF","Hot variable"
1986,12,"Pinyon Crest",11.1010625471705,"PF","Hot variable"
1987,1,"Pinyon Crest",9.13116381563448,"PF","Hot variable"
1987,2,"Pinyon Crest",12.4737040770609,"PF","Hot variable"
1987,3,"Pinyon Crest",15.3669752158684,"PF","Hot variable"
1987,4,"Pinyon Crest",25.6423947500942,"PF","Hot variable"
1987,5,"Pinyon Crest",27.1672069248373,"PF","Hot variable"
1987,6,"Pinyon Crest",33.7032678872054,"PF","Hot variable"
1987,7,"Pinyon Crest",33.3675242690737,"PF","Hot variable"
1987,8,"Pinyon Crest",33.6326530203862,"PF","Hot variable"
1987,9,"Pinyon Crest",30.0500126557819,"PF","Hot variable"
1987,10,"Pinyon Crest",24.0659127569832,"PF","Hot variable"
1987,11,"Pinyon Crest",13.9744379721887,"PF","Hot variable"
1987,12,"Pinyon Crest",7.6010625471705,"PF","Hot variable"
1988,1,"Pinyon Crest",9.98116381563448,"PF","Hot variable"
1988,2,"Pinyon Crest",14.6237040770609,"PF","Hot variable"
1988,3,"Pinyon Crest",18.5169752158684,"PF","Hot variable"
1988,4,"Pinyon Crest",22.2923947500942,"PF","Hot variable"
1988,5,"Pinyon Crest",27.9672069248373,"PF","Hot variable"
1988,6,"Pinyon Crest",31.8032678872054,"PF","Hot variable"
1988,7,"Pinyon Crest",34.8675242690737,"PF","Hot variable"
1988,8,"Pinyon Crest",33.6826530203862,"PF","Hot variable"
1988,9,"Pinyon Crest",29.8500126557819,"PF","Hot variable"
1988,10,"Pinyon Crest",26.8659127569832,"PF","Hot variable"
1988,11,"Pinyon Crest",16.4244379721887,"PF","Hot variable"
1988,12,"Pinyon Crest",9.9010625471705,"PF","Hot variable"
1989,1,"Pinyon Crest",8.28116381563448,"PF","Hot variable"
1989,2,"Pinyon Crest",12.1737040770609,"PF","Hot variable"
1989,3,"Pinyon Crest",19.8169752158684,"PF","Hot variable"
1989,4,"Pinyon Crest",26.0423947500942,"PF","Hot variable"
1989,5,"Pinyon Crest",27.0172069248373,"PF","Hot variable"
1989,6,"Pinyon Crest",32.1032678872054,"PF","Hot variable"
1989,7,"Pinyon Crest",35.3675242690737,"PF","Hot variable"
1989,8,"Pinyon Crest",31.8826530203862,"PF","Hot variable"
1989,9,"Pinyon Crest",29.3000126557819,"PF","Hot variable"
1989,10,"Pinyon Crest",21.4659127569832,"PF","Hot variable"
1989,11,"Pinyon Crest",17.1744379721887,"PF","Hot variable"
1989,12,"Pinyon Crest",11.8510625471705,"PF","Hot variable"
1990,1,"Pinyon Crest",8.78116381563448,"PF","Hot variable"
1990,2,"Pinyon Crest",10.6237040770609,"PF","Hot variable"
1990,3,"Pinyon Crest",16.8669752158684,"PF","Hot variable"
1990,4,"Pinyon Crest",22.0923947500942,"PF","Hot variable"
1990,5,"Pinyon Crest",25.0172069248373,"PF","Hot variable"
1990,6,"Pinyon Crest",31.9032678872054,"PF","Hot variable"
1990,7,"Pinyon Crest",34.0175242690737,"PF","Hot variable"
1990,8,"Pinyon Crest",31.5326530203862,"PF","Hot variable"
1990,9,"Pinyon Crest",28.8500126557819,"PF","Hot variable"
1990,10,"Pinyon Crest",23.2659127569832,"PF","Hot variable"
1990,11,"Pinyon Crest",15.2244379721887,"PF","Hot variable"
1990,12,"Pinyon Crest",7.7010625471705,"PF","Hot variable"
1991,1,"Pinyon Crest",9.08116381563448,"PF","Hot variable"
1991,2,"Pinyon Crest",15.9237040770609,"PF","Hot variable"
1991,3,"Pinyon Crest",11.3169752158684,"PF","Hot variable"
1991,4,"Pinyon Crest",21.1423947500942,"PF","Hot variable"
1991,5,"Pinyon Crest",23.9672069248373,"PF","Hot variable"
1991,6,"Pinyon Crest",28.8532678872054,"PF","Hot variable"
1991,7,"Pinyon Crest",33.1175242690737,"PF","Hot variable"
1991,8,"Pinyon Crest",32.3826530203862,"PF","Hot variable"
1991,9,"Pinyon Crest",29.4500126557819,"PF","Hot variable"
1991,10,"Pinyon Crest",24.1159127569832,"PF","Hot variable"
1991,11,"Pinyon Crest",15.3744379721887,"PF","Hot variable"
1991,12,"Pinyon Crest",8.9510625471705,"PF","Hot variable"
1992,1,"Pinyon Crest",8.38116381563448,"PF","Hot variable"
1992,2,"Pinyon Crest",12.2237040770609,"PF","Hot variable"
1992,3,"Pinyon Crest",13.7669752158684,"PF","Hot variable"
1992,4,"Pinyon Crest",23.5423947500942,"PF","Hot variable"
1992,5,"Pinyon Crest",27.5672069248373,"PF","Hot variable"
1992,6,"Pinyon Crest",29.6532678872054,"PF","Hot variable"
1992,7,"Pinyon Crest",32.7675242690737,"PF","Hot variable"
1992,8,"Pinyon Crest",32.7826530203862,"PF","Hot variable"
1992,9,"Pinyon Crest",30.2500126557819,"PF","Hot variable"
1992,10,"Pinyon Crest",23.2659127569832,"PF","Hot variable"
1992,11,"Pinyon Crest",13.9744379721887,"PF","Hot variable"
1992,12,"Pinyon Crest",7.1010625471705,"PF","Hot variable"
1993,1,"Pinyon Crest",7.28116381563448,"PF","Hot variable"
1993,2,"Pinyon Crest",9.77370407706093,"PF","Hot variable"
1993,3,"Pinyon Crest",17.9169752158684,"PF","Hot variable"
1993,4,"Pinyon Crest",23.4923947500942,"PF","Hot variable"
1993,5,"Pinyon Crest",27.3172069248373,"PF","Hot variable"
1993,6,"Pinyon Crest",30.3532678872054,"PF","Hot variable"
1993,7,"Pinyon Crest",32.4175242690737,"PF","Hot variable"
1993,8,"Pinyon Crest",32.3326530203862,"PF","Hot variable"
1993,9,"Pinyon Crest",28.7000126557819,"PF","Hot variable"
1993,10,"Pinyon Crest",21.7159127569832,"PF","Hot variable"
1993,11,"Pinyon Crest",13.5244379721887,"PF","Hot variable"
1993,12,"Pinyon Crest",9.4510625471705,"PF","Hot variable"
1994,1,"Pinyon Crest",10.3311638156345,"PF","Hot variable"
1994,2,"Pinyon Crest",8.57370407706093,"PF","Hot variable"
1994,3,"Pinyon Crest",16.4169752158684,"PF","Hot variable"
1994,4,"Pinyon Crest",20.9423947500942,"PF","Hot variable"
1994,5,"Pinyon Crest",24.7172069248373,"PF","Hot variable"
1994,6,"Pinyon Crest",33.8032678872054,"PF","Hot variable"
1994,7,"Pinyon Crest",34.3175242690737,"PF","Hot variable"
1994,8,"Pinyon Crest",34.5326530203862,"PF","Hot variable"
1994,9,"Pinyon Crest",29.6500126557819,"PF","Hot variable"
1994,10,"Pinyon Crest",21.1159127569832,"PF","Hot variable"
1994,11,"Pinyon Crest",11.0244379721887,"PF","Hot variable"
1994,12,"Pinyon Crest",10.1010625471705,"PF","Hot variable"
1995,1,"Pinyon Crest",8.78116381563448,"PF","Hot variable"
1995,2,"Pinyon Crest",16.0237040770609,"PF","Hot variable"
1995,3,"Pinyon Crest",16.6669752158684,"PF","Hot variable"
1995,4,"Pinyon Crest",20.8423947500942,"PF","Hot variable"
1995,5,"Pinyon Crest",23.9672069248373,"PF","Hot variable"
1995,6,"Pinyon Crest",29.7532678872054,"PF","Hot variable"
1995,7,"Pinyon Crest",35.2675242690737,"PF","Hot variable"
1995,8,"Pinyon Crest",35.0326530203862,"PF","Hot variable"
1995,9,"Pinyon Crest",31.6000126557819,"PF","Hot variable"
1995,10,"Pinyon Crest",24.2159127569832,"PF","Hot variable"
1995,11,"Pinyon Crest",19.6244379721887,"PF","Hot variable"
1995,12,"Pinyon Crest",12.5010625471705,"PF","Hot variable"
1996,1,"Pinyon Crest",9.83116381563448,"PF","Hot variable"
1996,2,"Pinyon Crest",9.37370407706093,"PF","Hot variable"
1996,3,"Pinyon Crest",15.9669752158684,"PF","Hot variable"
1996,4,"Pinyon Crest",21.9423947500942,"PF","Hot variable"
1996,5,"Pinyon Crest",27.1172069248373,"PF","Hot variable"
1996,6,"Pinyon Crest",31.3532678872054,"PF","Hot variable"
1996,7,"Pinyon Crest",34.2175242690737,"PF","Hot variable"
1996,8,"Pinyon Crest",32.7826530203862,"PF","Hot variable"
1996,9,"Pinyon Crest",27.2000126557819,"PF","Hot variable"
1996,10,"Pinyon Crest",20.3159127569832,"PF","Hot variable"
1996,11,"Pinyon Crest",15.1244379721887,"PF","Hot variable"
1996,12,"Pinyon Crest",9.2510625471705,"PF","Hot variable"
1997,1,"Pinyon Crest",8.13116381563448,"PF","Hot variable"
1997,2,"Pinyon Crest",11.6737040770609,"PF","Hot variable"
1997,3,"Pinyon Crest",19.9169752158684,"PF","Hot variable"
1997,4,"Pinyon Crest",21.1423947500942,"PF","Hot variable"
1997,5,"Pinyon Crest",30.7172069248373,"PF","Hot variable"
1997,6,"Pinyon Crest",29.6032678872054,"PF","Hot variable"
1997,7,"Pinyon Crest",33.1675242690737,"PF","Hot variable"
1997,8,"Pinyon Crest",33.8326530203862,"PF","Hot variable"
1997,9,"Pinyon Crest",29.4000126557819,"PF","Hot variable"
1997,10,"Pinyon Crest",20.6159127569832,"PF","Hot variable"
1997,11,"Pinyon Crest",15.1244379721887,"PF","Hot variable"
1997,12,"Pinyon Crest",8.0510625471705,"PF","Hot variable"
1998,1,"Pinyon Crest",8.58116381563448,"PF","Hot variable"
1998,2,"Pinyon Crest",8.37370407706093,"PF","Hot variable"
1998,3,"Pinyon Crest",13.4169752158684,"PF","Hot variable"
1998,4,"Pinyon Crest",17.2423947500942,"PF","Hot variable"
1998,5,"Pinyon Crest",21.5172069248373,"PF","Hot variable"
1998,6,"Pinyon Crest",27.1532678872054,"PF","Hot variable"
1998,7,"Pinyon Crest",34.5175242690737,"PF","Hot variable"
1998,8,"Pinyon Crest",33.8826530203862,"PF","Hot variable"
1998,9,"Pinyon Crest",27.0500126557819,"PF","Hot variable"
1998,10,"Pinyon Crest",19.8159127569832,"PF","Hot variable"
1998,11,"Pinyon Crest",13.7744379721887,"PF","Hot variable"
1998,12,"Pinyon Crest",8.7510625471705,"PF","Hot variable"
1999,1,"Pinyon Crest",10.2311638156345,"PF","Hot variable"
1999,2,"Pinyon Crest",11.5237040770609,"PF","Hot variable"
1999,3,"Pinyon Crest",13.7169752158684,"PF","Hot variable"
1999,4,"Pinyon Crest",16.5923947500942,"PF","Hot variable"
1999,5,"Pinyon Crest",25.6672069248373,"PF","Hot variable"
1999,6,"Pinyon Crest",30.0032678872054,"PF","Hot variable"
1999,7,"Pinyon Crest",32.8175242690737,"PF","Hot variable"
1999,8,"Pinyon Crest",32.6826530203862,"PF","Hot variable"
1999,9,"Pinyon Crest",29.0000126557819,"PF","Hot variable"
1999,10,"Pinyon Crest",24.1159127569832,"PF","Hot variable"
1999,11,"Pinyon Crest",16.3744379721887,"PF","Hot variable"
1999,12,"Pinyon Crest",10.1510625471705,"PF","Hot variable"
2000,1,"Pinyon Crest",10.5811638156345,"PF","Hot variable"
2000,2,"Pinyon Crest",10.6737040770609,"PF","Hot variable"
2000,3,"Pinyon Crest",14.8669752158684,"PF","Hot variable"
2000,4,"Pinyon Crest",22.8923947500942,"PF","Hot variable"
2000,5,"Pinyon Crest",28.6172069248373,"PF","Hot variable"
2000,6,"Pinyon Crest",32.1032678872054,"PF","Hot variable"
2000,7,"Pinyon Crest",34.3175242690737,"PF","Hot variable"
2000,8,"Pinyon Crest",32.7826530203862,"PF","Hot variable"
2000,9,"Pinyon Crest",28.5500126557819,"PF","Hot variable"
2000,10,"Pinyon Crest",19.1159127569832,"PF","Hot variable"
2000,11,"Pinyon Crest",11.4244379721887,"PF","Hot variable"
2000,12,"Pinyon Crest",11.3510625471705,"PF","Hot variable"
2001,1,"Pinyon Crest",6.18116381563448,"PF","Hot variable"
2001,2,"Pinyon Crest",8.07370407706093,"PF","Hot variable"
2001,3,"Pinyon Crest",16.3669752158684,"PF","Hot variable"
2001,4,"Pinyon Crest",18.5423947500942,"PF","Hot variable"
2001,5,"Pinyon Crest",30.7172069248373,"PF","Hot variable"
2001,6,"Pinyon Crest",32.3032678872054,"PF","Hot variable"
2001,7,"Pinyon Crest",32.9675242690737,"PF","Hot variable"
2001,8,"Pinyon Crest",33.8326530203862,"PF","Hot variable"
2001,9,"Pinyon Crest",30.8000126557819,"PF","Hot variable"
2001,10,"Pinyon Crest",24.0159127569832,"PF","Hot variable"
2001,11,"Pinyon Crest",14.8244379721887,"PF","Hot variable"
2001,12,"Pinyon Crest",7.8510625471705,"PF","Hot variable"
2002,1,"Pinyon Crest",8.28116381563448,"PF","Hot variable"
2002,2,"Pinyon Crest",12.8737040770609,"PF","Hot variable"
2002,3,"Pinyon Crest",14.1669752158684,"PF","Hot variable"
2002,4,"Pinyon Crest",20.3423947500942,"PF","Hot variable"
2002,5,"Pinyon Crest",26.3172069248373,"PF","Hot variable"
2002,6,"Pinyon Crest",33.0032678872054,"PF","Hot variable"
2002,7,"Pinyon Crest",36.8675242690737,"PF","Hot variable"
2002,8,"Pinyon Crest",34.5326530203862,"PF","Hot variable"
2002,9,"Pinyon Crest",29.5500126557819,"PF","Hot variable"
2002,10,"Pinyon Crest",20.2159127569832,"PF","Hot variable"
2002,11,"Pinyon Crest",14.8244379721887,"PF","Hot variable"
2002,12,"Pinyon Crest",7.8510625471705,"PF","Hot variable"
2003,1,"Pinyon Crest",12.8811638156345,"PF","Hot variable"
2003,2,"Pinyon Crest",11.4737040770609,"PF","Hot variable"
2003,3,"Pinyon Crest",15.6169752158684,"PF","Hot variable"
2003,4,"Pinyon Crest",17.5923947500942,"PF","Hot variable"
2003,5,"Pinyon Crest",27.7672069248373,"PF","Hot variable"
2003,6,"Pinyon Crest",32.3032678872054,"PF","Hot variable"
2003,7,"Pinyon Crest",36.5675242690737,"PF","Hot variable"
2003,8,"Pinyon Crest",33.7826530203862,"PF","Hot variable"
2003,9,"Pinyon Crest",31.5500126557819,"PF","Hot variable"
2003,10,"Pinyon Crest",26.5659127569832,"PF","Hot variable"
2003,11,"Pinyon Crest",13.2244379721887,"PF","Hot variable"
2003,12,"Pinyon Crest",10.4010625471705,"PF","Hot variable"
2004,1,"Pinyon Crest",10.3311638156345,"PF","Hot variable"
2004,2,"Pinyon Crest",10.3237040770609,"PF","Hot variable"
2004,3,"Pinyon Crest",20.9169752158684,"PF","Hot variable"
2004,4,"Pinyon Crest",22.4923947500942,"PF","Hot variable"
2004,5,"Pinyon Crest",28.5172069248373,"PF","Hot variable"
2004,6,"Pinyon Crest",32.3532678872054,"PF","Hot variable"
2004,7,"Pinyon Crest",35.6175242690737,"PF","Hot variable"
2004,8,"Pinyon Crest",32.7826530203862,"PF","Hot variable"
2004,9,"Pinyon Crest",28.8500126557819,"PF","Hot variable"
2004,10,"Pinyon Crest",20.2159127569832,"PF","Hot variable"
2004,11,"Pinyon Crest",12.7744379721887,"PF","Hot variable"
2004,12,"Pinyon Crest",10.4510625471705,"PF","Hot variable"
2005,1,"Pinyon Crest",9.38116381563448,"PF","Hot variable"
2005,2,"Pinyon Crest",10.4237040770609,"PF","Hot variable"
2005,3,"Pinyon Crest",15.3669752158684,"PF","Hot variable"
2005,4,"Pinyon Crest",20.9923947500942,"PF","Hot variable"
2005,5,"Pinyon Crest",28.2172069248373,"PF","Hot variable"
2005,6,"Pinyon Crest",30.3032678872054,"PF","Hot variable"
2005,7,"Pinyon Crest",36.0675242690737,"PF","Hot variable"
2005,8,"Pinyon Crest",33.4326530203862,"PF","Hot variable"
2005,9,"Pinyon Crest",28.8000126557819,"PF","Hot variable"
2005,10,"Pinyon Crest",22.3159127569832,"PF","Hot variable"
2005,11,"Pinyon Crest",17.4244379721887,"PF","Hot variable"
2005,12,"Pinyon Crest",12.8010625471705,"PF","Hot variable"
2006,1,"Pinyon Crest",10.8811638156345,"PF","Hot variable"
2006,2,"Pinyon Crest",14.3737040770609,"PF","Hot variable"
2006,3,"Pinyon Crest",11.6169752158684,"PF","Hot variable"
2006,4,"Pinyon Crest",19.6923947500942,"PF","Hot variable"
2006,5,"Pinyon Crest",29.9672069248373,"PF","Hot variable"
2006,6,"Pinyon Crest",34.7032678872054,"PF","Hot variable"
2006,7,"Pinyon Crest",36.4175242690737,"PF","Hot variable"
2006,8,"Pinyon Crest",34.7326530203862,"PF","Hot variable"
2006,9,"Pinyon Crest",29.1000126557819,"PF","Hot variable"
2006,10,"Pinyon Crest",21.5159127569832,"PF","Hot variable"
2006,11,"Pinyon Crest",18.0744379721887,"PF","Hot variable"
2006,12,"Pinyon Crest",11.2010625471705,"PF","Hot variable"
2007,1,"Pinyon Crest",8.13116381563448,"PF","Hot variable"
2007,2,"Pinyon Crest",12.8237040770609,"PF","Hot variable"
2007,3,"Pinyon Crest",19.2169752158684,"PF","Hot variable"
2007,4,"Pinyon Crest",22.6923947500942,"PF","Hot variable"
2007,5,"Pinyon Crest",29.5172069248373,"PF","Hot variable"
2007,6,"Pinyon Crest",33.2532678872054,"PF","Hot variable"
2007,7,"Pinyon Crest",36.5175242690737,"PF","Hot variable"
2007,8,"Pinyon Crest",35.5326530203862,"PF","Hot variable"
2007,9,"Pinyon Crest",28.7000126557819,"PF","Hot variable"
2007,10,"Pinyon Crest",22.3659127569832,"PF","Hot variable"
2007,11,"Pinyon Crest",18.5744379721887,"PF","Hot variable"
2007,12,"Pinyon Crest",8.7510625471705,"PF","Hot variable"
2008,1,"Pinyon Crest",7.43116381563448,"PF","Hot variable"
2008,2,"Pinyon Crest",12.5737040770609,"PF","Hot variable"
2008,3,"Pinyon Crest",17.7169752158684,"PF","Hot variable"
2008,4,"Pinyon Crest",22.6923947500942,"PF","Hot variable"
2008,5,"Pinyon Crest",25.8672069248373,"PF","Hot variable"
2008,6,"Pinyon Crest",34.3032678872054,"PF","Hot variable"
2008,7,"Pinyon Crest",35.8175242690737,"PF","Hot variable"
2008,8,"Pinyon Crest",33.9326530203862,"PF","Hot variable"
2008,9,"Pinyon Crest",31.7500126557819,"PF","Hot variable"
2008,10,"Pinyon Crest",24.7159127569832,"PF","Hot variable"
2008,11,"Pinyon Crest",18.7744379721887,"PF","Hot variable"
2008,12,"Pinyon Crest",9.3510625471705,"PF","Hot variable"
2009,1,"Pinyon Crest",12.5811638156345,"PF","Hot variable"
2009,2,"Pinyon Crest",11.2737040770609,"PF","Hot variable"
2009,3,"Pinyon Crest",16.4169752158684,"PF","Hot variable"
2009,4,"Pinyon Crest",21.3923947500942,"PF","Hot variable"
2009,5,"Pinyon Crest",32.1672069248373,"PF","Hot variable"
2009,6,"Pinyon Crest",29.3532678872054,"PF","Hot variable"
2009,7,"Pinyon Crest",37.5675242690737,"PF","Hot variable"
2009,8,"Pinyon Crest",35.2326530203862,"PF","Hot variable"
2009,9,"Pinyon Crest",32.1500126557819,"PF","Hot variable"
2009,10,"Pinyon Crest",21.6659127569832,"PF","Hot variable"
2009,11,"Pinyon Crest",17.6244379721887,"PF","Hot variable"
2009,12,"Pinyon Crest",9.1510625471705,"PF","Hot variable"
2010,1,"Pinyon Crest",10.0311638156345,"PF","Hot variable"
2010,2,"Pinyon Crest",11.7737040770609,"PF","Hot variable"
2010,3,"Pinyon Crest",15.3169752158684,"PF","Hot variable"
2010,4,"Pinyon Crest",19.4423947500942,"PF","Hot variable"
2010,5,"Pinyon Crest",24.8172069248373,"PF","Hot variable"
2010,6,"Pinyon Crest",35.7032678872054,"PF","Hot variable"
2010,7,"Pinyon Crest",36.6175242690737,"PF","Hot variable"
2010,8,"Pinyon Crest",34.5826530203862,"PF","Hot variable"
2010,9,"Deep Canyon ",30.6554748603352,"DC","Hot variable"
2010,9,"Elliott ",27.8121044776119,"EC","Hot variable"
2010,9,"Pinyon Crest",31.5500126557819,"PF","Hot variable"
2010,10,"Deep Canyon ",26.531292562724,"DC","Hot variable"
2010,10,"Elliott ",20.6168391577061,"EC","Hot variable"
2010,10,"Pinyon Crest",21.6659127569832,"PF","Hot variable"
2010,11,"Deep Canyon ",20.2049409722222,"DC","Hot variable"
2010,11,"Elliott ",17.3269054398148,"EC","Hot variable"
2010,11,"Pinyon Crest",14.5744379721887,"PF","Hot variable"
2010,12,"Deep Canyon ",15.8246451612903,"DC","Hot variable"
2010,12,"Elliott ",14.2492950268817,"EC","Hot variable"
2010,12,"Pinyon Crest",11.6010625471705,"PF","Hot variable"
2011,1,"Deep Canyon ",15.2400694444444,"DC","Hot variable"
2011,1,"Elliott ",14.8590859094982,"EC","Hot variable"
2011,1,"Pinyon Crest",11.0311638156345,"PF","Hot variable"
2011,2,"Deep Canyon ",16.2177434275794,"DC","Hot variable"
2011,2,"Elliott ",14.4042114335317,"EC","Hot variable"
2011,2,"Pinyon Crest",10.0737040770609,"PF","Hot variable"
2011,3,"Deep Canyon ",22.3876142473118,"DC","Hot variable"
2011,3,"Elliott ",16.856228718638,"EC","Hot variable"
2011,3,"James ",3.91828374202539,"SJ","Cold variable"
2011,3,"Pinyon Crest",16.3169752158684,"PF","Hot variable"
2011,4,"Deep Canyon ",29.0363032407407,"DC","Hot variable"
2011,4,"Elliott ",21.0929733796296,"EC","Hot variable"
2011,4,"James ",9.74006347095871,"SJ","Cold variable"
2011,4,"Pinyon Crest",21.4923947500942,"PF","Hot variable"
2011,5,"Deep Canyon ",31.8903528225806,"DC","Hot variable"
2011,5,"Elliott ",23.0435696684588,"EC","Hot variable"
2011,5,"James ",14.8706056702152,"SJ","Cold variable"
2011,5,"Pinyon Crest",23.9672069248373,"PF","Hot variable"
2011,6,"Deep Canyon ",37.752875,"DC","Hot variable"
2011,6,"Elliott ",26.3924513888889,"EC","Hot variable"
2011,6,"James ",21.7935489218641,"SJ","Cold variable"
2011,6,"Pinyon Crest",30.7532678872054,"PF","Hot variable"
2011,7,"Deep Canyon ",40.9401366487455,"DC","Hot variable"
2011,7,"Elliott ",29.8971359767025,"EC","Hot variable"
2011,7,"James ",25.4005320340502,"SJ","Cold variable"
2011,7,"Pinyon Crest",34.6675242690737,"PF","Hot variable"
2011,8,"Deep Canyon ",40.2583546146953,"DC","Hot variable"
2011,8,"Elliott ",29.9366913082437,"EC","Hot variable"
2011,8,"James ",22.901938844086,"SJ","Cold variable"
2011,8,"Pinyon Crest",35.7826530203862,"PF","Hot variable"
2011,9,"Deep Canyon ",35.4765231481481,"DC","Hot variable"
2011,9,"Elliott ",27.1940208333333,"EC","Hot variable"
2011,9,"James ",17.8678622685185,"SJ","Cold variable"
2011,9,"Pinyon Crest",31.2000126557819,"PF","Hot variable"
2011,10,"Deep Canyon ",29.6055454749104,"DC","Hot variable"
2011,10,"Elliott ",22.9613788082437,"EC","Hot variable"
2011,10,"James ",10.4889723342294,"SJ","Cold variable"
2011,10,"Pinyon Crest",24.1159127569832,"PF","Hot variable"
2011,11,"Deep Canyon ",18.8016550925926,"DC","Hot variable"
2011,11,"Elliott ",16.1514178240741,"EC","Hot variable"
2011,11,"James ",2.83878492881944,"SJ","Cold variable"
2011,11,"Pinyon Crest",14.1244379721887,"PF","Hot variable"
2011,12,"Deep Canyon ",13.2366726030466,"DC","Hot variable"
2011,12,"Elliott ",13.3720743727599,"EC","Hot variable"
2011,12,"James ",0.402945082885305,"SJ","Cold variable"
2011,12,"McLaughlin ",8.83854407051282,"M","Hot stable"
2011,12,"Pinyon Crest",9.6510625471705,"PF","Hot variable"
2012,1,"Deep Canyon ",17.7151388888889,"DC","Hot variable"
2012,1,"Elliott ",15.5753853046595,"EC","Hot variable"
2012,1,"James ",1.66870395284498,"SJ","Cold variable"
2012,1,"McLaughlin ",9.02629805107527,"M","Hot stable"
2012,1,"Pinyon Crest",12.9811638156345,"PF","Hot variable"
2012,2,"Elliott ",15.4347713122605,"EC","Hot variable"
2012,2,"James ",2.03207079626465,"SJ","Cold variable"
2012,2,"McLaughlin ",10.1470596264368,"M","Hot stable"
2012,2,"Pinyon Crest",12.2737040770609,"PF","Hot variable"
2012,3,"Elliott ",17.117457437276,"EC","Hot variable"
2012,3,"James ",3.37024481462814,"SJ","Cold variable"
2012,3,"McLaughlin ",10.7654666218638,"M","Hot stable"
2012,3,"Pinyon Crest",15.9169752158684,"PF","Hot variable"
2012,4,"Elliott ",19.7621145833333,"EC","Hot variable"
2012,4,"James ",9.61092025462963,"SJ","Cold variable"
2012,4,"McLaughlin ",14.4956747685185,"M","Hot stable"
2012,4,"Pinyon Crest",22.6923947500942,"PF","Hot variable"
2012,5,"Elliott ",24.2168346774194,"EC","Hot variable"
2012,5,"James ",17.999053790286,"SJ","Cold variable"
2012,5,"McLaughlin ",21.4492786738351,"M","Hot stable"
2012,5,"Pinyon Crest",29.8672069248373,"PF","Hot variable"
2012,6,"Elliott ",27.1728969907407,"EC","Hot variable"
2012,6,"James ",24.2153333333333,"SJ","Cold variable"
2012,6,"McLaughlin ",26.6799837962963,"M","Hot stable"
2012,6,"Pinyon Crest",33.3532678872054,"PF","Hot variable"
2012,7,"Elliott ",28.9269791666667,"EC","Hot variable"
2012,7,"James ",26.4663832885305,"SJ","Cold variable"
2012,7,"McLaughlin ",29.4282168458781,"M","Hot stable"
2012,7,"Pinyon Crest",34.6675242690737,"PF","Hot variable"
2012,7,"SNARL ",24.3275325119781,"S","Cold variable"
2012,8,"Elliott ",31.0358938172043,"EC","Hot variable"
2012,8,"James ",22.9790364996599,"SJ","Cold variable"
2012,8,"McLaughlin ",29.8560483870968,"M","Hot stable"
2012,8,"Pinyon Crest",34.9826530203862,"PF","Hot variable"
2012,8,"SNARL ",22.5456137992832,"S","Cold variable"
2012,9,"Elliott ",29.8994884259259,"EC","Hot variable"
2012,9,"James ",19.1806614404704,"SJ","Cold variable"
2012,9,"McLaughlin ",26.1645543981481,"M","Hot stable"
2012,9,"Pinyon Crest",31.9500126557819,"PF","Hot variable"
2012,9,"SNARL ",20.0469725694444,"S","Cold variable"
2012,10,"Elliott ",24.5432459677419,"EC","Hot variable"
2012,10,"James ",11.8538231137452,"SJ","Cold variable"
2012,10,"McLaughlin ",20.6144254032258,"M","Hot stable"
2012,10,"Pinyon Crest",24.4659127569832,"PF","Hot variable"
2012,10,"SNARL ",11.990521953405,"S","Cold variable"
2012,11,"Elliott ",19.6839490740741,"EC","Hot variable"
2012,11,"James ",5.77073845568876,"SJ","Cold variable"
2012,11,"McLaughlin ",13.6767453703704,"M","Hot stable"
2012,11,"Pinyon Crest",18.0744379721887,"PF","Hot variable"
2012,11,"SNARL ",4.11892104236111,"S","Cold variable"
2012,12,"Elliott ",14.3527412634409,"EC","Hot variable"
2012,12,"James ",2.2871887023552,"SJ","Cold variable"
2012,12,"McLaughlin ",8.88687824820789,"M","Hot stable"
2012,12,"Pinyon Crest",10.2010625471705,"PF","Hot variable"
2012,12,"SNARL ",0.947414784498208,"S","Cold variable"
2013,1,"Deep Canyon ",14.4067745910822,"DC","Hot variable"
2013,1,"Elliott ",13.1063497983871,"EC","Hot variable"
2013,1,"James ",0.0363562128579146,"SJ","Cold variable"
2013,1,"McLaughlin ",6.86289023297491,"M","Hot stable"
2013,1,"Pinyon Crest",8.58116381563448,"PF","Hot variable"
2013,1,"SNARL ",-0.0359202002688172,"S","Cold variable"
2013,2,"Deep Canyon ",17.2736335565476,"DC","Hot variable"
2013,2,"Elliott ",14.5832704613095,"EC","Hot variable"
2013,2,"James ",0.841557833890933,"SJ","Cold variable"
2013,2,"McLaughlin ",9.39483258928571,"M","Hot stable"
2013,2,"Pinyon Crest",11.2737040770609,"PF","Hot variable"
2013,2,"SNARL ",-0.676770632440476,"S","Cold variable"
2013,3,"Deep Canyon ",25.6370082885305,"DC","Hot variable"
2013,3,"Elliott ",19.9207896505376,"EC","Hot variable"
2013,3,"James ",5.19698239388814,"SJ","Cold variable"
2013,3,"McLaughlin ",13.4406171594982,"M","Hot stable"
2013,3,"Pinyon Crest",19.8169752158684,"PF","Hot variable"
2013,3,"SNARL ",7.22167294522849,"S","Cold variable"
2013,4,"Anza Borrego HQ ",36.2202459016393,"AB","Hot variable"
2013,4,"Deep Canyon ",30.2739085648148,"DC","Hot variable"
2013,4,"Elliott ",22.5636516203704,"EC","Hot variable"
2013,4,"James ",11.0360268518519,"SJ","Cold variable"
2013,4,"McLaughlin ",17.6686655092593,"M","Hot stable"
2013,4,"Pinyon Crest",24.0423947500942,"PF","Hot variable"
2013,4,"SNARL ",12.813140162037,"S","Cold variable"
2013,5,"Anza Borrego HQ ",32.7978068996416,"AB","Hot variable"
2013,5,"Deep Canyon ",35.020394265233,"DC","Hot variable"
2013,5,"Elliott ",26.3301948924731,"EC","Hot variable"
2013,5,"James ",17.6207223342294,"SJ","Cold variable"
2013,5,"McLaughlin ",22.6406966845878,"M","Hot stable"
2013,5,"Pinyon Crest",28.5172069248373,"PF","Hot variable"
2013,5,"SNARL ",16.5935740367383,"S","Cold variable"
2013,6,"Anza Borrego HQ ",38.6733993055556,"AB","Hot variable"
2013,6,"Deep Canyon ",39.9354907407407,"DC","Hot variable"
2013,6,"Elliott ",29.2415775462963,"EC","Hot variable"
2013,6,"James ",23.1073541666667,"SJ","Cold variable"
2013,6,"McLaughlin ",26.6751678240741,"M","Hot stable"
2013,6,"Pinyon Crest",35.1532678872054,"PF","Hot variable"
2013,6,"SNARL ",24.4251226851852,"S","Cold variable"
2013,7,"Anza Borrego HQ ",38.6282022849462,"AB","Hot variable"
2013,7,"Deep Canyon ",40.4287612007168,"DC","Hot variable"
2013,7,"Elliott ",30.0740165770609,"EC","Hot variable"
2013,7,"James ",25.6413810483871,"SJ","Cold variable"
2013,7,"McLaughlin ",31.0306104390681,"M","Hot stable"
2013,7,"Pinyon Crest",35.8675242690737,"PF","Hot variable"
2013,7,"SNARL ",25.6032549283154,"S","Cold variable"
2013,8,"Anza Borrego HQ ",36.2820284498208,"AB","Hot variable"
2013,8,"Deep Canyon ",37.7162724014337,"DC","Hot variable"
2013,8,"Elliott ",30.6689695340502,"EC","Hot variable"
2013,8,"James ",22.8914444949955,"SJ","Cold variable"
2013,8,"McLaughlin ",29.36801859319,"M","Hot stable"
2013,8,"Pinyon Crest",34.1826530203862,"PF","Hot variable"
2013,8,"SNARL ",22.1009643817204,"S","Cold variable"
2013,9,"Anza Borrego HQ ",32.9492974537037,"AB","Hot variable"
2013,9,"Deep Canyon ",34.9608194444444,"DC","Hot variable"
2013,9,"Elliott ",29.9105590277778,"EC","Hot variable"
2013,9,"James ",16.8471492885468,"SJ","Cold variable"
2013,9,"McLaughlin ",24.9691643518519,"M","Hot stable"
2013,9,"Pinyon Crest",29.6500126557819,"PF","Hot variable"
2013,9,"SNARL ",18.027818287037,"S","Cold variable"
2013,10,"Anza Borrego HQ ",27.2316946684588,"AB","Hot variable"
2013,10,"Deep Canyon ",27.5190681003584,"DC","Hot variable"
2013,10,"Elliott ",23.3014068100358,"EC","Hot variable"
2013,10,"James ",8.35149730579255,"SJ","Cold variable"
2013,10,"McLaughlin ",18.8898891129032,"M","Hot stable"
2013,10,"Pinyon Crest",21.4159127569832,"PF","Hot variable"
2013,10,"SNARL ",9.75604078080197,"S","Cold variable"
2013,11,"Anza Borrego HQ ",20.9219722222222,"AB","Hot variable"
2013,11,"Deep Canyon ",21.3480405092593,"DC","Hot variable"
2013,11,"Elliott ",19.1695324074074,"EC","Hot variable"
2013,11,"James ",4.41515730613426,"SJ","Cold variable"
2013,11,"McLaughlin ",14.0994108796296,"M","Hot stable"
2013,11,"Pinyon Crest",16.1744379721887,"PF","Hot variable"
2013,11,"SNARL ",4.0362334962963,"S","Cold variable"
2013,12,"Anza Borrego HQ ",15.3131971326165,"AB","Hot variable"
2013,12,"Deep Canyon ",15.5666897401434,"DC","Hot variable"
2013,12,"Elliott ",15.5086426971326,"EC","Hot variable"
2013,12,"James ",1.23946106854936,"SJ","Cold variable"
2013,12,"McLaughlin ",9.0712017249104,"M","Hot stable"
2013,12,"Pinyon Crest",12.0010625471705,"PF","Hot variable"
2013,12,"SNARL ",-2.37721936043907,"S","Cold variable"
2014,1,"Anza Borrego HQ ",18.5776181675627,"AB","Hot variable"
2014,1,"Deep Canyon ",18.5663664874552,"DC","Hot variable"
2014,1,"Elliott ",18.1786951164875,"EC","Hot variable"
2014,1,"James ",2.56639023631956,"SJ","Cold variable"
2014,1,"McLaughlin ",11.7608774641577,"M","Hot stable"
2014,1,"Pinyon Crest",15.4811638156345,"PF","Hot variable"
2014,1,"SNARL ",0.524011730062724,"S","Cold variable"
2014,2,"Anza Borrego HQ ",21.5390736607143,"AB","Hot variable"
2014,2,"Deep Canyon ",20.9407725694444,"DC","Hot variable"
2014,2,"Elliott ",18.0132080853175,"EC","Hot variable"
2014,2,"James ",4.18193562670455,"SJ","Cold variable"
2014,2,"McLaughlin ",11.1081164434524,"M","Hot stable"
2014,2,"Pinyon Crest",16.8237040770609,"PF","Hot variable"
2014,2,"SNARL ",3.82841035850694,"S","Cold variable"
2014,3,"Anza Borrego HQ ",24.8087130376344,"AB","Hot variable"
2014,3,"Deep Canyon ",24.4874798387097,"DC","Hot variable"
2014,3,"Elliott ",20.470351702509,"EC","Hot variable"
2014,3,"James ",6.69449473684211,"SJ","Cold variable"
2014,3,"McLaughlin ",13.5040983422939,"M","Hot stable"
2014,3,"Pinyon Crest",18.5169752158684,"PF","Hot variable"
2014,3,"SNARL ",6.03109484744624,"S","Cold variable"
2014,4,"Anza Borrego HQ ",28.3614155092593,"AB","Hot variable"
2014,4,"Deep Canyon ",29.2621689814815,"DC","Hot variable"
2014,4,"Elliott ",23.1422060185185,"EC","Hot variable"
2014,4,"James ",10.6296771779141,"SJ","Cold variable"
2014,4,"McLaughlin ",17.247600462963,"M","Hot stable"
2014,4,"Pinyon Crest",23.2423947500942,"PF","Hot variable"
2014,4,"SNARL ",11.9620855417824,"S","Cold variable"
2014,5,"Anza Borrego HQ ",32.5603427419355,"AB","Hot variable"
2014,5,"Deep Canyon ",34.3456025985663,"DC","Hot variable"
2014,5,"Elliott ",27.5185237455197,"EC","Hot variable"
2014,5,"James ",16.2373720878136,"SJ","Cold variable"
2014,5,"McLaughlin ",22.6062096774194,"M","Hot stable"
2014,5,"Pinyon Crest",28.4172069248373,"PF","Hot variable"
2014,5,"SNARL ",16.9603686155914,"S","Cold variable"
2014,6,"Anza Borrego HQ ",37.7575648148148,"AB","Hot variable"
2014,6,"Deep Canyon ",39.3843784722222,"DC","Hot variable"
2014,6,"Elliott ",29.8302523148148,"EC","Hot variable"
2014,6,"James ",22.0946331018519,"SJ","Cold variable"
2014,6,"McLaughlin ",27.74646875,"M","Hot stable"
2014,6,"Pinyon Crest",33.4032678872054,"PF","Hot variable"
2014,6,"SNARL ",24.455459375,"S","Cold variable"
2014,7,"Anza Borrego HQ ",40.9313037634409,"AB","Hot variable"
2014,7,"Deep Canyon ",41.229456765233,"DC","Hot variable"
2014,7,"Elliott ",31.3626646505376,"EC","Hot variable"
2014,7,"James ",25.5912992831541,"SJ","Cold variable"
2014,7,"McLaughlin ",30.327997311828,"M","Hot stable"
2014,7,"Pinyon Crest",35.8175242690737,"PF","Hot variable"
2014,7,"SNARL ",24.330642921147,"S","Cold variable"
2014,8,"Anza Borrego HQ ",37.3617596326165,"AB","Hot variable"
2014,8,"Deep Canyon ",37.7226601702509,"DC","Hot variable"
2014,8,"Elliott ",30.9757952508961,"EC","Hot variable"
2014,8,"James ",19.4528505824373,"SJ","Cold variable"
2014,8,"McLaughlin ",29.0175380824373,"M","Hot stable"
2014,8,"Pinyon Crest",32.7826530203862,"PF","Hot variable"
2014,8,"SNARL ",21.450291218638,"S","Cold variable"
2014,9,"Anza Borrego HQ ",37.5963935185185,"AB","Hot variable"
2014,9,"Deep Canyon ",36.168224537037,"DC","Hot variable"
2014,9,"Elliott ",31.2886944444444,"EC","Hot variable"
2014,9,"James ",17.1222476851852,"SJ","Cold variable"
2014,9,"McLaughlin ",25.7911539351852,"M","Hot stable"
2014,9,"Pinyon Crest",30.7500126557819,"PF","Hot variable"
2014,9,"SNARL ",19.7535609953704,"S","Cold variable"
2014,10,"Anza Borrego HQ ",30.5927105734767,"AB","Hot variable"
2014,10,"Deep Canyon ",30.6107728494624,"DC","Hot variable"
2014,10,"Elliott ",27.0272121415771,"EC","Hot variable"
2014,10,"James ",11.9132140456989,"SJ","Cold variable"
2014,10,"McLaughlin ",20.0888765681004,"M","Hot stable"
2014,10,"Pinyon Crest",25.8659127569832,"PF","Hot variable"
2014,10,"SNARL ",13.1063926971326,"S","Cold variable"
2014,11,"Anza Borrego HQ ",21.5766886574074,"AB","Hot variable"
2014,11,"Deep Canyon ",21.4679212962963,"DC","Hot variable"
2014,11,"Elliott ",21.0073680555556,"EC","Hot variable"
2014,11,"James ",5.00827780078941,"SJ","Cold variable"
2014,11,"McLaughlin ",13.8472731481481,"M","Hot stable"
2014,11,"Pinyon Crest",17.6244379721887,"PF","Hot variable"
2014,11,"SNARL ",5.2140054,"S","Cold variable"
2014,12,"Anza Borrego HQ ",15.1018597670251,"AB","Hot variable"
2014,12,"Deep Canyon ",15.6042116935484,"DC","Hot variable"
2014,12,"Elliott ",15.7662573924731,"EC","Hot variable"
2014,12,"James ",3.66380810504926,"SJ","Cold variable"
2014,12,"McLaughlin ",10.299385640681,"M","Hot stable"
2014,12,"Pinyon Crest",10.7510625471705,"PF","Hot variable"
2014,12,"SNARL ",0.0366029184587814,"S","Cold variable"
2015,1,"Anza Borrego HQ ",15.0836750672043,"AB","Hot variable"
2015,1,"Deep Canyon ",16.2863033154122,"DC","Hot variable"
2015,1,"Elliott ",16.1916818996416,"EC","Hot variable"
2015,1,"James ",2.5486308638274,"SJ","Cold variable"
2015,1,"McLaughlin ",10.7812348790323,"M","Hot stable"
2015,1,"Pinyon Crest",12.3311638156345,"PF","Hot variable"
2015,1,"SNARL ",0.757735278785842,"S","Cold variable"
2015,2,"Anza Borrego HQ ",21.2580939980159,"AB","Hot variable"
2015,2,"Deep Canyon ",21.51171875,"DC","Hot variable"
2015,2,"Elliott ",19.9205133928571,"EC","Hot variable"
2015,2,"James ",4.55717904761905,"SJ","Cold variable"
2015,2,"McLaughlin ",12.7048671875,"M","Hot stable"
2015,2,"Pinyon Crest",17.9737040770609,"PF","Hot variable"
2015,2,"SNARL ",4.53286461334325,"S","Cold variable"
2015,3,"Anza Borrego HQ ",25.3600404345878,"AB","Hot variable"
2015,3,"Deep Canyon ",25.8121326164875,"DC","Hot variable"
2015,3,"Elliott ",22.6844959677419,"EC","Hot variable"
2015,3,"James ",7.34747807605287,"SJ","Cold variable"
2015,3,"McLaughlin ",15.5322547043011,"M","Hot stable"
2015,3,"Pinyon Crest",20.5169752158684,"PF","Hot variable"
2015,3,"SNARL ",8.82176806485215,"S","Cold variable"
2015,4,"Anza Borrego HQ ",28.9690162037037,"AB","Hot variable"
2015,4,"Deep Canyon ",28.9486180555556,"DC","Hot variable"
2015,4,"Elliott ",24.3583263888889,"EC","Hot variable"
2015,4,"James ",10.4213365740741,"SJ","Cold variable"
2015,4,"McLaughlin ",17.7837460648148,"M","Hot stable"
2015,4,"Pinyon Crest",23.1923947500942,"PF","Hot variable"
2015,4,"SNARL ",11.8364516365741,"S","Cold variable"
2015,5,"Anza Borrego HQ ",30.2186480734767,"AB","Hot variable"
2015,5,"Deep Canyon ",30.6671359767025,"DC","Hot variable"
2015,5,"Elliott ",22.6282594086022,"EC","Hot variable"
2015,5,"James ",13.228581765233,"SJ","Cold variable"
2015,5,"McLaughlin ",21.9525772849462,"M","Hot stable"
2015,5,"Pinyon Crest",24.9172069248373,"PF","Hot variable"
2015,5,"SNARL ",13.9557675113127,"S","Cold variable"
2015,6,"Anza Borrego HQ ",38.4641053240741,"AB","Hot variable"
2015,6,"Deep Canyon ",38.7039456018518,"DC","Hot variable"
2015,6,"Elliott ",28.443537037037,"EC","Hot variable"
2015,6,"James ",20.7690555555556,"SJ","Cold variable"
2015,6,"McLaughlin ",28.7331793981481,"M","Hot stable"
2015,6,"Pinyon Crest",34.4532678872054,"PF","Hot variable"
2015,6,"SNARL ",21.8672590277778,"S","Cold variable"
2015,7,"Anza Borrego HQ ",38.8897289426523,"AB","Hot variable"
2015,7,"Deep Canyon ",38.0329995519713,"DC","Hot variable"
2015,7,"Elliott ",29.3373375896057,"EC","Hot variable"
2015,7,"James ",22.0014482526882,"SJ","Cold variable"
2015,7,"McLaughlin ",31.00739359319,"M","Hot stable"
2015,7,"Pinyon Crest",33.0675242690737,"PF","Hot variable"
2015,7,"SNARL ",20.9030200492832,"S","Cold variable"
2015,8,"Anza Borrego HQ ",41.3375123207885,"AB","Hot variable"
2015,8,"Deep Canyon ",40.5967272319426,"DC","Hot variable"
2015,8,"Elliott ",31.6384688620072,"EC","Hot variable"
2015,8,"James ",20.8337175179211,"SJ","Cold variable"
2015,8,"McLaughlin ",29.4923801523297,"M","Hot stable"
2015,8,"Pinyon Crest",35.9826530203862,"PF","Hot variable"
2015,8,"SNARL ",23.5001657706093,"S","Cold variable"
2015,9,"Anza Borrego HQ ",36.5475196759259,"AB","Hot variable"
2015,9,"Deep Canyon ",36.4213472222222,"DC","Hot variable"
2015,9,"Elliott ",30.3376261574074,"EC","Hot variable"
2015,9,"James ",16.6202256944444,"SJ","Cold variable"
2015,9,"McLaughlin ",25.5023298611111,"M","Hot stable"
2015,9,"Pinyon Crest",30.8500126557819,"PF","Hot variable"
2015,9,"SNARL ",19.2773354166667,"S","Cold variable"
2015,10,"Anza Borrego HQ ",30.0754121863799,"AB","Hot variable"
2015,10,"Deep Canyon ",29.7178057795699,"DC","Hot variable"
2015,10,"Elliott ",25.9698499103943,"EC","Hot variable"
2015,10,"James ",11.6837813620072,"SJ","Cold variable"
2015,10,"McLaughlin ",22.3633627946128,"M","Hot stable"
2015,10,"Pinyon Crest",24.4659127569832,"PF","Hot variable"
2015,10,"SNARL ",12.1208769041219,"S","Cold variable"
2015,11,"Anza Borrego HQ ",19.2850959490741,"AB","Hot variable"
2015,11,"Deep Canyon ",19.9676574074074,"DC","Hot variable"
2015,11,"Elliott ",18.6233398934939,"EC","Hot variable"
2015,11,"James ",3.32751550462963,"SJ","Cold variable"
2015,11,"Pinyon Crest",14.9244379721887,"PF","Hot variable"
2015,11,"SNARL ",1.84721041608796,"S","Cold variable"
2015,12,"Anza Borrego HQ ",14.3080293458781,"AB","Hot variable"
2015,12,"Deep Canyon ",14.6681930105071,"DC","Hot variable"
2015,12,"Elliott ",14.5420479390681,"EC","Hot variable"
2015,12,"James ",0.493804755376344,"SJ","Cold variable"
2015,12,"Pinyon Crest",9.8010625471705,"PF","Hot variable"
2015,12,"SNARL ",-0.969371675851254,"S","Cold variable"
2016,1,"Anza Borrego HQ ",13.7070741487455,"AB","Hot variable"
2016,1,"Deep Canyon ",13.8969899193548,"DC","Hot variable"
2016,1,"Elliott ",14.2041331765233,"EC","Hot variable"
2016,1,"James ",-0.121990815480304,"SJ","Cold variable"
2016,1,"Pinyon Crest",9.58116381563448,"PF","Hot variable"
2016,1,"SNARL ",-1.7499009827509,"S","Cold variable"
2016,2,"Anza Borrego HQ ",19.5166263170498,"AB","Hot variable"
2016,2,"Deep Canyon ",21.5778882902299,"DC","Hot variable"
2016,2,"Elliott ",19.4901702586207,"EC","Hot variable"
2016,2,"James ",2.57197716994178,"SJ","Cold variable"
2016,2,"Pinyon Crest",17.6737040770609,"PF","Hot variable"
2016,2,"SNARL ",1.7846228878113,"S","Cold variable"
2016,3,"Anza Borrego HQ ",24.5370105286738,"AB","Hot variable"
2016,3,"Deep Canyon ",25.4728012992832,"DC","Hot variable"
2016,3,"Elliott ",20.4701948924731,"EC","Hot variable"
2016,3,"James ",5.92188648510305,"SJ","Cold variable"
2016,3,"Pinyon Crest",18.4669752158684,"PF","Hot variable"
2016,3,"SNARL ",7.12161911435932,"S","Cold variable"
2016,4,"Anza Borrego HQ ",28.109375,"AB","Hot variable"
2016,4,"Deep Canyon ",28.4063854166667,"DC","Hot variable"
2016,4,"Elliott ",22.7161018518519,"EC","Hot variable"
2016,4,"James ",9.7230159837963,"SJ","Cold variable"
2016,4,"Pinyon Crest",22.4423947500942,"PF","Hot variable"
2016,4,"SNARL ",11.5859634259259,"S","Cold variable"
2016,5,"Anza Borrego HQ ",31.856622983871,"AB","Hot variable"
2016,5,"Deep Canyon ",31.225497311828,"DC","Hot variable"
2016,5,"Elliott ",22.7477620967742,"EC","Hot variable"
2016,5,"James ",15.249950828853,"SJ","Cold variable"
2016,5,"Pinyon Crest",25.8672069248373,"PF","Hot variable"
2016,5,"SNARL ",14.7132162858423,"S","Cold variable"
2016,6,"Anza Borrego HQ ",39.6287800925926,"AB","Hot variable"
2016,6,"Deep Canyon ",38.8323136574074,"DC","Hot variable"
2016,6,"Elliott ",29.0436793981481,"EC","Hot variable"
2016,6,"James ",23.9282962962963,"SJ","Cold variable"
2016,6,"Pinyon Crest",35.3532678872054,"PF","Hot variable"
2016,6,"SNARL ",22.0878170138889,"S","Cold variable"
2016,7,"Anza Borrego HQ ",41.8775862455197,"AB","Hot variable"
2016,7,"Deep Canyon ",41.2685674283154,"DC","Hot variable"
2016,7,"Elliott ",32.3995094086021,"EC","Hot variable"
2016,7,"James ",28.4795518709388,"SJ","Cold variable"
2016,7,"Pinyon Crest",36.8675242690737,"PF","Hot variable"
2016,7,"SNARL ",25.538767921147,"S","Cold variable"
2016,8,"Anza Borrego HQ ",40.9305533154122,"AB","Hot variable"
2016,8,"Deep Canyon ",40.8921460573477,"DC","Hot variable"
2016,8,"Elliott ",32.1101479157329,"EC","Hot variable"
2016,8,"James ",25.1989706541219,"SJ","Cold variable"
2016,8,"Pinyon Crest",35.3826530203862,"PF","Hot variable"
2016,8,"SNARL ",23.2501317204301,"S","Cold variable"
2016,9,"Anza Borrego HQ ",33.3503518518519,"AB","Hot variable"
2016,9,"Deep Canyon ",34.3194085648148,"DC","Hot variable"
2016,9,"Elliott ",28.6272210648148,"EC","Hot variable"
2016,9,"James ",16.9708867660764,"SJ","Cold variable"
2016,9,"Pinyon Crest",28.5500126557819,"PF","Hot variable"
2016,9,"SNARL ",18.7971890046296,"S","Cold variable"
2016,10,"Anza Borrego HQ ",28.295728046595,"AB","Hot variable"
2016,10,"Deep Canyon ",29.1755748933303,"DC","Hot variable"
2016,10,"Elliott ",25.3732437275986,"EC","Hot variable"
2016,10,"James ",10.8141511627907,"SJ","Cold variable"
2016,10,"Pinyon Crest",24.4659127569832,"PF","Hot variable"
2016,10,"SNARL ",11.1868378780935,"S","Cold variable"
2016,11,"Anza Borrego HQ ",21.3259993055556,"AB","Hot variable"
2016,11,"Deep Canyon ",22.5624386574074,"DC","Hot variable"
2016,11,"Elliott ",21.0606287703016,"EC","Hot variable"
2016,11,"James ",4.53428061747685,"SJ","Cold variable"
2016,11,"Pinyon Crest",17.4744379721887,"PF","Hot variable"
2016,11,"SNARL ",3.94121034409722,"S","Cold variable"
2016,12,"Anza Borrego HQ ",14.2569192428315,"AB","Hot variable"
2016,12,"Deep Canyon ",14.9015779569892,"DC","Hot variable"
2016,12,"Elliott ",15.1637523521505,"EC","Hot variable"
2016,12,"James ",1.15416222691618,"SJ","Cold variable"
2016,12,"Pinyon Crest",10.5510625471705,"PF","Hot variable"
2016,12,"SNARL ",0.790770980286738,"S","Cold variable"
2017,1,"Anza Borrego HQ ",12.6685104166667,"AB","Hot variable"
2017,1,"Deep Canyon ",12.7058374775986,"DC","Hot variable"
2017,1,"Elliott ",13.5576019265233,"EC","Hot variable"
2017,1,"James ",0.645670731070789,"SJ","Cold variable"
2017,1,"McLaughlin ",7.13434416311898,"M","Hot stable"
2017,1,"Pinyon Crest",7.73116381563448,"PF","Hot variable"
2017,1,"SNARL ",0.1796672171819,"S","Cold variable"
2017,2,"Anza Borrego HQ ",16.8711061507937,"AB","Hot variable"
2017,2,"Deep Canyon ",18.2848623511905,"DC","Hot variable"
2017,2,"Elliott ",15.888303150583,"EC","Hot variable"
2017,2,"James ",2.14336396688167,"SJ","Cold variable"
2017,2,"McLaughlin ",7.77744736842105,"M","Hot stable"
2017,2,"Pinyon Crest",13.0737040770609,"PF","Hot variable"
2017,2,"SNARL ",0.356228814236111,"S","Cold variable"
2017,3,"Anza Borrego HQ ",23.4207370071685,"AB","Hot variable"
2017,3,"Deep Canyon ",25.0586503136201,"DC","Hot variable"
2017,3,"Elliott ",20.6138037634409,"EC","Hot variable"
2017,3,"James ",7.19481586021505,"SJ","Cold variable"
2017,3,"Pinyon Crest",19.3669752158684,"PF","Hot variable"
2017,3,"SNARL ",0.284493842293907,"S","Cold variable"
2017,4,"Anza Borrego HQ ",30.822755787037,"AB","Hot variable"
2017,4,"Deep Canyon ",29.7520208333333,"DC","Hot variable"
2017,4,"Elliott ",25.330431712963,"EC","Hot variable"
2017,4,"James ",11.3420484953704,"SJ","Cold variable"
2017,4,"Pinyon Crest",23.8423947500942,"PF","Hot variable"
2017,4,"SNARL ",8.04417411111111,"S","Cold variable"
2017,5,"Anza Borrego HQ ",34.9239236111111,"AB","Hot variable"
2017,5,"Deep Canyon ",32.1225403225806,"DC","Hot variable"
2017,5,"Elliott ",24.1277172939068,"EC","Hot variable"
2017,5,"James ",17.3728378703927,"SJ","Cold variable"
2017,5,"Merced",28.6551668288921,"ME","Hot stable"
2017,5,"Pinyon Crest",27.3672069248373,"PF","Hot variable"
2017,5,"SNARL ",16.0414945116487,"S","Cold variable"
2017,6,"Anza Borrego HQ ",41.6548101851852,"AB","Hot variable"
2017,6,"Deep Canyon ",38.598056712963,"DC","Hot variable"
2017,6,"Elliott ",28.9163796296296,"EC","Hot variable"
2017,6,"James ",26.7927152777778,"SJ","Cold variable"
2017,6,"Merced",32.8221450617361,"ME","Hot stable"
2017,6,"Pinyon Crest",31.3032678872054,"PF","Hot variable"
2017,6,"SNARL ",23.465196412037,"S","Cold variable"
2017,7,"Anza Borrego HQ ",43.9253651433692,"AB","Hot variable"
2017,7,"Deep Canyon ",41.490415546595,"DC","Hot variable"
2017,7,"Elliott ",32.7172099014337,"EC","Hot variable"
2017,7,"James ",29.0870082885305,"SJ","Cold variable"
2017,7,"Merced",37.0451342029825,"ME","Hot stable"
2017,7,"Pinyon Crest",36.6675242690737,"PF","Hot variable"
2017,7,"Quail Ridge ",36.623810331825,"QR","Hot variable"
2017,7,"SNARL ",24.3379693100358,"S","Cold variable"
2017,8,"Anza Borrego HQ ",43.4976512096774,"AB","Hot variable"
2017,8,"Deep Canyon ",40.5794007616487,"DC","Hot variable"
2017,8,"Elliott ",31.8044455645161,"EC","Hot variable"
2017,8,"James ",23.886535246272,"SJ","Cold variable"
2017,8,"Merced",36.2123123122973,"ME","Hot stable"
2017,8,"Pinyon Crest",35.6326530203862,"PF","Hot variable"
2017,8,"Quail Ridge ",35.5557123655914,"QR","Hot variable"
2017,8,"SNARL ",22.3038093637993,"S","Cold variable"
2017,9,"Anza Borrego HQ ",36.6837905092593,"AB","Hot variable"
2017,9,"Deep Canyon ",34.6884768518519,"DC","Hot variable"
2017,9,"Elliott ",29.1121168981481,"EC","Hot variable"
2017,9,"James ",17.271015162037,"SJ","Cold variable"
2017,9,"Merced",32.7051697531111,"ME","Hot stable"
2017,9,"Pinyon Crest",28.3000126557819,"PF","Hot variable"
2017,9,"Quail Ridge ",30.5675208719852,"QR","Hot variable"
2017,9,"SNARL ",17.378515625,"S","Cold variable"
2017,10,"Anza Borrego HQ ",30.897976030466,"AB","Hot variable"
2017,10,"Deep Canyon ",30.6236167114695,"DC","Hot variable"
2017,10,"Elliott ",27.1613664874552,"EC","Hot variable"
2017,10,"James ",11.4520663111523,"SJ","Cold variable"
2017,10,"Merced",25.2148197994482,"ME","Hot stable"
2017,10,"Pinyon Crest",25.6659127569832,"PF","Hot variable"
2017,10,"Quail Ridge ",22.9166845878136,"QR","Hot variable"
2017,10,"SNARL ",11.2560115832022,"S","Cold variable"
2017,11,"Anza Borrego HQ ",23.4295335648148,"AB","Hot variable"
2017,11,"Deep Canyon ",23.4346226851852,"DC","Hot variable"
2017,11,"Elliott ",21.4952141203704,"EC","Hot variable"
2017,11,"James ",6.16558760935234,"SJ","Cold variable"
2017,11,"Merced",19.3183641974306,"ME","Hot stable"
2017,11,"Pinyon Crest",19.6244379721887,"PF","Hot variable"
2017,11,"Quail Ridge ",14.6036475694444,"QR","Hot variable"
2017,11,"SNARL ",5.60975325428241,"S","Cold variable"
2017,12,"Anza Borrego HQ ",17.2837296146953,"AB","Hot variable"
2017,12,"Deep Canyon ",17.3476355286738,"DC","Hot variable"
2017,12,"Elliott ",18.7100784050179,"EC","Hot variable"
2017,12,"James ",1.31562701937724,"SJ","Cold variable"
2017,12,"Merced",12.3320604972251,"ME","Hot stable"
2017,12,"Pinyon Crest",14.6510625471705,"PF","Hot variable"
2017,12,"Quail Ridge ",9.9293334453405,"QR","Hot variable"
2017,12,"SNARL ",-0.0544922587365591,"S","Cold variable"
2018,1,"Anza Borrego HQ ",17.691477374552,"AB","Hot variable"
2018,1,"Deep Canyon ",17.8418481182796,"DC","Hot variable"
2018,1,"Elliott ",17.8818268369176,"EC","Hot variable"
2018,1,"James ",2.92314745621737,"SJ","Cold variable"
2018,1,"Merced",12.8366935484099,"ME","Hot stable"
2018,1,"Pinyon Crest",13.5811638156345,"PF","Hot variable"
2018,1,"Quail Ridge ",11.0647312948029,"QR","Hot variable"
2018,1,"SNARL ",1.50683317573925,"S","Cold variable"
2018,2,"Anza Borrego HQ ",19.3941514512528,"AB","Hot variable"
2018,2,"Deep Canyon ",19.6382018849206,"DC","Hot variable"
2018,2,"Elliott ",18.6531138392857,"EC","Hot variable"
2018,2,"James ",2.57182656449553,"SJ","Cold variable"
2018,2,"Merced",12.758101851942,"ME","Hot stable"
2018,2,"Pinyon Crest",13.1237040770609,"PF","Hot variable"
2018,2,"Quail Ridge ",10.5704061259921,"QR","Hot variable"
2018,2,"SNARL ",1.93832721837798,"S","Cold variable"
2018,3,"Anza Borrego HQ ",24.0805723566308,"AB","Hot variable"
2018,3,"Deep Canyon ",22.6079502688172,"DC","Hot variable"
2018,3,"Elliott ",18.9117226702509,"EC","Hot variable"
2018,3,"James ",5.55422828353023,"SJ","Cold variable"
2018,3,"Merced",13.8456873316981,"ME","Hot stable"
2018,3,"Pinyon Crest",15.8669752158684,"PF","Hot variable"
2018,3,"Quail Ridge ",10.7887793165468,"QR","Hot variable"
2018,3,"SNARL ",3.32492744097222,"S","Cold variable"
2018,4,"Anza Borrego HQ ",31.839369212963,"AB","Hot variable"
2018,4,"Deep Canyon ",29.8782199074074,"DC","Hot variable"
2018,4,"Elliott ",24.15584375,"EC","Hot variable"
2018,4,"James ",10.7956107791587,"SJ","Cold variable"
2018,4,"Jepson ",17.8236787280702,"J","Hot stable"
2018,4,"Merced",16.8655092592361,"ME","Hot stable"
2018,4,"Pinyon Crest",24.6423947500942,"PF","Hot variable"
2018,4,"Quail Ridge ",15.7924906646751,"QR","Hot variable"
2018,4,"SNARL ",11.1599605335648,"S","Cold variable"
2018,5,"Anza Borrego HQ ",35.0070071684588,"AB","Hot variable"
2018,5,"Deep Canyon ",32.2570892335356,"DC","Hot variable"
2018,5,"Elliott ",23.4830288678394,"EC","Hot variable"
2018,5,"James ",17.1985005601613,"SJ","Cold variable"
2018,5,"Jepson ",20.7316924283154,"J","Hot stable"
2018,5,"McLaughlin ",20.9912328767123,"M","Hot stable"
2018,5,"Merced",22.5802718039919,"ME","Hot stable"
2018,5,"Pinyon Crest",27.7172069248373,"PF","Hot variable"
2018,5,"Quail Ridge ",24.3952542562724,"QR","Hot variable"
2018,5,"SNARL ",15.039851714028,"S","Cold variable"
2018,6,"Anza Borrego HQ ",40.3324627421759,"AB","Hot variable"
2018,6,"Deep Canyon ",37.4300150462963,"DC","Hot variable"
2018,6,"Elliott ",29.2831412037037,"EC","Hot variable"
2018,6,"James ",24.4465196759259,"SJ","Cold variable"
2018,6,"Jepson ",26.3110729166667,"J","Hot stable"
2018,6,"McLaughlin ",24.53421875,"M","Hot stable"
2018,6,"Merced",29.2685185186667,"ME","Hot stable"
2018,6,"Pinyon Crest",34.2032678872054,"PF","Hot variable"
2018,6,"Quail Ridge ",32.38153125,"QR","Hot variable"
2018,6,"SNARL ",24.1712722222222,"S","Cold variable"
2018,7,"Anza Borrego HQ ",43.2187242472266,"AB","Hot variable"
2018,7,"Deep Canyon ",39.845945878226,"DC","Hot variable"
2018,7,"Elliott ",33.1832683691756,"EC","Hot variable"
2018,7,"James ",25.5647880690738,"SJ","Cold variable"
2018,7,"Jepson ",28.7935595878136,"J","Hot stable"
2018,7,"McLaughlin ",30.7495721326165,"M","Hot stable"
2018,7,"Merced",32.2214285711429,"ME","Hot stable"
2018,7,"Pinyon Crest",36.6675242690737,"PF","Hot variable"
2018,7,"Quail Ridge ",36.1969724462366,"QR","Hot variable"
2018,7,"SNARL ",25.0411794354839,"S","Cold variable"
2018,8,"Anza Borrego HQ ",43.2791801075269,"AB","Hot variable"
2018,8,"Deep Canyon ",40.6818481182796,"DC","Hot variable"
2018,8,"Elliott ",33.6868481182796,"EC","Hot variable"
2018,8,"James ",23.5030768369176,"SJ","Cold variable"
2018,8,"Jepson ",27.3865311379928,"J","Hot stable"
2018,8,"McLaughlin ",29.4277430555556,"M","Hot stable"
2018,8,"Pinyon Crest",35.1826530203862,"PF","Hot variable"
2018,8,"Quail Ridge ",36.2648409498208,"QR","Hot variable"
2018,8,"SNARL ",23.4646751792115,"S","Cold variable"
2018,9,"Anza Borrego HQ ",39.3072858796296,"AB","Hot variable"
2018,9,"Deep Canyon ",37.6651853188929,"DC","Hot variable"
2018,9,"Elliott ",29.652224537037,"EC","Hot variable"
2018,9,"James ",19.2905335648148,"SJ","Cold variable"
2018,9,"Jepson ",24.986587962963,"J","Hot stable"
2018,9,"McLaughlin ",26.0317638888889,"M","Hot stable"
2018,9,"Pinyon Crest",32.3000126557819,"PF","Hot variable"
2018,9,"Quail Ridge ",31.5862627314815,"QR","Hot variable"
2018,9,"SNARL ",18.8709741898148,"S","Cold variable"
2018,10,"Anza Borrego HQ ",28.5128012992832,"AB","Hot variable"
2018,10,"Deep Canyon ",27.7266286681716,"DC","Hot variable"
2018,10,"Elliott ",24.8461547939068,"EC","Hot variable"
2018,10,"James ",10.9040967958772,"SJ","Cold variable"
2018,10,"Jepson ",21.2365456989247,"J","Hot stable"
2018,10,"McLaughlin ",19.0578494623656,"M","Hot stable"
2018,10,"Pinyon Crest",22.2159127569832,"PF","Hot variable"
2018,10,"Quail Ridge ",22.28467062514,"QR","Hot variable"
2018,10,"SNARL ",10.2119548611111,"S","Cold variable"
2018,11,"Anza Borrego HQ ",21.0887326388889,"AB","Hot variable"
2018,11,"Deep Canyon ",21.2629444990177,"DC","Hot variable"
2018,11,"Elliott ",21.2981018518519,"EC","Hot variable"
2018,11,"James ",3.7366568287037,"SJ","Cold variable"
2018,11,"Jepson ",15.0046898148148,"J","Hot stable"
2018,11,"McLaughlin ",14.1591122685185,"M","Hot stable"
2018,11,"Pinyon Crest",17.0744379721887,"PF","Hot variable"
2018,11,"Quail Ridge ",16.1791678240741,"QR","Hot variable"
2018,11,"SNARL ",3.82905613425926,"S","Cold variable"
2018,12,"Anza Borrego HQ ",13.8856572580645,"AB","Hot variable"
2018,12,"Deep Canyon ",14.5889547491039,"DC","Hot variable"
2018,12,"Elliott ",15.2509912634409,"EC","Hot variable"
2018,12,"James ",1.31619634856631,"SJ","Cold variable"
2018,12,"Jepson ",11.7145732526882,"J","Hot stable"
2018,12,"McLaughlin ",8.96034677419355,"M","Hot stable"
2018,12,"Pinyon Crest",11.0010625471705,"PF","Hot variable"
2018,12,"Quail Ridge ",10.7261757392473,"QR","Hot variable"
2018,12,"SNARL ",0.393970878136201,"S","Cold variable"
2019,1,"Anza Borrego HQ ",12.8718644713262,"AB","Hot variable"
2019,1,"Bodega ",10.531739359319,"B","Cold stable"
2019,1,"Deep Canyon ",13.2399315636201,"DC","Hot variable"
2019,1,"Elliott ",14.5206672267025,"EC","Hot variable"
2019,1,"James ",-0.0364051299283154,"SJ","Cold variable"
2019,1,"Jepson ",10.9785104166667,"J","Hot stable"
2019,1,"McLaughlin ",8.78789639336918,"M","Hot stable"
2019,1,"Pinyon Crest",9.78116381563448,"PF","Hot variable"
2019,1,"Quail Ridge ",9.67630846774193,"QR","Hot variable"
2019,1,"SNARL ",-0.605466845878136,"S","Cold variable"
2019,2,"Anza Borrego HQ ",13.1810355902778,"AB","Hot variable"
2019,2,"Bodega ",9.24178571428572,"B","Cold stable"
2019,2,"Deep Canyon ",12.7387028769841,"DC","Hot variable"
2019,2,"Elliott ",13.1273892609127,"EC","Hot variable"
2019,2,"James ",0.457010912698413,"SJ","Cold variable"
2019,2,"Jepson ",10.224455109127,"J","Hot stable"
2019,2,"McLaughlin ",7.68924317956349,"M","Hot stable"
2019,2,"Pinyon Crest",7.92370407706093,"PF","Hot variable"
2019,2,"Quail Ridge ",9.33346862599206,"QR","Hot variable"
2019,2,"SNARL ",0.252929191468254,"S","Cold variable"
2019,3,"Anza Borrego HQ ",21.1536872759857,"AB","Hot variable"
2019,3,"Bodega ",11.9913316532258,"B","Cold stable"
2019,3,"Deep Canyon ",21.3284341397849,"DC","Hot variable"
2019,3,"Elliott ",17.4575873655914,"EC","Hot variable"
2019,3,"James ",2.26965905017921,"SJ","Cold variable"
2019,3,"Jepson ",12.5711615143369,"J","Hot stable"
2019,3,"McLaughlin ",10.2853248207885,"M","Hot stable"
2019,3,"Pinyon Crest",14.9669752158684,"PF","Hot variable"
2019,3,"Quail Ridge ",11.581185483871,"QR","Hot variable"
2019,3,"SNARL ",0.304006944444444,"S","Cold variable"
2019,4,"Anza Borrego HQ ",30.5690069444444,"AB","Hot variable"
2019,4,"Bodega ",14.1733148148148,"B","Cold stable"
2019,4,"Deep Canyon ",29.5651643518519,"DC","Hot variable"
2019,4,"Elliott ",23.4678784722222,"EC","Hot variable"
2019,4,"James ",10.0992920138889,"SJ","Cold variable"
2019,4,"Jepson ",17.121369212963,"J","Hot stable"
2019,4,"McLaughlin ",14.1915393518519,"M","Hot stable"
2019,4,"Pinyon Crest",23.3423947500942,"PF","Hot variable"
2019,4,"Quail Ridge ",16.2528616898148,"QR","Hot variable"
2019,4,"SNARL ",6.87659282407407,"S","Cold variable"
2019,5,"Anza Borrego HQ ",31.7207896505376,"AB","Hot variable"
2019,5,"Bodega ",14.7556261200717,"B","Cold stable"
2019,5,"Deep Canyon ",29.4205454749104,"DC","Hot variable"
2019,5,"Elliott ",21.5564695340502,"EC","Hot variable"
2019,5,"James ",12.3930290228597,"SJ","Cold variable"
2019,5,"Jepson ",19.0583848566308,"J","Hot stable"
2019,5,"McLaughlin ",17.697354390681,"M","Hot stable"
2019,5,"Quail Ridge ",21.0441067025331,"QR","Hot variable"
2019,5,"SNARL ",13.2888267249104,"S","Cold variable"
2019,6,"Anza Borrego HQ ",39.2519664351852,"AB","Hot variable"
2019,6,"Bodega ",16.5659259259259,"B","Cold stable"
2019,6,"Deep Canyon ",36.8822881944444,"DC","Hot variable"
2019,6,"Elliott ",26.7514386574074,"EC","Hot variable"
2019,6,"James ",22.1955763888889,"SJ","Cold variable"
2019,6,"Jepson ",22.125837962963,"J","Hot stable"
2019,6,"McLaughlin ",24.7162084367246,"M","Hot stable"
2019,6,"Pinyon Crest",34.5532678872054,"PF","Hot variable"
2019,6,"Quail Ridge ",28.2251689814815,"QR","Hot variable"
2019,6,"SNARL ",20.3161096064815,"S","Cold variable"
2019,7,"Anza Borrego HQ ",40.9756978046595,"AB","Hot variable"
2019,7,"Bodega ",16.9830667562724,"B","Cold stable"
2019,7,"Deep Canyon ",38.5895799731183,"DC","Hot variable"
2019,7,"Elliott ",31.8839224910394,"EC","Hot variable"
2019,7,"James ",26.3829413082437,"SJ","Cold variable"
2019,7,"Jepson ",25.3977414295317,"J","Hot stable"
2019,7,"McLaughlin ",29.3847502240143,"M","Hot stable"
2019,7,"Pinyon Crest",35.8175242690737,"PF","Hot variable"
2019,7,"Quail Ridge ",32.160919578853,"QR","Hot variable"
2019,7,"SNARL ",24.6270474910394,"S","Cold variable"
2019,8,"Anza Borrego HQ ",43.242915546595,"AB","Hot variable"
2019,8,"Bodega ",18.7299686379928,"B","Cold stable"
2019,8,"Deep Canyon ",40.6333422939068,"DC","Hot variable"
2019,8,"Elliott ",32.6993189964158,"EC","Hot variable"
2019,8,"James ",23.9424854390681,"SJ","Cold variable"
2019,8,"Jepson ",26.7119265232975,"J","Hot stable"
2019,8,"McLaughlin ",31.1638676075269,"M","Hot stable"
2019,8,"Pinyon Crest",36.8326530203862,"PF","Hot variable"
2019,8,"Quail Ridge ",32.06516468743,"QR","Hot variable"
2019,8,"SNARL ",23.776726030466,"S","Cold variable"
2019,9,"Anza Borrego HQ ",38.3895949074074,"AB","Hot variable"
2019,9,"Bodega ",17.1416805555556,"B","Cold stable"
2019,9,"Deep Canyon ",35.3081747685185,"DC","Hot variable"
2019,9,"Elliott ",30.3861944444444,"EC","Hot variable"
2019,9,"James ",17.9444380787037,"SJ","Cold variable"
2019,9,"Jepson ",24.63846875,"J","Hot stable"
2019,9,"McLaughlin ",26.9248020833333,"M","Hot stable"
2019,9,"Pinyon Crest",29.7500126557819,"PF","Hot variable"
2019,9,"Quail Ridge ",27.7228715277778,"QR","Hot variable"
2019,9,"SNARL ",18.1387002314815,"S","Cold variable"
2019,10,"Anza Borrego HQ ",30.4149708781362,"AB","Hot variable"
2019,10,"Bodega ",13.1372211021505,"B","Cold stable"
2019,10,"Deep Canyon ",28.6229771505376,"DC","Hot variable"
2019,10,"Elliott ",26.3378909050179,"EC","Hot variable"
2019,10,"James ",9.02626836917563,"SJ","Cold variable"
2019,10,"Jepson ",19.4623879928315,"J","Hot stable"
2019,10,"McLaughlin ",20.8745665322581,"M","Hot stable"
2019,10,"Pinyon Crest",24.4659127569832,"PF","Hot variable"
2019,10,"Quail Ridge ",20.9488850291349,"QR","Hot variable"
2019,10,"SNARL ",9.71859431003584,"S","Cold variable"
2019,11,"Anza Borrego HQ ",22.4308668981481,"AB","Hot variable"
2019,11,"Bodega ",11.1888605324074,"B","Cold stable"
2019,11,"Deep Canyon ",21.5528523148148,"DC","Hot variable"
2019,11,"Elliott ",20.4890289351852,"EC","Hot variable"
2019,11,"James ",2.96902743055556,"SJ","Cold variable"
2019,11,"Jepson ",15.1233923611111,"J","Hot stable"
2019,11,"McLaughlin ",16.2710924768519,"M","Hot stable"
2019,11,"Pinyon Crest",19.3744379721887,"PF","Hot variable"
2019,11,"Quail Ridge ",16.051308912037,"QR","Hot variable"
2019,11,"SNARL ",3.86107175925926,"S","Cold variable"
2019,12,"Anza Borrego HQ ",13.8304722222222,"AB","Hot variable"
2019,12,"Bodega ",10.6065846774194,"B","Cold stable"
2019,12,"Deep Canyon ",13.3466656586022,"DC","Hot variable"
2019,12,"Elliott ",14.3434124103943,"EC","Hot variable"
2019,12,"James ",0.242153785842294,"SJ","Cold variable"
2019,12,"Jepson ",11.8254744623656,"J","Hot stable"
2019,12,"McLaughlin ",10.0807600806452,"M","Hot stable"
2019,12,"Pinyon Crest",9.7510625471705,"PF","Hot variable"
2019,12,"Point Reyes ",9.06460595867371,"P","Cold stable"
2019,12,"Quail Ridge ",10.5533205645161,"QR","Hot variable"
2019,12,"SNARL ",-0.225436155913979,"S","Cold variable"
2020,1,"Anza Borrego HQ ",15.7062645609319,"AB","Hot variable"
2020,1,"Bodega ",10.3312005155795,"B","Cold stable"
2020,1,"Deep Canyon ",15.2933165322581,"DC","Hot variable"
2020,1,"Elliott ",15.3392271505376,"EC","Hot variable"
2020,1,"James ",0.0811412410394265,"SJ","Cold variable"
2020,1,"Jepson ",10.1134534050179,"J","Hot stable"
2020,1,"McLaughlin ",8.81155913978495,"M","Hot stable"
2020,1,"Pinyon Crest",13.3811638156345,"PF","Hot variable"
2020,1,"Point Reyes ",9.3119417562724,"P","Cold stable"
2020,1,"Quail Ridge ",9.72601209948465,"QR","Hot variable"
2020,1,"SNARL ",-0.786363463261649,"S","Cold variable"
2020,2,"Anza Borrego HQ ",19.1942959770115,"AB","Hot variable"
2020,2,"Bodega ",10.2206216766467,"B","Cold stable"
2020,2,"Deep Canyon ",19.0502969348659,"DC","Hot variable"
2020,2,"Elliott ",17.9430172413793,"EC","Hot variable"
2020,2,"James ",1.31215401197605,"SJ","Cold variable"
2020,2,"Jepson ",10.7325611829502,"J","Hot stable"
2020,2,"McLaughlin ",10.1942486829502,"M","Hot stable"
2020,2,"Pinyon Crest",15.8237040770609,"PF","Hot variable"
2020,2,"Point Reyes ",9.83328934131737,"P","Cold stable"
2020,2,"Quail Ridge ",12.2340605842912,"QR","Hot variable"
2020,2,"SNARL ",1.94894432471264,"S","Cold variable"
2020,3,"Anza Borrego HQ ",19.7428875448029,"AB","Hot variable"
2020,3,"Bodega ",12.2298029793907,"B","Cold stable"
2020,3,"Deep Canyon ",19.3059061379928,"DC","Hot variable"
2020,3,"Elliott ",17.6237455197133,"EC","Hot variable"
2020,3,"James ",3.84051355286738,"SJ","Cold variable"
2020,3,"Jepson ",12.7419007616487,"J","Hot stable"
2020,3,"McLaughlin ",11.8414056899642,"M","Hot stable"
2020,3,"Pinyon Crest",13.7669752158684,"PF","Hot variable"
2020,3,"Point Reyes ",11.3959240591398,"P","Cold stable"
2020,3,"Quail Ridge ",13.440478046595,"QR","Hot variable"
2020,3,"SNARL ",4.7768476702509,"S","Cold variable"
2020,4,"Anza Borrego HQ ",24.3025787037037,"AB","Hot variable"
2020,4,"Bodega ",14.1269293981481,"B","Cold stable"
2020,4,"Deep Canyon ",25.5900833333333,"DC","Hot variable"
2020,4,"Elliott ",20.4096215277778,"EC","Hot variable"
2020,4,"James ",8.1946443287037,"SJ","Cold variable"
2020,4,"Jepson ",17.11346875,"J","Hot stable"
2020,4,"McLaughlin ",16.2311747685185,"M","Hot stable"
2020,4,"Pinyon Crest",22.3423947500942,"PF","Hot variable"
2020,4,"Point Reyes ",13.5781655092593,"P","Cold stable"
2020,4,"Quail Ridge ",18.0567210648148,"QR","Hot variable"
2020,4,"SNARL ",9.72789131944444,"S","Cold variable"
2020,5,"Anza Borrego HQ ",33.1510024641577,"AB","Hot variable"
2020,5,"Bodega ",16.2475884856631,"B","Cold stable"
2020,5,"Deep Canyon ",33.7962970430108,"DC","Hot variable"
2020,5,"Elliott ",28.5715580197133,"EC","Hot variable"
2020,5,"James ",18.648257952509,"SJ","Cold variable"
2020,5,"Jepson ",23.6660808691756,"J","Hot stable"
2020,5,"McLaughlin ",20.4788698476702,"M","Hot stable"
2020,5,"Pinyon Crest",31.1172069248373,"PF","Hot variable"
2020,5,"Point Reyes ",16.2667842741935,"P","Cold stable"
2020,5,"Quail Ridge ",24.4458266129032,"QR","Hot variable"
2020,5,"SNARL ",17.2587582885305,"S","Cold variable"
2020,6,"Anza Borrego HQ ",36.4809664351852,"AB","Hot variable"
2020,6,"Bodega ",17.9819689958353,"B","Cold stable"
2020,6,"Deep Canyon ",36.2404513888889,"DC","Hot variable"
2020,6,"Elliott ",29.1875694444444,"EC","Hot variable"
2020,6,"James ",23.5493946759259,"SJ","Cold variable"
2020,6,"Jepson ",28.4343518518519,"J","Hot stable"
2020,6,"McLaughlin ",26.548474537037,"M","Hot stable"
2020,6,"Pinyon Crest",33.7032678872054,"PF","Hot variable"
2020,6,"Point Reyes ",18.0951516203704,"P","Cold stable"
2020,6,"Quail Ridge ",31.5089236111111,"QR","Hot variable"
2020,6,"SNARL ",22.481562962963,"S","Cold variable"
2020,7,"Anza Borrego HQ ",40.5640524193548,"AB","Hot variable"
2020,7,"Bodega ",18.6131709229391,"B","Cold stable"
2020,7,"Deep Canyon ",39.8518481182796,"DC","Hot variable"
2020,7,"Elliott ",32.2682896505376,"EC","Hot variable"
2020,7,"James ",27.4330253136201,"SJ","Cold variable"
2020,7,"Jepson ",30.21510640681,"J","Hot stable"
2020,7,"McLaughlin ",30.4565557795699,"M","Hot stable"
2020,7,"Pinyon Crest",37.9675242690737,"PF","Hot variable"
2020,7,"Point Reyes ",18.7004502688172,"P","Cold stable"
2020,7,"Quail Ridge ",34.6676400089606,"QR","Hot variable"
2020,7,"SNARL ",25.5602766577061,"S","Cold variable"
2020,8,"Anza Borrego HQ ",42.5244700202111,"AB","Hot variable"
2020,8,"Bodega ",18.3408187724014,"B","Cold stable"
2020,8,"Deep Canyon ",40.9977363351254,"DC","Hot variable"
2020,8,"Elliott ",33.7746180555556,"EC","Hot variable"
2020,8,"James ",25.4687544802867,"SJ","Cold variable"
2020,8,"Jepson ",29.8395217293907,"J","Hot stable"
2020,8,"McLaughlin ",30.117684811828,"M","Hot stable"
2020,8,"Pinyon Crest",37.9326530203862,"PF","Hot variable"
2020,8,"Point Reyes ",19.3101265681004,"P","Cold stable"
2020,8,"Quail Ridge ",34.3935797491039,"QR","Hot variable"
2020,8,"SNARL ",24.4107773297491,"S","Cold variable"
2020,9,"Anza Borrego HQ ",39.0679833294744,"AB","Hot variable"
2020,9,"Bodega ",17.7100497685185,"B","Cold stable"
2020,9,"Deep Canyon ",37.7122037037037,"DC","Hot variable"
2020,9,"Elliott ",31.1597604166667,"EC","Hot variable"
2020,9,"James ",21.0908145741471,"SJ","Cold variable"
2020,9,"Jepson ",26.8092997685185,"J","Hot stable"
2020,9,"McLaughlin ",27.0269074074074,"M","Hot stable"
2020,9,"Pinyon Crest",35.1500126557819,"PF","Hot variable"
2020,9,"Point Reyes ",18.2728900462963,"P","Cold stable"
2020,9,"Quail Ridge ",31.0131203703704,"QR","Hot variable"
2020,9,"SNARL ",18.6978621527778,"S","Cold variable"
2020,9,"WhiteMt Barcroft ",11.3078854599407,"W","Cold variable"
2020,10,"Anza Borrego HQ ",33.6269679659498,"AB","Hot variable"
2020,10,"Bodega ",15.0042884356791,"B","Cold stable"
2020,10,"Deep Canyon ",31.5954450402145,"DC","Hot variable"
2020,10,"Elliott ",28.6139896953405,"EC","Hot variable"
2020,10,"James ",13.1813733198925,"SJ","Cold variable"
2020,10,"Jepson ",22.5769881272401,"J","Hot stable"
2020,10,"McLaughlin ",23.186414164052,"M","Hot stable"
2020,10,"Pinyon Crest",29.5159127569832,"PF","Hot variable"
2020,10,"Point Reyes ",15.4177531362007,"P","Cold stable"
2020,10,"Quail Ridge ",27.2445082885305,"QR","Hot variable"
2020,10,"SNARL ",11.3521618503584,"S","Cold variable"
2020,10,"WhiteMt Barcroft ",6.1195184811828,"W","Cold variable"
2020,11,"Anza Borrego HQ ",23.4010704091342,"AB","Hot variable"
2020,11,"Bodega ",10.3717523148148,"B","Cold stable"
2020,11,"Deep Canyon ",21.755537037037,"DC","Hot variable"
2020,11,"Elliott ",20.3725831046051,"EC","Hot variable"
2020,11,"James ",3.57735665645216,"SJ","Cold variable"
2020,11,"Jepson ",14.5050775462963,"J","Hot stable"
2020,11,"McLaughlin ",14.1076679365079,"M","Hot stable"
2020,11,"Pinyon Crest",19.1744379721887,"PF","Hot variable"
2020,11,"Point Reyes ",10.9827594907407,"P","Cold stable"
2020,11,"Quail Ridge ",16.4431650462963,"QR","Hot variable"
2020,11,"SNARL ",2.4043769878391,"S","Cold variable"
2020,11,"Valentine ",2.07036666666667,"V","Cold stable"
2020,11,"WhiteMt Barcroft ",-2.38102071759259,"W","Cold variable"
2020,12,"Anza Borrego HQ ",17.3221830197133,"AB","Hot variable"
2020,12,"Bodega ",8.75995978942652,"B","Cold stable"
2020,12,"Deep Canyon ",16.0683355734767,"DC","Hot variable"
2020,12,"Elliott ",17.2632157258065,"EC","Hot variable"
2020,12,"James ",-0.0981201836917563,"SJ","Cold variable"
2020,12,"Jepson ",10.438103046595,"J","Hot stable"
2020,12,"McLaughlin ",10.0740637320789,"M","Hot stable"
2020,12,"Pinyon Crest",13.0510625471705,"PF","Hot variable"
2020,12,"Point Reyes ",9.04177430555556,"P","Cold stable"
2020,12,"Quail Ridge ",11.9122897625448,"QR","Hot variable"
2020,12,"SNARL ",-1.45979693100358,"S","Cold variable"
2020,12,"Valentine ",1.15061616617747,"V","Cold stable"
2020,12,"WhiteMt Barcroft ",-5.3123601030466,"W","Cold variable"
2021,1,"Anza Borrego HQ ",17.0937616487455,"AB","Hot variable"
2021,1,"Bodega ",9.77094746863799,"B","Cold stable"
2021,1,"Deep Canyon ",15.7804864471326,"DC","Hot variable"
2021,1,"Elliott ",16.1852657930108,"EC","Hot variable"
2021,1,"James ",0.151264336917563,"SJ","Cold variable"
2021,1,"Jepson ",10.110574484767,"J","Hot stable"
2021,1,"McLaughlin ",9.30367618727599,"M","Hot stable"
2021,1,"Pinyon Crest",11.8311638156345,"PF","Hot variable"
2021,1,"Point Reyes ",9.28059890232975,"P","Cold stable"
2021,1,"Quail Ridge ",11.1081041666667,"QR","Hot variable"
2021,1,"SNARL ",-1.21238026433692,"S","Cold variable"
2021,1,"Valentine ",1.28172418079096,"V","Cold stable"
2021,1,"WhiteMt Barcroft ",-5.71732974910394,"W","Cold variable"
2021,2,"Anza Borrego HQ ",20.4202864583333,"AB","Hot variable"
2021,2,"Bodega ",10.4256584821429,"B","Cold stable"
2021,2,"Deep Canyon ",18.7104451884921,"DC","Hot variable"
2021,2,"Elliott ",17.3506398809524,"EC","Hot variable"
2021,2,"James ",0.328081845238095,"SJ","Cold variable"
2021,2,"Jepson ",11.0439880952381,"J","Hot stable"
2021,2,"McLaughlin ",10.5951173115079,"M","Hot stable"
2021,2,"Pinyon Crest",16.1237040770609,"PF","Hot variable"
2021,2,"Point Reyes ",9.52829141865079,"P","Cold stable"
2021,2,"Quail Ridge ",12.8284412202381,"QR","Hot variable"
2021,2,"SNARL ",0.073397941468254,"S","Cold variable"
2021,2,"Valentine ",1.34605693684734,"V","Cold stable"
2021,2,"WhiteMt Barcroft ",-5.25537834821429,"W","Cold variable"
2021,3,"Anza Borrego HQ ",22.2149283154122,"AB","Hot variable"
2021,3,"Bodega ",10.1734305555556,"B","Cold stable"
2021,3,"Deep Canyon ",20.9101859318996,"DC","Hot variable"
2021,3,"Elliott ",18.0817249103943,"EC","Hot variable"
2021,3,"James ",0.869287746415771,"SJ","Cold variable"
2021,3,"Jepson ",12.0080253136201,"J","Hot stable"
2021,3,"McLaughlin ",11.4053618951613,"M","Hot stable"
2021,3,"Pinyon Crest",15.6669752158684,"PF","Hot variable"
2021,3,"Point Reyes ",10.0789187948029,"P","Cold stable"
2021,3,"Quail Ridge ",13.6291319444444,"QR","Hot variable"
2021,3,"SNARL ",1.90508882168459,"S","Cold variable"
2021,3,"Valentine ",1.06609375,"V","Cold stable"
2021,3,"WhiteMt Barcroft ",-4.80931440412186,"W","Cold variable"
2021,4,"Anza Borrego HQ ",30.5477673611111,"AB","Hot variable"
2021,4,"Bodega ",12.7741805555556,"B","Cold stable"
2021,4,"Deep Canyon ",29.0887384259259,"DC","Hot variable"
2021,4,"Elliott ",23.9172280092593,"EC","Hot variable"
2021,4,"James ",8.85311041666667,"SJ","Cold variable"
2021,4,"Jepson ",17.5637962962963,"J","Hot stable"
2021,4,"McLaughlin ",18.5588148148148,"M","Hot stable"
2021,4,"Pinyon Crest",25.1923947500942,"PF","Hot variable"
2021,4,"Point Reyes ",12.2493055555556,"P","Cold stable"
2021,4,"Quail Ridge ",22.5723819444444,"QR","Hot variable"
2021,4,"SNARL ",11.2512001157407,"S","Cold variable"
2021,4,"Valentine ",3.93219502314815,"V","Cold stable"
2021,4,"WhiteMt Barcroft ",3.609290625,"W","Cold variable"
2021,5,"Anza Borrego HQ ",34.2339034498208,"AB","Hot variable"
2021,5,"Bodega ",16.3665400985663,"B","Cold stable"
2021,5,"Deep Canyon ",32.4988709677419,"DC","Hot variable"
2021,5,"Elliott ",26.2896594982079,"EC","Hot variable"
2021,5,"James ",17.8893729479769,"SJ","Cold variable"
2021,5,"Jepson ",23.6043335573477,"J","Hot stable"
2021,5,"McLaughlin ",24.1612768817204,"M","Hot stable"
2021,5,"Pinyon Crest",30.3672069248373,"PF","Hot variable"
2021,5,"Point Reyes ",14.1573398297491,"P","Cold stable"
2021,5,"Quail Ridge ",30.0989829749104,"QR","Hot variable"
2021,5,"SNARL ",16.8087597446237,"S","Cold variable"
2021,5,"Valentine ",10.5213827284946,"V","Cold stable"
2021,5,"WhiteMt Barcroft ",7.98543548387097,"W","Cold variable"
2021,6,"Anza Borrego HQ ",40.3268009259259,"AB","Hot variable"
2021,6,"Bodega ",19.3523078703704,"B","Cold stable"
2021,6,"Deep Canyon ",38.2128310185185,"DC","Hot variable"
2021,6,"Elliott ",30.0475729166667,"EC","Hot variable"
2021,6,"James ",26.4495590277778,"SJ","Cold variable"
2021,6,"Jepson ",27.2789664351852,"J","Hot stable"
2021,6,"McLaughlin ",29.7162523148148,"M","Hot stable"
2021,6,"Pinyon Crest",37.8532678872054,"PF","Hot variable"
2021,6,"Point Reyes ",16.1991539351852,"P","Cold stable"
2021,6,"Quail Ridge ",33.6054340277778,"QR","Hot variable"
2021,6,"SNARL ",23.5017542824074,"S","Cold variable"
2021,6,"Valentine ",14.5479479166667,"V","Cold stable"
2021,6,"WhiteMt Barcroft ",14.4564378472222,"W","Cold variable"
2021,7,"Anza Borrego HQ ",42.6810741487455,"AB","Hot variable"
2021,7,"Bodega ",19.6575257616487,"B","Cold stable"
2021,7,"Deep Canyon ",39.810976702509,"DC","Hot variable"
2021,7,"Elliott ",32.6897748655914,"EC","Hot variable"
2021,7,"James ",28.2665557795699,"SJ","Cold variable"
2021,7,"Jepson ",28.3717092293907,"J","Hot stable"
2021,7,"McLaughlin ",32.5004558691756,"M","Hot stable"
2021,7,"Pinyon Crest",38.1675242690737,"PF","Hot variable"
2021,7,"Point Reyes ",16.7614460125448,"P","Cold stable"
2021,7,"Quail Ridge ",35.9402329749104,"QR","Hot variable"
2021,7,"SNARL ",24.1110842293907,"S","Cold variable"
2021,7,"Valentine ",17.0448835125448,"V","Cold stable"
2021,7,"WhiteMt Barcroft ",15.1366164874552,"W","Cold variable"
2021,8,"Anza Borrego HQ ",40.4234128584229,"AB","Hot variable"
2021,8,"Bodega ",19.5173510304659,"B","Cold stable"
2021,8,"Deep Canyon ",38.7600459229391,"DC","Hot variable"
2021,8,"Elliott ",31.6991722670251,"EC","Hot variable"
2021,8,"James ",23.9667814293166,"SJ","Cold variable"
2021,8,"Jepson ",27.35885640681,"J","Hot stable"
2021,8,"McLaughlin ",30.8453617831541,"M","Hot stable"
2021,8,"Pinyon Crest",36.2326530203862,"PF","Hot variable"
2021,8,"Point Reyes ",17.1830831826401,"P","Cold stable"
2021,8,"Quail Ridge ",34.2378707437276,"QR","Hot variable"
2021,8,"SNARL ",24.0757202060932,"S","Cold variable"
2021,8,"Valentine ",15.5837253584229,"V","Cold stable"
2021,8,"WhiteMt Barcroft ",16.6475499551971,"W","Cold variable"
2021,9,"Anza Borrego HQ ",38.0426423611111,"AB","Hot variable"
2021,9,"Bodega ",17.65409375,"B","Cold stable"
2021,9,"Deep Canyon ",36.7526076388889,"DC","Hot variable"
2021,9,"Elliott ",30.2716585648148,"EC","Hot variable"
2021,9,"James ",18.3056047453704,"SJ","Cold variable"
2021,9,"Jepson ",26.0699826388889,"J","Hot stable"
2021,9,"McLaughlin ",27.1311157407407,"M","Hot stable"
2021,9,"Pinyon Crest",32.6500126557819,"PF","Hot variable"
2021,9,"Quail Ridge ",31.5336041666667,"QR","Hot variable"
2021,9,"SNARL ",19.1820150462963,"S","Cold variable"
2021,9,"Valentine ",12.7987915218902,"V","Cold stable"
2021,9,"WhiteMt Barcroft ",12.5063063657407,"W","Cold variable"
2021,10,"Anza Borrego HQ ",28.7831238799283,"AB","Hot variable"
2021,10,"Bodega ",13.8042999551971,"B","Cold stable"
2021,10,"Deep Canyon ",27.3192853942652,"DC","Hot variable"
2021,10,"Elliott ",23.5063250448029,"EC","Hot variable"
2021,10,"James ",7.19842170698925,"SJ","Cold variable"
2021,10,"Jepson ",19.7511178315412,"J","Hot stable"
2021,10,"McLaughlin ",18.7042271505376,"M","Hot stable"
2021,10,"Pinyon Crest",22.9159127569832,"PF","Hot variable"
2021,10,"Point Reyes ",13.7666461696131,"P","Cold stable"
2021,10,"Quail Ridge ",21.4634285394265,"QR","Hot variable"
2021,10,"SNARL ",8.58560259856631,"S","Cold variable"
2021,10,"Valentine ",5.72762007168459,"V","Cold stable"
2021,10,"WhiteMt Barcroft ",1.40746650985663,"W","Cold variable"
2021,11,"Anza Borrego HQ ",25.0662800925926,"AB","Hot variable"
2021,11,"Bodega ",12.3432172453704,"B","Cold stable"
2021,11,"Deep Canyon ",24.1249189814815,"DC","Hot variable"
2021,11,"Elliott ",22.1374130069594,"EC","Hot variable"
2021,11,"James ",3.42708414351852,"SJ","Cold variable"
2021,11,"Jepson ",14.1174583333333,"J","Hot stable"
2021,11,"McLaughlin ",13.3352083333333,"M","Hot stable"
2021,11,"Pinyon Crest",22.8744379721887,"PF","Hot variable"
2021,11,"Point Reyes ",12.5816550925926,"P","Cold stable"
2021,11,"Quail Ridge ",14.6580277777778,"QR","Hot variable"
2021,11,"SNARL ",4.76696574074074,"S","Cold variable"
2021,11,"Valentine ",3.08826550925926,"V","Cold stable"
2021,11,"WhiteMt Barcroft ",-0.120971064814815,"W","Cold variable"
2021,11,"Yosemite Mariposa Grove ",6.53798249424994,"Y","Cold stable"
2021,12,"Anza Borrego HQ ",16.5191133512545,"AB","Hot variable"
2021,12,"Bodega ",9.92935674283154,"B","Cold stable"
2021,12,"Deep Canyon ",15.7663378136201,"DC","Hot variable"
2021,12,"Elliott ",14.7717652329749,"EC","Hot variable"
2021,12,"James ",0.716056003584229,"SJ","Cold variable"
2021,12,"Jepson ",9.90706586021505,"J","Hot stable"
2021,12,"McLaughlin ",8.65320956541219,"M","Hot stable"
2021,12,"Pinyon Crest",11.1510625471705,"PF","Hot variable"
2021,12,"Point Reyes ",10.2252848342294,"P","Cold stable"
2021,12,"Quail Ridge ",10.6446146953405,"QR","Hot variable"
2021,12,"SNARL ",0.891953068996416,"S","Cold variable"
2021,12,"Valentine ",1.46318413978495,"V","Cold stable"
2021,12,"WhiteMt Barcroft ",-6.93255409946237,"W","Cold variable"
2021,12,"Yosemite Mariposa Grove ",2.66912655086849,"Y","Cold stable"
2022,1,"Anza Borrego HQ ",16.3250064964158,"AB","Hot variable"
2022,1,"Bodega ",9.44346762992832,"B","Cold stable"
2022,1,"Deep Canyon ",15.8750348342294,"DC","Hot variable"
2022,1,"Elliott ",15.8631373207885,"EC","Hot variable"
2022,1,"James ",-0.20525582437276,"SJ","Cold variable"
2022,1,"Jepson ",10.0423006513926,"J","Hot stable"
2022,1,"McLaughlin ",9.34324193548387,"M","Hot stable"
2022,1,"Pinyon Crest",13.2811638156345,"PF","Hot variable"
2022,1,"Point Reyes ",9.43014908154122,"P","Cold stable"
2022,1,"Quail Ridge ",10.4761001344086,"QR","Hot variable"
2022,1,"SNARL ",-0.464408378136201,"S","Cold variable"
2022,1,"Valentine ",1.4022105734767,"V","Cold stable"
2022,1,"WhiteMt Barcroft ",-5.94089952956989,"W","Cold variable"
2022,1,"Yosemite Mariposa Grove ",0.938756636005256,"Y","Cold stable"
2022,2,"Anza Borrego HQ ",18.4407007688492,"AB","Hot variable"
2022,2,"Bodega ",8.98744270833333,"B","Cold stable"
2022,2,"Deep Canyon ",18.9956333085317,"DC","Hot variable"
2022,2,"Elliott ",18.0213498263889,"EC","Hot variable"
2022,2,"James ",0.329488103568929,"SJ","Cold variable"
2022,2,"Jepson ",11.1150203676105,"J","Hot stable"
2022,2,"McLaughlin ",11.546466889881,"M","Hot stable"
2022,2,"Pinyon Crest",15.2237040770609,"PF","Hot variable"
2022,2,"Point Reyes ",9.15252591765873,"P","Cold stable"
2022,2,"Quail Ridge ",11.516318328373,"QR","Hot variable"
2022,2,"SNARL ",-1.29323263888889,"S","Cold variable"
2022,2,"Valentine ",1.23498834325397,"V","Cold stable"
2022,2,"WhiteMt Barcroft ",-4.62845882936508,"W","Cold variable"
2022,2,"Yosemite Mariposa Grove ",0.807838820121148,"Y","Cold stable"
2022,3,"Anza Borrego HQ ",23.8934363799283,"AB","Hot variable"
2022,3,"Bodega ",11.4380396505376,"B","Cold stable"
2022,3,"Deep Canyon ",23.9084677419355,"DC","Hot variable"
2022,3,"Elliott ",20.5096628584229,"EC","Hot variable"
2022,3,"James ",4.26130421146953,"SJ","Cold variable"
2022,3,"Jepson ",14.4179269396064,"J","Hot stable"
2022,3,"McLaughlin ",13.6804389560932,"M","Hot stable"
2022,3,"Pinyon Crest",19.1669752158684,"PF","Hot variable"
2022,3,"Point Reyes ",10.2597703853047,"P","Cold stable"
2022,3,"Quail Ridge ",14.1307336469534,"QR","Hot variable"
2022,3,"SNARL ",4.41689034498208,"S","Cold variable"
2022,3,"Valentine ",1.17422647849462,"V","Cold stable"
2022,3,"WhiteMt Barcroft ",-3.18850896057348,"W","Cold variable"
2022,3,"Yosemite Mariposa Grove ",4.56256966845878,"Y","Cold stable"
2022,4,"Anza Borrego HQ ",29.4477199074074,"AB","Hot variable"
2022,4,"Bodega ",13.1328304398148,"B","Cold stable"
2022,4,"Deep Canyon ",29.1802662653392,"DC","Hot variable"
2022,4,"Elliott ",24.0921863425926,"EC","Hot variable"
2022,4,"James ",10.5565825231481,"SJ","Cold variable"
2022,4,"Jepson ",18.7926497214485,"J","Hot stable"
2022,4,"McLaughlin ",15.4404965277778,"M","Hot stable"
2022,4,"Pinyon Crest",24.9423947500942,"PF","Hot variable"
2022,4,"Point Reyes ",11.1485632586368,"P","Cold stable"
2022,4,"Quail Ridge ",18.7589490740741,"QR","Hot variable"
2022,4,"SNARL ",11.1817347222222,"S","Cold variable"
2022,4,"Valentine ",3.37112331942513,"V","Cold stable"
2022,4,"WhiteMt Barcroft ",0.793970601851852,"W","Cold variable"
2022,4,"Yosemite Mariposa Grove ",7.50916678240741,"Y","Cold stable"
2022,5,"Anza Borrego HQ ",33.6076982526882,"AB","Hot variable"
2022,5,"Bodega ",15.3007903008532,"B","Cold stable"
2022,5,"Deep Canyon ",32.8650011200717,"DC","Hot variable"
2022,5,"Elliott ",26.6319265232975,"EC","Hot variable"
2022,5,"James ",18.2438608870968,"SJ","Cold variable"
2022,5,"Jepson ",24.1301421366346,"J","Hot stable"
2022,5,"McLaughlin ",21.6835853494624,"M","Hot stable"
2022,5,"Pinyon Crest",30.1672069248373,"PF","Hot variable"
2022,5,"Point Reyes ",12.2623317919075,"P","Cold stable"
2022,5,"Quail Ridge ",25.9490826612903,"QR","Hot variable"
2022,5,"SNARL ",16.5704420922939,"S","Cold variable"
2022,5,"Valentine ",9.57987623207885,"V","Cold stable"
2022,5,"WhiteMt Barcroft ",7.90811715949821,"W","Cold variable"
2022,5,"Yosemite Mariposa Grove ",14.0437059811828,"Y","Cold stable"
2022,6,"Anza Borrego HQ ",39.1737280092593,"AB","Hot variable"
2022,6,"Bodega ",17.632349537037,"B","Cold stable"
2022,6,"Deep Canyon ",37.9296053240741,"DC","Hot variable"
2022,6,"Elliott ",31.5351527777778,"EC","Hot variable"
2022,6,"James ",24.0856469907407,"SJ","Cold variable"
2022,6,"Jepson ",29.3266573033708,"J","Hot stable"
2022,6,"McLaughlin ",28.1776388888889,"M","Hot stable"
2022,6,"Pinyon Crest",35.8032678872054,"PF","Hot variable"
2022,6,"Point Reyes ",14.4038050533148,"P","Cold stable"
2022,6,"Quail Ridge ",32.7503101851852,"QR","Hot variable"
2022,6,"SNARL ",22.8468684027778,"S","Cold variable"
2022,6,"Valentine ",13.1645798611111,"V","Cold stable"
2022,6,"WhiteMt Barcroft ",13.0544604166667,"W","Cold variable"
2022,6,"Yosemite Mariposa Grove ",18.6817233796296,"Y","Cold stable"
2022,7,"Anza Borrego HQ ",41.5498868727599,"AB","Hot variable"
2022,7,"Bodega ",18.3041913082437,"B","Cold stable"
2022,7,"Deep Canyon ",40.3378214605735,"DC","Hot variable"
2022,7,"Elliott ",33.0467954749104,"EC","Hot variable"
2022,7,"James ",26.4317540322581,"SJ","Cold variable"
2022,7,"Jepson ",28.8159559491371,"J","Hot stable"
2022,7,"McLaughlin ",31.7381619623656,"M","Hot stable"
2022,7,"Pinyon Crest",37.6175242690737,"PF","Hot variable"
2022,7,"Point Reyes ",15.1549017615176,"P","Cold stable"
2022,7,"Quail Ridge ",36.6150336021505,"QR","Hot variable"
2022,7,"SNARL ",25.4768268369176,"S","Cold variable"
2022,7,"Valentine ",16.1617450716846,"V","Cold stable"
2022,7,"WhiteMt Barcroft ",17.3473314292115,"W","Cold variable"
2022,7,"Yosemite Mariposa Grove ",22.1264280913978,"Y","Cold stable"
2022,8,"Anza Borrego HQ ",41.4451825716846,"AB","Hot variable"
2022,8,"Bodega ",18.9489706541219,"B","Cold stable"
2022,8,"Deep Canyon ",39.2925100806452,"DC","Hot variable"
2022,8,"Elliott ",33.5796594982079,"EC","Hot variable"
2022,8,"James ",23.4385595878136,"SJ","Cold variable"
2022,8,"Jepson ",28.36974393531,"J","Hot stable"
2022,8,"McLaughlin ",31.8624887992832,"M","Hot stable"
2022,8,"Pinyon Crest",35.8326530203862,"PF","Hot variable"
2022,8,"Point Reyes ",15.8671997300945,"P","Cold stable"
2022,8,"Quail Ridge ",36.5815893817204,"QR","Hot variable"
2022,8,"SNARL ",21.7108534946237,"S","Cold variable"
2022,8,"Valentine ",16.4449316756272,"V","Cold stable"
2022,8,"WhiteMt Barcroft ",13.8766357526882,"W","Cold variable"
2022,8,"Yosemite Mariposa Grove ",22.8271303763441,"Y","Cold stable"
2022,9,"Anza Borrego HQ ",35.2020231481482,"AB","Hot variable"
2022,9,"Bodega ",17.2215543981481,"B","Cold stable"
2022,9,"Deep Canyon ",34.6530613425926,"DC","Hot variable"
2022,9,"Elliott ",31.0931666666667,"EC","Hot variable"
2022,9,"James ",17.4285856481481,"SJ","Cold variable"
2022,9,"Jepson ",26.0310608170845,"J","Hot stable"
2022,9,"McLaughlin ",27.388650462963,"M","Hot stable"
2022,9,"Pinyon Crest",31.6000126557819,"PF","Hot variable"
2022,9,"Point Reyes ",16.1387657342657,"P","Cold stable"
2022,9,"Quail Ridge ",31.7206736111111,"QR","Hot variable"
2022,9,"SNARL ",18.7695622685185,"S","Cold variable"
2022,9,"Valentine ",13.9172800925926,"V","Cold stable"
2022,9,"WhiteMt Barcroft ",10.2587186342593,"W","Cold variable"
2022,9,"Yosemite Mariposa Grove ",18.2743121527778,"Y","Cold stable"
2022,10,"Anza Borrego HQ ",28.9684789426523,"AB","Hot variable"
2022,10,"Bodega ",14.1958779121864,"B","Cold stable"
2022,10,"Deep Canyon ",29.0494310035842,"DC","Hot variable"
2022,10,"Elliott ",25.7591285842294,"EC","Hot variable"
2022,10,"James ",11.0086973536667,"SJ","Cold variable"
2022,10,"Jepson ",20.973597972973,"J","Hot stable"
2022,10,"McLaughlin ",22.0289135304659,"M","Hot stable"
2022,10,"Pinyon Crest",25.8159127569832,"PF","Hot variable"
2022,10,"Point Reyes ",14.0674313990103,"P","Cold stable"
2022,10,"Quail Ridge ",26.6876579301075,"QR","Hot variable"
2022,10,"SNARL ",11.9884199148746,"S","Cold variable"
2022,10,"Valentine ",8.43527284946236,"V","Cold stable"
2022,10,"WhiteMt Barcroft ",4.72266509856631,"W","Cold variable"
2022,10,"Yosemite Mariposa Grove ",13.1620297939068,"Y","Cold stable"
2022,11,"Anza Borrego HQ ",18.9536840277778,"AB","Hot variable"
2022,11,"Bodega ",8.54416400462963,"B","Cold stable"
2022,11,"Deep Canyon ",19.0653981481481,"DC","Hot variable"
2022,11,"Elliott ",17.9414211257818,"EC","Hot variable"
2022,11,"James ",1.86280648148148,"SJ","Cold variable"
2022,11,"Jepson ",11.4216062412342,"J","Hot stable"
2022,11,"McLaughlin ",12.1301034722222,"M","Hot stable"
2022,11,"Pinyon Crest",15.3744379721887,"PF","Hot variable"
2022,11,"Point Reyes ",9.7040132629108,"P","Cold stable"
2022,11,"Quail Ridge ",13.9997997685185,"QR","Hot variable"
2022,11,"SNARL ",1.64318786194116,"S","Cold variable"
2022,11,"Valentine ",2.68034386574074,"V","Cold stable"
2022,11,"WhiteMt Barcroft ",-4.4047068287037,"W","Cold variable"
2022,11,"Yosemite Mariposa Grove ",2.48203449074074,"Y","Cold stable"
2022,12,"Anza Borrego HQ ",15.5684016577061,"AB","Hot variable"
2022,12,"Bodega ",8.34680129928315,"B","Cold stable"
2022,12,"Deep Canyon ",15.2859005376344,"DC","Hot variable"
2022,12,"Elliott ",15.0546348566308,"EC","Hot variable"
2022,12,"James ",0.273483198924731,"SJ","Cold variable"
2022,12,"Jepson ",8.60560314764493,"J","Hot stable"
2022,12,"McLaughlin ",8.60978830645161,"M","Hot stable"
2022,12,"Pinyon Crest",11.2510625471705,"PF","Hot variable"
2022,12,"Point Reyes ",8.61098630136986,"P","Cold stable"
2022,12,"Quail Ridge ",9.78930757168459,"QR","Hot variable"
2022,12,"SNARL ",0.373467853942652,"S","Cold variable"
2022,12,"Valentine ",1.65581630824373,"V","Cold stable"
2022,12,"WhiteMt Barcroft ",-8.35893170731707,"W","Cold variable"
2022,12,"Yosemite Mariposa Grove ",1.34238496863799,"Y","Cold stable"
