"Bin Name","Marker Lineage","# Genomes","# Markers","# Marker Sets","0","1","2","3","4","5+","Completeness","Contamination"
"10_output__TCS_genomes_1_DRAM","o__Pseudomonadales",185,813,308,1,782,30,0,0,0,99.68,3.87
"11_output__TCS_genomes_1_DRAM","root",5656,56,24,0,0,56,0,0,0,100,100
"12_output__TCS_genomes_1_DRAM","o__Pseudomonadales",185,813,308,0,809,4,0,0,0,100,0.78
"13_output__TCS_genomes_1_DRAM","o__Pseudomonadales",185,813,308,0,811,2,0,0,0,100,0.22
"14_output__TCS_genomes_1_DRAM","o__Pseudomonadales",185,813,308,0,811,2,0,0,0,100,0.12
"15_output__TCS_genomes_1_DRAM","o__Pseudomonadales",185,813,308,1,810,2,0,0,0,99.92,0.43
"16_output__TCS_genomes_1_DRAM","o__Pseudomonadales",185,813,308,1,810,2,0,0,0,99.68,0.22
"17_output__TCS_genomes_1_DRAM","o__Pseudomonadales",185,813,308,1,810,2,0,0,0,99.92,0.43
"18_output__TCS_genomes_1_DRAM","o__Pseudomonadales",185,813,308,0,811,2,0,0,0,100,0.14
"1_output__TCS_genomes_1_DRAM","k__Bacteria",5449,103,57,0,41,61,1,0,0,100,57.09
"2_output__TCS_genomes_1_DRAM","o__Pseudomonadales",185,813,308,0,812,1,0,0,0,100,0.11
"3_output__TCS_genomes_1_DRAM","o__Pseudomonadales",185,813,308,0,810,3,0,0,0,100,0.5
"4_output__TCS_genomes_1_DRAM","o__Pseudomonadales",185,813,308,0,811,2,0,0,0,100,0.27
"5_output__TCS_genomes_1_DRAM","o__Pseudomonadales",185,813,308,0,810,3,0,0,0,100,0.5
"6_output__TCS_genomes_1_DRAM","o__Pseudomonadales",185,813,308,0,810,3,0,0,0,100,0.5
"7_output__TCS_genomes_1_DRAM","o__Pseudomonadales",185,813,308,0,811,2,0,0,0,100,0.19
"8_output__TCS_genomes_1_DRAM","o__Pseudomonadales",185,813,308,0,811,2,0,0,0,100,0.22
"9_output__TCS_genomes_1_DRAM","o__Pseudomonadales",185,813,308,0,812,1,0,0,0,100,0.11
"19_output__TCS_genomes_2_DRAM","o__Pseudomonadales",185,813,308,1,811,1,0,0,0,99.68,0.11
"20_output__TCS_genomes_2_DRAM","o__Pseudomonadales",185,813,308,0,810,3,0,0,0,100,0.76
"21_output__TCS_genomes_2_DRAM","o__Pseudomonadales",185,813,308,0,804,9,0,0,0,100,0.69
"22_output__TCS_genomes_2_DRAM","root",5656,56,24,0,0,56,0,0,0,100,100
"23_output__TCS_genomes_2_DRAM","o__Pseudomonadales",185,813,308,0,804,9,0,0,0,100,0.69
"24_output__TCS_genomes_2_DRAM","o__Pseudomonadales",185,813,308,0,812,1,0,0,0,100,0.11
"25_output__TCS_genomes_2_DRAM","o__Pseudomonadales",185,813,308,0,804,9,0,0,0,100,1.33
"26_output__TCS_genomes_2_DRAM","o__Pseudomonadales",185,813,308,0,811,2,0,0,0,100,0.15
"27_output__TCS_genomes_2_DRAM","o__Pseudomonadales",185,813,308,0,812,1,0,0,0,100,0.11
"28_output__TCS_genomes_2_DRAM","o__Pseudomonadales",185,813,308,0,812,1,0,0,0,100,0.11
"29_output__TCS_genomes_2_DRAM","o__Pseudomonadales",185,813,308,0,812,1,0,0,0,100,0.11
"30_output__TCS_genomes_2_DRAM","f__Enterobacteriaceae",223,876,305,0,873,3,0,0,0,100,0.36
"31_output__TCS_genomes_2_DRAM","o__Pseudomonadales",185,813,308,1,811,1,0,0,0,99.92,0.11
"32_output__TCS_genomes_2_DRAM","o__Pseudomonadales",185,813,308,0,812,1,0,0,0,100,0.11
"33_output__TCS_genomes_2_DRAM","o__Pseudomonadales",185,813,308,0,812,1,0,0,0,100,0.11
"34_output__TCS_genomes_2_DRAM","o__Pseudomonadales",185,813,308,1,811,1,0,0,0,99.92,0.11
"35_output__TCS_genomes_2_DRAM","o__Pseudomonadales",185,813,308,0,812,1,0,0,0,100,0.11
"36_output__TCS_genomes_2_DRAM","o__Pseudomonadales",185,813,308,1,811,1,0,0,0,99.68,0.11
"179_output__TCS_genomes_11_DRAM","o__Pseudomonadales",185,813,308,1,810,2,0,0,0,99.98,0.43
"180_output__TCS_genomes_11_DRAM","o__Pseudomonadales",185,813,308,0,812,1,0,0,0,100,0.11
"181_output__TCS_genomes_11_DRAM","k__Bacteria",5449,103,57,0,2,99,2,0,0,100,102.12
"182_output__TCS_genomes_11_DRAM","o__Pseudomonadales",185,813,308,0,811,2,0,0,0,100,0.22
"183_output__TCS_genomes_11_DRAM","o__Pseudomonadales",185,813,308,0,804,9,0,0,0,100,0.82
"184_output__TCS_genomes_11_DRAM","k__Bacteria",5449,103,57,2,15,86,0,0,0,98.09,95.5
"185_output__TCS_genomes_11_DRAM","o__Pseudomonadales",185,813,308,0,798,15,0,0,0,100,1.77
"186_output__TCS_genomes_11_DRAM","o__Pseudomonadales",185,813,308,0,808,5,0,0,0,100,0.41
"187_output__TCS_genomes_11_DRAM","o__Pseudomonadales",185,813,308,0,811,2,0,0,0,100,0.27
"188_output__TCS_genomes_11_DRAM","o__Pseudomonadales",185,813,308,0,811,2,0,0,0,100,0.43
"189_output__TCS_genomes_11_DRAM","o__Pseudomonadales",185,813,308,0,811,2,0,0,0,100,0.43
"190_output__TCS_genomes_11_DRAM","o__Pseudomonadales",185,813,308,0,808,5,0,0,0,100,0.28
"191_output__TCS_genomes_11_DRAM","f__Enterobacteriaceae",223,876,305,0,873,3,0,0,0,100,0.41
"192_output__TCS_genomes_11_DRAM","o__Pseudomonadales",185,813,308,0,812,1,0,0,0,100,0.11
"193_output__TCS_genomes_11_DRAM","o__Pseudomonadales",185,813,308,0,812,1,0,0,0,100,0.11
"194_output__TCS_genomes_11_DRAM","o__Pseudomonadales",185,813,308,1,807,5,0,0,0,99.68,0.54
"195_output__TCS_genomes_11_DRAM","f__Enterobacteriaceae",223,876,305,0,875,1,0,0,0,100,0.08
"196_output__TCS_genomes_11_DRAM","f__Enterobacteriaceae",223,876,305,0,875,1,0,0,0,100,0.08
"196reseq_output__TCS_genomes_12_DRAM","f__Enterobacteriaceae",223,876,305,9,853,14,0,0,0,98.97,1.75
"197_output__TCS_genomes_12_DRAM","o__Pseudomonadales",185,813,308,2,809,2,0,0,0,99.63,0.19
"198_output__TCS_genomes_12_DRAM","o__Pseudomonadales",185,813,308,0,812,1,0,0,0,100,0.11
"199_output__TCS_genomes_12_DRAM","o__Pseudomonadales",185,813,308,0,812,1,0,0,0,100,0.11
"200_output__TCS_genomes_12_DRAM","o__Pseudomonadales",185,813,308,2,809,2,0,0,0,99.63,0.19
"201_output__TCS_genomes_12_DRAM","root",5656,56,24,0,0,56,0,0,0,100,100
"202_output__TCS_genomes_12_DRAM","o__Pseudomonadales",185,813,308,0,812,1,0,0,0,100,0.11
"203_output__TCS_genomes_12_DRAM","o__Pseudomonadales",185,813,308,0,812,1,0,0,0,100,0.11
"204_output__TCS_genomes_12_DRAM","o__Pseudomonadales",185,813,308,0,809,4,0,0,0,100,0.7
"205_output__TCS_genomes_12_DRAM","o__Pseudomonadales",185,813,308,0,811,2,0,0,0,100,0.17
"206_output__TCS_genomes_12_DRAM","o__Pseudomonadales",185,813,308,0,811,2,0,0,0,100,0.17
"207_output__TCS_genomes_12_DRAM","o__Pseudomonadales",185,813,308,0,811,2,0,0,0,100,0.17
"208_output__TCS_genomes_12_DRAM","o__Pseudomonadales",185,813,308,0,811,2,0,0,0,100,0.17
"209_output__TCS_genomes_12_DRAM","c__Gammaproteobacteria",228,583,244,1,581,1,0,0,0,99.94,0.14
"210_output__TCS_genomes_12_DRAM","c__Gammaproteobacteria",228,583,244,1,581,1,0,0,0,99.94,0.14
"211_output__TCS_genomes_12_DRAM","o__Pseudomonadales",185,813,308,1,810,2,0,0,0,99.68,0.19
"212_output__TCS_genomes_12_DRAM","o__Pseudomonadales",185,813,308,1,810,2,0,0,0,99.68,0.19
"213_output__TCS_genomes_12_DRAM","o__Pseudomonadales",185,813,308,1,810,2,0,0,0,99.68,0.19
"213reseq_output__TCS_genomes_13_DRAM","o__Pseudomonadales",185,813,308,1,810,2,0,0,0,99.68,0.19
"214_output__TCS_genomes_13_DRAM","o__Pseudomonadales",185,813,308,0,810,3,0,0,0,100,0.45
"215_output__TCS_genomes_13_DRAM","o__Pseudomonadales",185,813,308,0,811,2,0,0,0,100,0.15
"216_output__TCS_genomes_13_DRAM","o__Pseudomonadales",185,813,308,2,809,2,0,0,0,99.35,0.43
"217_output__TCS_genomes_13_DRAM","o__Pseudomonadales",185,813,308,0,809,4,0,0,0,100,0.29
"218_output__TCS_genomes_13_DRAM","o__Pseudomonadales",185,813,308,1,811,1,0,0,0,99.68,0.11
"219_output__TCS_genomes_13_DRAM","o__Pseudomonadales",185,813,308,0,808,5,0,0,0,100,1.16
"220_output__TCS_genomes_13_DRAM","o__Pseudomonadales",185,813,308,1,811,1,0,0,0,99.68,0.11
"221_output__TCS_genomes_13_DRAM","o__Pseudomonadales",185,813,308,0,808,5,0,0,0,100,1.16
"222_output__TCS_genomes_13_DRAM","o__Pseudomonadales",185,813,308,0,808,5,0,0,0,100,1.16
"223_output__TCS_genomes_13_DRAM","o__Pseudomonadales",185,813,308,0,809,4,0,0,0,100,0.29
"224_output__TCS_genomes_13_DRAM","o__Pseudomonadales",185,813,308,0,811,2,0,0,0,100,0.22
"225_output__TCS_genomes_13_DRAM","o__Pseudomonadales",185,813,308,0,808,5,0,0,0,100,0.7
"226_output__TCS_genomes_13_DRAM","o__Pseudomonadales",185,813,308,0,811,2,0,0,0,100,0.13
"227_output__TCS_genomes_13_DRAM","o__Pseudomonadales",185,813,308,0,811,2,0,0,0,100,0.22
"228_output__TCS_genomes_13_DRAM","o__Pseudomonadales",185,813,308,0,811,2,0,0,0,100,0.22
"229_output__TCS_genomes_13_DRAM","o__Pseudomonadales",185,813,308,0,781,32,0,0,0,100,5.13
"230_output__TCS_genomes_13_DRAM","o__Pseudomonadales",185,813,308,0,811,2,0,0,0,100,0.16
"231_output__TCS_genomes_14_DRAM","f__Enterobacteriaceae",223,876,305,0,834,42,0,0,0,100,3.56
"232_output__TCS_genomes_14_DRAM","o__Pseudomonadales",185,813,308,0,811,2,0,0,0,100,0.22
"233_output__TCS_genomes_14_DRAM","root",5656,56,24,0,0,56,0,0,0,100,100
"234_output__TCS_genomes_14_DRAM","f__Xanthomonadaceae",55,659,290,2,655,2,0,0,0,99.84,0.16
"235_output__TCS_genomes_14_DRAM","k__Bacteria",5449,103,57,0,12,83,8,0,0,100,95.98
"236_output__TCS_genomes_14_DRAM","f__Xanthomonadaceae",55,659,290,0,658,0,1,0,0,100,0.69
"237_output__TCS_genomes_14_DRAM","o__Pseudomonadales",185,813,308,0,811,2,0,0,0,100,0.19
"238_output__TCS_genomes_14_DRAM","o__Pseudomonadales",185,813,308,0,806,7,0,0,0,100,0.48
"239_output__TCS_genomes_14_DRAM","o__Pseudomonadales",185,813,308,1,807,5,0,0,0,99.68,0.6
"240_output__TCS_genomes_14_DRAM","f__Enterobacteriaceae",223,876,305,0,874,2,0,0,0,100,0.05
"241_output__TCS_genomes_14_DRAM","o__Pseudomonadales",185,813,308,0,812,1,0,0,0,100,0.11
"242_output__TCS_genomes_14_DRAM","k__Bacteria",5449,103,57,0,5,95,3,0,0,100,98.93
"243_output__TCS_genomes_14_DRAM","o__Pseudomonadales",185,813,308,1,806,6,0,0,0,99.68,0.58
"244_output__TCS_genomes_14_DRAM","o__Pseudomonadales",185,813,308,2,809,2,0,0,0,99.63,0.19
"245_output__TCS_genomes_14_DRAM","f__Enterobacteriaceae",223,876,305,0,875,1,0,0,0,100,0.08
"246_output__TCS_genomes_14_DRAM","o__Pseudomonadales",185,813,308,0,812,1,0,0,0,100,0.11
"247_output__TCS_genomes_14_DRAM","k__Bacteria",5449,103,57,0,1,102,0,0,0,100,99.65
"248_output__TCS_genomes_14_DRAM","o__Pseudomonadales",185,813,308,0,810,3,0,0,0,100,0.6
"249_output__TCS_genomes_15_DRAM","o__Pseudomonadales",185,813,308,0,812,1,0,0,0,100,0.11
"250_output__TCS_genomes_15_DRAM","o__Pseudomonadales",185,813,308,0,812,1,0,0,0,100,0.11
"251_output__TCS_genomes_15_DRAM","o__Pseudomonadales",185,813,308,0,811,2,0,0,0,100,0.17
"252_output__TCS_genomes_15_DRAM","o__Pseudomonadales",185,813,308,0,811,2,0,0,0,100,0.17
"253_output__TCS_genomes_15_DRAM","k__Bacteria",5449,103,57,0,19,80,4,0,0,100,80.48
"254_output__TCS_genomes_15_DRAM","root",5656,56,24,0,0,56,0,0,0,100,100
"255_output__TCS_genomes_15_DRAM","f__Xanthomonadaceae",55,659,290,1,657,1,0,0,0,99.89,0.04
"256_output__TCS_genomes_15_DRAM","c__Gammaproteobacteria",228,583,244,1,581,1,0,0,0,99.94,0.14
"257_output__TCS_genomes_15_DRAM","f__Xanthomonadaceae",55,659,290,1,657,1,0,0,0,99.89,0.04
"258_output__TCS_genomes_15_DRAM","c__Gammaproteobacteria",228,583,244,1,581,1,0,0,0,99.94,0.14
"259_output__TCS_genomes_15_DRAM","o__Pseudomonadales",185,813,308,1,810,2,0,0,0,99.68,0.19
"260_output__TCS_genomes_15_DRAM","o__Pseudomonadales",185,813,308,0,811,2,0,0,0,100,0.17
"261_output__TCS_genomes_15_DRAM","o__Pseudomonadales",185,813,308,0,811,2,0,0,0,100,0.27
"262_output__TCS_genomes_15_DRAM","k__Bacteria",5449,104,58,0,4,39,56,5,0,100,178.35
"263_output__TCS_genomes_15_DRAM","root",5656,56,24,0,0,53,3,0,0,100,112.5
"264_output__TCS_genomes_15_DRAM","f__Enterobacteriaceae",223,876,305,3,872,1,0,0,0,99.68,0.08
"265_output__TCS_genomes_15_DRAM","f__Enterobacteriaceae",223,876,305,4,871,1,0,0,0,99.52,0.08
"266_output__TCS_genomes_15_DRAM","root",5656,56,24,0,0,56,0,0,0,100,100
"267_output__TCS_genomes_16_DRAM","k__Bacteria",5449,104,58,0,3,27,72,2,0,100,186.68
"268_output__TCS_genomes_16_DRAM","k__Bacteria",5449,103,57,7,35,54,7,0,0,97.26,82.12
"269_output__TCS_genomes_16_DRAM","o__Pseudomonadales",185,813,308,0,812,1,0,0,0,100,0.11
"270_output__TCS_genomes_16_DRAM","o__Pseudomonadales",185,813,308,2,811,0,0,0,0,99.59,0
"271_output__TCS_genomes_16_DRAM","o__Pseudomonadales",185,813,308,0,807,6,0,0,0,100,1.12
"271reseq_output__TCS_genomes_16_DRAM","o__Pseudomonadales",185,813,308,0,808,5,0,0,0,100,1.16
"272_output__TCS_genomes_16_DRAM","o__Pseudomonadales",185,813,308,0,808,5,0,0,0,100,1.16
"273_output__TCS_genomes_16_DRAM","o__Pseudomonadales",185,813,308,0,725,88,0,0,0,100,11.2
"274_output__TCS_genomes_16_DRAM","k__Bacteria",5449,103,57,0,1,102,0,0,0,100,99.65
"275_output__TCS_genomes_16_DRAM","o__Pseudomonadales",185,813,308,0,424,363,26,0,0,100,54.14
"275reseq_output__TCS_genomes_16_DRAM","o__Pseudomonadales",185,813,308,4,675,129,5,0,0,99.27,16.72
"276_output__TCS_genomes_16_DRAM","o__Pseudomonadales",185,813,308,0,808,5,0,0,0,100,0.71
"277_output__TCS_genomes_16_DRAM","root",5656,56,24,0,0,56,0,0,0,100,100
"278_output__TCS_genomes_16_DRAM","root",5656,56,24,0,1,55,0,0,0,100,95.83
"278reseq_output__TCS_genomes_16_DRAM","root",5656,56,24,0,0,56,0,0,0,100,100
"279_output__TCS_genomes_16_DRAM","root",5656,56,24,0,0,48,8,0,0,100,111.23
"280_output__TCS_genomes_16_DRAM","f__Enterobacteriaceae",223,876,305,0,873,3,0,0,0,100,0.41
"281_output__TCS_genomes_16_DRAM","k__Bacteria",5449,103,57,0,1,101,1,0,0,100,100.53
"282_output__TCS_genomes_17_DRAM","o__Pseudomonadales",185,813,308,0,811,2,0,0,0,100,0.16
"283_output__TCS_genomes_17_DRAM","o__Pseudomonadales",185,813,308,0,811,2,0,0,0,100,0.16
"284_output__TCS_genomes_17_DRAM","f__Enterobacteriaceae",223,876,305,0,786,89,1,0,0,100,10.96
"285_output__TCS_genomes_17_DRAM","k__Bacteria",5449,104,58,0,1,103,0,0,0,100,99.66
"286_output__TCS_genomes_17_DRAM","k__Bacteria",5449,104,58,0,1,103,0,0,0,100,99.66
"287_output__TCS_genomes_17_DRAM","root",5656,56,24,0,0,56,0,0,0,100,100
"288_output__TCS_genomes_17_DRAM","k__Bacteria",5449,103,57,0,1,38,58,6,0,100,182.97
"289_output__TCS_genomes_17_DRAM","o__Pseudomonadales",185,813,308,0,811,2,0,0,0,100,0.43
"290_output__TCS_genomes_17_DRAM","o__Pseudomonadales",185,813,308,2,807,4,0,0,0,99.61,0.25
"291_output__TCS_genomes_17_DRAM","f__Enterobacteriaceae",223,876,305,1,875,0,0,0,0,99.99,0
"292_output__TCS_genomes_17_DRAM","k__Bacteria",5449,103,57,0,12,89,2,0,0,100,94.33
"293_output__TCS_genomes_17_DRAM","k__Bacteria",5449,103,57,0,38,59,6,0,0,100,78.85
"294_output__TCS_genomes_17_DRAM","f__Enterobacteriaceae",223,876,305,0,873,3,0,0,0,100,0.41
"295_output__TCS_genomes_17_DRAM","f__Enterobacteriaceae",223,876,305,0,875,1,0,0,0,100,0.08
"296_output__TCS_genomes_17_DRAM","c__Gammaproteobacteria",1164,275,174,0,274,1,0,0,0,100,0.57
"297_output__TCS_genomes_17_DRAM","f__Enterobacteriaceae",223,876,305,0,875,1,0,0,0,100,0.08
"298_output__TCS_genomes_17_DRAM","o__Pseudomonadales",185,813,308,2,217,572,19,3,0,99.76,81.95
"299_output__TCS_genomes_17_DRAM","o__Pseudomonadales",185,813,308,0,812,1,0,0,0,100,0.11
"300_output__TCS_genomes_18_DRAM","k__Bacteria",5449,103,57,0,2,95,6,0,0,100,107.38
"301_output__TCS_genomes_18_DRAM","k__Bacteria",5449,103,57,0,55,47,1,0,0,100,51.8
"302_output__TCS_genomes_18_DRAM","f__Enterobacteriaceae",223,876,305,0,875,1,0,0,0,100,0.16
"303_output__TCS_genomes_18_DRAM","o__Pseudomonadales",185,813,308,0,812,1,0,0,0,100,0.11
"304_output__TCS_genomes_18_DRAM","o__Pseudomonadales",185,813,308,0,812,1,0,0,0,100,0.11
"305_output__TCS_genomes_18_DRAM","o__Pseudomonadales",185,813,308,0,812,1,0,0,0,100,0.11
"306_output__TCS_genomes_18_DRAM","o__Pseudomonadales",185,813,308,0,809,4,0,0,0,100,0.54
"307_output__TCS_genomes_18_DRAM","o__Pseudomonadales",185,813,308,0,809,4,0,0,0,100,0.54
"308_output__TCS_genomes_18_DRAM","o__Pseudomonadales",185,813,308,0,809,4,0,0,0,100,0.54
"309_output__TCS_genomes_18_DRAM","f__Enterobacteriaceae",157,1005,324,1,1001,3,0,0,0,99.96,0.13
"310_output__TCS_genomes_18_DRAM","o__Pseudomonadales",185,813,308,0,812,1,0,0,0,100,0.11
"311_output__TCS_genomes_18_DRAM","o__Pseudomonadales",185,813,308,1,805,7,0,0,0,99.68,0.74
"312_output__TCS_genomes_18_DRAM","c__Gammaproteobacteria",228,583,244,0,582,1,0,0,0,100,0.14
"313_output__TCS_genomes_18_DRAM","f__Enterobacteriaceae",223,876,305,1,874,1,0,0,0,99.89,0.08
"314_output__TCS_genomes_18_DRAM","o__Pseudomonadales",185,813,308,0,811,2,0,0,0,100,0.13
"315_output__TCS_genomes_18_DRAM","o__Pseudomonadales",185,813,308,0,811,2,0,0,0,100,0.13
"316_output__TCS_genomes_18_DRAM","o__Pseudomonadales",185,813,308,0,811,2,0,0,0,100,0.13
"317_output__TCS_genomes_18_DRAM","f__Enterobacteriaceae",223,876,305,2,867,7,0,0,0,99.93,0.93
"318_output__TCS_genomes_19_DRAM","f__Enterobacteriaceae",223,876,305,1,873,2,0,0,0,99.89,0.19
"318reseq_output__TCS_genomes_19_DRAM","f__Enterobacteriaceae",223,876,305,9,847,20,0,0,0,98.68,2.35
"319_output__TCS_genomes_19_DRAM","o__Pseudomonadales",185,813,308,0,811,2,0,0,0,100,0.15
"320_output__TCS_genomes_19_DRAM","f__Enterobacteriaceae",223,876,305,1,873,2,0,0,0,99.89,0.19
"320reseq_output__TCS_genomes_19_DRAM","f__Enterobacteriaceae",223,876,305,1,873,2,0,0,0,99.89,0.19
"321_output__TCS_genomes_19_DRAM","f__Enterobacteriaceae",223,876,305,2,871,3,0,0,0,99.93,0.52
"322_output__TCS_genomes_19_DRAM","c__Gammaproteobacteria",1164,275,174,0,275,0,0,0,0,100,0
"323_output__TCS_genomes_19_DRAM","o__Pseudomonadales",185,813,308,0,812,1,0,0,0,100,0.11
"324_output__TCS_genomes_19_DRAM","f__Enterobacteriaceae",223,876,305,0,876,0,0,0,0,100,0
"325_output__TCS_genomes_19_DRAM","o__Pseudomonadales",185,813,308,0,812,1,0,0,0,100,0.11
"326_output__TCS_genomes_19_DRAM","o__Pseudomonadales",185,813,308,0,812,1,0,0,0,100,0.11
"327_output__TCS_genomes_19_DRAM","o__Pseudomonadales",185,813,308,1,810,2,0,0,0,99.92,0.43
"329_output__TCS_genomes_19_DRAM","f__Enterobacteriaceae",223,876,305,2,869,5,0,0,0,99.93,0.77
"329reseq_output__TCS_genomes_19_DRAM","f__Enterobacteriaceae",223,876,305,5,861,10,0,0,0,99.63,1.26
"330_output__TCS_genomes_19_DRAM","o__Pseudomonadales",185,813,308,1,810,2,0,0,0,99.92,0.43
"331_output__TCS_genomes_19_DRAM","o__Pseudomonadales",185,813,308,1,808,4,0,0,0,99.68,0.7
"332_output__TCS_genomes_19_DRAM","o__Pseudomonadales",185,813,308,0,809,4,0,0,0,100,0.57
"333_output__TCS_genomes_19_DRAM","f__Enterobacteriaceae",223,876,305,3,872,1,0,0,0,99.73,0.08
"334_output__TCS_genomes_20_DRAM","o__Pseudomonadales",185,813,308,0,807,6,0,0,0,100,0.69
"335_output__TCS_genomes_20_DRAM","o__Pseudomonadales",185,813,308,10,781,21,1,0,0,97.97,3.48
"335reseq_output__TCS_genomes_20_DRAM","o__Pseudomonadales",185,813,308,0,802,11,0,0,0,100,1.29
"336_output__TCS_genomes_20_DRAM","o__Pseudomonadales",185,813,308,0,809,4,0,0,0,100,0.32
"337_output__TCS_genomes_20_DRAM","o__Pseudomonadales",185,813,308,1,809,3,0,0,0,99.98,0.54
"338_output__TCS_genomes_20_DRAM","o__Pseudomonadales",185,813,308,0,803,10,0,0,0,100,0.93
"339_output__TCS_genomes_20_DRAM","f__Enterobacteriaceae",55,546,224,1,544,1,0,0,0,99.98,0.45
"339reseq_output__TCS_genomes_20_DRAM","f__Enterobacteriaceae",55,546,224,1,544,1,0,0,0,99.98,0.45
"340_output__TCS_genomes_20_DRAM","o__Pseudomonadales",185,813,308,0,808,5,0,0,0,100,0.43
"341_output__TCS_genomes_20_DRAM","f__Enterobacteriaceae",55,546,224,0,542,4,0,0,0,100,0.52
"342_output__TCS_genomes_20_DRAM","o__Pseudomonadales",185,813,308,0,811,2,0,0,0,100,0.43
"343_output__TCS_genomes_20_DRAM","o__Pseudomonadales",185,813,308,0,804,9,0,0,0,100,0.69
"344_output__TCS_genomes_20_DRAM","o__Pseudomonadales",185,813,308,0,812,1,0,0,0,100,0.11
"345_output__TCS_genomes_20_DRAM","o__Flavobacteriales",123,324,204,0,323,1,0,0,0,100,0.49
"346_output__TCS_genomes_20_DRAM","o__Flavobacteriales",123,324,204,0,323,1,0,0,0,100,0.49
"346reseq_output__TCS_genomes_20_DRAM","o__Flavobacteriales",123,324,204,7,308,9,0,0,0,97.63,2.84
"347_output__TCS_genomes_20_DRAM","o__Pseudomonadales",185,813,308,1,811,1,0,0,0,99.84,0.11
"348_output__TCS_genomes_20_DRAM","o__Pseudomonadales",185,813,308,0,812,1,0,0,0,100,0.11
"37_output__TCS_genomes_3_DRAM","o__Pseudomonadales",185,813,308,0,810,3,0,0,0,100,0.46
"38_output__TCS_genomes_3_DRAM","o__Pseudomonadales",185,813,308,0,809,4,0,0,0,100,0.51
"39_output__TCS_genomes_3_DRAM","o__Pseudomonadales",185,813,308,0,811,2,0,0,0,100,0.43
"40_output__TCS_genomes_3_DRAM","o__Pseudomonadales",185,813,308,0,779,33,1,0,0,100,5.42
"41_output__TCS_genomes_3_DRAM","o__Pseudomonadales",185,813,308,0,812,1,0,0,0,100,0.11
"42_output__TCS_genomes_3_DRAM","o__Pseudomonadales",185,813,308,0,662,148,3,0,0,100,16.98
"43_output__TCS_genomes_3_DRAM","o__Pseudomonadales",185,813,308,0,811,2,0,0,0,100,0.19
"44_output__TCS_genomes_3_DRAM","o__Pseudomonadales",185,813,308,0,812,1,0,0,0,100,0.11
"45_output__TCS_genomes_3_DRAM","o__Pseudomonadales",185,813,308,0,810,3,0,0,0,100,0.27
"46_output__TCS_genomes_3_DRAM","o__Pseudomonadales",185,813,308,0,810,3,0,0,0,100,0.27
"47_output__TCS_genomes_3_DRAM","o__Pseudomonadales",185,813,308,0,808,5,0,0,0,100,0.24
"48_output__TCS_genomes_3_DRAM","o__Pseudomonadales",185,813,308,0,808,5,0,0,0,100,0.93
"49_output__TCS_genomes_3_DRAM","o__Pseudomonadales",185,813,308,0,808,5,0,0,0,100,0.28
"50_output__TCS_genomes_3_DRAM","k__Bacteria",5449,103,57,0,60,43,0,0,0,100,36.25
"51_output__TCS_genomes_3_DRAM","o__Pseudomonadales",185,813,308,2,810,1,0,0,0,99.84,0.11
"52_output__TCS_genomes_3_DRAM","o__Pseudomonadales",185,813,308,0,811,2,0,0,0,100,0.22
"53_output__TCS_genomes_3_DRAM","o__Pseudomonadales",185,813,308,0,810,3,0,0,0,100,0.16
"54_output__TCS_genomes_3_DRAM","k__Bacteria",5449,104,58,2,4,94,4,0,0,98.12,100.2
"349_output__TCS_genomes_21_DRAM","o__Pseudomonadales",185,813,308,0,812,1,0,0,0,100,0.11
"350_output__TCS_genomes_21_DRAM","o__Pseudomonadales",185,813,308,0,812,1,0,0,0,100,0.11
"351_output__TCS_genomes_21_DRAM","f__Bacillaceae",128,555,180,3,543,8,0,1,0,98.83,3.26
"352_output__TCS_genomes_21_DRAM","o__Burkholderiales",107,574,251,1,570,3,0,0,0,99.95,1.2
"353_output__TCS_genomes_21_DRAM","o__Burkholderiales",107,574,251,1,570,3,0,0,0,99.95,0.4
"354_output__TCS_genomes_21_DRAM","o__Pseudomonadales",185,813,308,0,809,4,0,0,0,100,0.54
"355_output__TCS_genomes_21_DRAM","o__Burkholderiales",107,574,251,1,565,8,0,0,0,99.95,1.26
"356_output__TCS_genomes_21_DRAM","o__Bacillales",139,508,174,1,503,3,1,0,0,99.43,1
"357_output__TCS_genomes_21_DRAM","o__Pseudomonadales",185,813,308,0,810,3,0,0,0,100,0.51
"358_output__TCS_genomes_21_DRAM","o__Pseudomonadales",185,813,308,1,806,6,0,0,0,99.68,0.87
"359_output__TCS_genomes_21_DRAM","o__Pseudomonadales",185,813,308,1,805,7,0,0,0,99.68,0.74
"360_output__TCS_genomes_21_DRAM","c__Gammaproteobacteria",228,583,244,1,580,2,0,0,0,99.94,0.27
"361_output__TCS_genomes_21_DRAM","o__Actinomycetales",69,400,198,2,397,1,0,0,0,98.99,0.51
"362_output__TCS_genomes_21_DRAM","c__Gammaproteobacteria",228,583,244,0,582,1,0,0,0,100,0.14
"363_output__TCS_genomes_21_DRAM","c__Gammaproteobacteria",228,583,244,0,580,3,0,0,0,100,0.55
"364_output__TCS_genomes_21_DRAM","c__Gammaproteobacteria",228,583,244,0,582,1,0,0,0,100,0.14
"365_output__TCS_genomes_21_DRAM","f__Streptomycetaceae",60,460,233,0,458,2,0,0,0,100,0.57
"366_output__TCS_genomes_21_DRAM","o__Burkholderiales",193,427,214,1,425,1,0,0,0,99.84,0.03
"367_output__TCS_genomes_22_DRAM","f__Enterobacteriaceae",223,876,305,1,874,1,0,0,0,99.89,0.08
"368_output__TCS_genomes_22_DRAM","o__Pseudomonadales",185,813,308,5,804,4,0,0,0,99.62,1.08
"369_output__TCS_genomes_22_DRAM","o__Pseudomonadales",185,813,308,0,811,2,0,0,0,100,0.13
"370_output__TCS_genomes_22_DRAM","f__Enterobacteriaceae",223,876,305,1,874,1,0,0,0,99.89,0.08
"371_output__TCS_genomes_22_DRAM","f__Burkholderiaceae",91,596,218,3,586,6,1,0,0,99.86,1.89
"372_output__TCS_genomes_22_DRAM","o__Bacillales",139,508,174,2,501,5,0,0,0,99.33,1.04
"373_output__TCS_genomes_22_DRAM","o__Burkholderiales",107,574,251,3,566,5,0,0,0,99.55,0.69
"374_output__TCS_genomes_22_DRAM","c__Gammaproteobacteria",228,583,244,1,581,1,0,0,0,99.86,0.14
"375_output__TCS_genomes_22_DRAM","c__Gammaproteobacteria",228,583,244,1,581,1,0,0,0,99.86,0.14
"376_output__TCS_genomes_22_DRAM","f__Enterobacteriaceae",223,876,305,1,873,2,0,0,0,99.99,0.12
"377_output__TCS_genomes_22_DRAM","o__Pseudomonadales",185,813,308,0,811,2,0,0,0,100,0.15
"378_output__TCS_genomes_22_DRAM","c__Gammaproteobacteria",228,583,244,0,582,1,0,0,0,100,0.14
"379_output__TCS_genomes_22_DRAM","o__Pseudomonadales",185,813,308,0,811,2,0,0,0,100,0.15
"380_output__TCS_genomes_22_DRAM","o__Pseudomonadales",185,813,308,1,810,2,0,0,0,99.96,0.19
"381_output__TCS_genomes_22_DRAM","f__Xanthomonadaceae",55,659,290,0,658,1,0,0,0,100,0.34
"382_output__TCS_genomes_22_DRAM","o__Pseudomonadales",185,813,308,1,811,1,0,0,0,99.92,0.11
"383_output__TCS_genomes_22_DRAM","o__Pseudomonadales",185,813,308,0,812,1,0,0,0,100,0.11
"384_output__TCS_genomes_22_DRAM","o__Bacillales",139,508,174,2,498,6,2,0,0,99.35,1.82
"385_output__TCS_genomes_23_DRAM","o__Pseudomonadales",185,813,308,0,812,1,0,0,0,100,0.11
"386_output__TCS_genomes_23_DRAM","o__Pseudomonadales",185,813,308,0,811,2,0,0,0,100,0.43
"387_output__TCS_genomes_23_DRAM","o__Bacillales",139,508,174,1,504,3,0,0,0,99.43,0.11
"388_output__TCS_genomes_23_DRAM","f__Burkholderiaceae",91,596,218,2,594,0,0,0,0,99.89,0
"389_output__TCS_genomes_23_DRAM","f__Enterobacteriaceae",223,876,305,3,872,1,0,0,0,99.73,0.08
"390_output__TCS_genomes_23_DRAM","o__Pseudomonadales",185,813,308,0,812,1,0,0,0,100,0.11
"391_output__TCS_genomes_23_DRAM","o__Pseudomonadales",185,813,308,0,809,4,0,0,0,100,0.32
"392_output__TCS_genomes_23_DRAM","o__Pseudomonadales",185,813,308,0,810,3,0,0,0,100,0.54
"393_output__TCS_genomes_23_DRAM","f__Enterobacteriaceae",55,546,224,1,543,2,0,0,0,99.98,0.89
"394_output__TCS_genomes_23_DRAM","f__Enterobacteriaceae",55,546,224,1,543,2,0,0,0,99.98,0.89
"395_output__TCS_genomes_23_DRAM","f__Enterobacteriaceae",55,546,224,1,544,1,0,0,0,99.98,0.45
"396_output__TCS_genomes_23_DRAM","o__Burkholderiales",107,574,251,2,568,4,0,0,0,99.55,0.65
"397_output__TCS_genomes_23_DRAM","o__Pseudomonadales",185,813,308,0,812,1,0,0,0,100,0.11
"398_output__TCS_genomes_23_DRAM","f__Enterobacteriaceae",55,546,224,0,542,4,0,0,0,100,0.52
"399_output__TCS_genomes_23_DRAM","o__Pseudomonadales",185,813,308,0,807,6,0,0,0,100,0.97
"400_output__TCS_genomes_23_DRAM","o__Pseudomonadales",185,813,308,0,812,1,0,0,0,100,0.11
"55_output__TCS_genomes_4_DRAM","o__Pseudomonadales",185,813,308,0,811,2,0,0,0,100,0.43
"56_output__TCS_genomes_4_DRAM","o__Pseudomonadales",185,813,308,0,812,1,0,0,0,100,0.11
"57_output__TCS_genomes_4_DRAM","o__Pseudomonadales",185,813,308,0,807,6,0,0,0,100,1.08
"58_output__TCS_genomes_4_DRAM","root",5656,56,24,1,0,55,0,0,0,98.96,98.96
"59_output__TCS_genomes_4_DRAM","f__Enterobacteriaceae",55,546,224,0,546,0,0,0,0,100,0
"60_output__TCS_genomes_4_DRAM","o__Pseudomonadales",185,813,308,0,812,1,0,0,0,100,0.11
"61_output__TCS_genomes_4_DRAM","o__Pseudomonadales",185,813,308,1,809,3,0,0,0,99.92,0.24
"62_output__TCS_genomes_4_DRAM","f__Enterobacteriaceae",157,1005,324,1,1003,1,0,0,0,99.96,0.08
"63_output__TCS_genomes_4_DRAM","c__Gammaproteobacteria",1164,275,174,0,275,0,0,0,0,100,0
"64_output__TCS_genomes_4_DRAM","o__Pseudomonadales",185,813,308,1,811,1,0,0,0,99.92,0.11
"65_output__TCS_genomes_4_DRAM","o__Pseudomonadales",185,813,308,0,811,2,0,0,0,100,0.14
"66_output__TCS_genomes_4_DRAM","o__Pseudomonadales",185,813,308,0,811,2,0,0,0,100,0.14
"67_output__TCS_genomes_4_DRAM","o__Pseudomonadales",185,813,308,0,812,1,0,0,0,100,0.11
"68_output__TCS_genomes_4_DRAM","o__Pseudomonadales",185,813,308,0,808,5,0,0,0,100,0.31
"69_output__TCS_genomes_4_DRAM","o__Pseudomonadales",185,813,308,0,811,2,0,0,0,100,0.43
"70_output__TCS_genomes_4_DRAM","o__Pseudomonadales",185,813,308,0,811,2,0,0,0,100,0.22
"71_output__TCS_genomes_4_DRAM","o__Pseudomonadales",185,813,308,0,812,1,0,0,0,100,0.11
"72_output__TCS_genomes_4_DRAM","o__Pseudomonadales",185,813,308,0,810,3,0,0,0,100,0.76
"73_output__TCS_genomes_5_DRAM","o__Pseudomonadales",185,813,308,0,811,2,0,0,0,100,0.14
"74_output__TCS_genomes_5_DRAM","o__Pseudomonadales",185,813,308,0,809,4,0,0,0,100,0.25
"75_output__TCS_genomes_5_DRAM","o__Pseudomonadales",185,813,308,0,812,1,0,0,0,100,0.11
"76_output__TCS_genomes_5_DRAM","f__Comamonadaceae",39,693,323,3,685,5,0,0,0,99.07,0.84
"77_output__TCS_genomes_5_DRAM","o__Pseudomonadales",185,813,308,0,812,1,0,0,0,100,0.11
"78_output__TCS_genomes_5_DRAM","o__Pseudomonadales",185,813,308,0,811,2,0,0,0,100,0.43
"79_output__TCS_genomes_5_DRAM","o__Pseudomonadales",185,813,308,0,804,9,0,0,0,100,1.33
"80_output__TCS_genomes_5_DRAM","o__Pseudomonadales",185,813,308,0,812,1,0,0,0,100,0.11
"81_output__TCS_genomes_5_DRAM","o__Pseudomonadales",185,813,308,0,811,2,0,0,0,100,0.14
"82_output__TCS_genomes_5_DRAM","o__Pseudomonadales",185,813,308,0,812,1,0,0,0,100,0.11
"83_output__TCS_genomes_5_DRAM","o__Pseudomonadales",185,813,308,1,811,1,0,0,0,99.92,0.11
"84_output__TCS_genomes_5_DRAM","o__Pseudomonadales",185,813,308,0,812,1,0,0,0,100,0.11
"85_output__TCS_genomes_5_DRAM","o__Pseudomonadales",185,813,308,0,812,1,0,0,0,100,0.11
"86_output__TCS_genomes_5_DRAM","o__Pseudomonadales",185,813,308,1,811,1,0,0,0,99.68,0.11
"87_output__TCS_genomes_5_DRAM","o__Pseudomonadales",185,813,308,1,811,1,0,0,0,99.68,0.11
"88_output__TCS_genomes_5_DRAM","o__Pseudomonadales",185,813,308,1,809,3,0,0,0,99.84,0.46
"89_output__TCS_genomes_5_DRAM","o__Pseudomonadales",185,813,308,0,812,1,0,0,0,100,0.11
"90_output__TCS_genomes_5_DRAM","o__Pseudomonadales",185,813,308,0,812,1,0,0,0,100,0.11
"100_output__TCS_genomes_6_DRAM","f__Enterobacteriaceae",223,876,305,1,873,2,0,0,0,99.89,0.12
"101_output__TCS_genomes_6_DRAM","o__Pseudomonadales",185,813,308,0,812,1,0,0,0,100,0.11
"102_output__TCS_genomes_6_DRAM","f__Enterobacteriaceae",223,876,305,1,873,2,0,0,0,99.89,0.12
"103_output__TCS_genomes_6_DRAM","f__Enterobacteriaceae",223,876,305,0,874,2,0,0,0,100,0.11
"104_output__TCS_genomes_6_DRAM","o__Pseudomonadales",185,813,308,0,811,2,0,0,0,100,0.22
"105_output__TCS_genomes_6_DRAM","o__Pseudomonadales",185,813,308,0,809,4,0,0,0,100,0.23
"106_output__TCS_genomes_6_DRAM","o__Pseudomonadales",185,813,308,0,810,3,0,0,0,100,0.45
"107_output__TCS_genomes_6_DRAM","o__Pseudomonadales",185,813,308,0,810,3,0,0,0,100,0.45
"91_output__TCS_genomes_6_DRAM","o__Pseudomonadales",185,813,308,0,811,2,0,0,0,100,0.19
"92_output__TCS_genomes_6_DRAM","f__Enterobacteriaceae",223,876,305,1,873,2,0,0,0,99.89,0.12
"93_output__TCS_genomes_6_DRAM","f__Enterobacteriaceae",157,1005,324,0,1000,5,0,0,0,100,0.45
"94_output__TCS_genomes_6_DRAM","k__Bacteria",5449,103,57,0,3,98,2,0,0,100,99.65
"95_output__TCS_genomes_6_DRAM","o__Pseudomonadales",185,813,308,0,812,1,0,0,0,100,0.11
"96_output__TCS_genomes_6_DRAM","o__Pseudomonadales",185,813,308,0,812,1,0,0,0,100,0.11
"96reseq_output__TCS_genomes_6_DRAM","o__Pseudomonadales",185,813,308,0,812,1,0,0,0,100,0.11
"97_output__TCS_genomes_6_DRAM","o__Pseudomonadales",185,813,308,1,810,2,0,0,0,99.68,0.17
"98_output__TCS_genomes_6_DRAM","o__Pseudomonadales",185,813,308,0,808,5,0,0,0,100,0.24
"99_output__TCS_genomes_6_DRAM","o__Pseudomonadales",185,813,308,0,805,8,0,0,0,100,0.43
"108_output__TCS_genomes_7_DRAM","o__Pseudomonadales",185,813,308,0,809,3,1,0,0,100,0.87
"109_output__TCS_genomes_7_DRAM","o__Pseudomonadales",185,813,308,0,811,2,0,0,0,100,0.14
"110_output__TCS_genomes_7_DRAM","c__Gammaproteobacteria",1164,275,174,1,272,2,0,0,0,99.43,0.57
"111_output__TCS_genomes_7_DRAM","o__Pseudomonadales",185,813,308,0,810,3,0,0,0,100,0.54
"112_output__TCS_genomes_7_DRAM","o__Pseudomonadales",185,813,308,0,811,2,0,0,0,100,0.22
"113_output__TCS_genomes_7_DRAM","o__Pseudomonadales",185,813,308,0,811,2,0,0,0,100,0.22
"114_output__TCS_genomes_7_DRAM","o__Pseudomonadales",185,813,308,0,812,1,0,0,0,100,0.11
"115_output__TCS_genomes_7_DRAM","o__Pseudomonadales",185,813,308,0,807,5,1,0,0,100,1.03
"116_output__TCS_genomes_7_DRAM","o__Pseudomonadales",185,813,308,0,812,1,0,0,0,100,0.11
"117_output__TCS_genomes_7_DRAM","o__Pseudomonadales",185,813,308,0,812,1,0,0,0,100,0.11
"118_output__TCS_genomes_7_DRAM","f__Enterobacteriaceae",223,876,305,0,872,4,0,0,0,100,0.49
"119_output__TCS_genomes_7_DRAM","o__Pseudomonadales",185,813,308,1,811,1,0,0,0,99.92,0.11
"120_output__TCS_genomes_7_DRAM","o__Pseudomonadales",185,813,308,0,812,1,0,0,0,100,0.11
"121_output__TCS_genomes_7_DRAM","o__Pseudomonadales",185,813,308,0,809,3,0,1,0,100,1.46
"122_output__TCS_genomes_7_DRAM","o__Pseudomonadales",185,813,308,0,780,32,1,0,0,100,5.36
"123_output__TCS_genomes_7_DRAM","o__Pseudomonadales",185,813,308,0,780,32,1,0,0,100,5.36
"124_output__TCS_genomes_7_DRAM","o__Pseudomonadales",185,813,308,0,811,2,0,0,0,100,0.19
"125_output__TCS_genomes_7_DRAM","o__Pseudomonadales",185,813,308,0,812,1,0,0,0,100,0.11
"126_output__TCS_genomes_8_DRAM","o__Pseudomonadales",185,813,308,0,812,1,0,0,0,100,0.11
"127_output__TCS_genomes_8_DRAM","o__Pseudomonadales",185,813,308,0,811,2,0,0,0,100,0.22
"128_output__TCS_genomes_8_DRAM","f__Enterobacteriaceae",157,1005,324,1,1003,1,0,0,0,99.96,0.08
"129_output__TCS_genomes_8_DRAM","o__Pseudomonadales",185,813,308,1,810,2,0,0,0,99.84,0.14
"130_output__TCS_genomes_8_DRAM","c__Gammaproteobacteria",1164,275,174,0,275,0,0,0,0,100,0
"131_output__TCS_genomes_8_DRAM","c__Gammaproteobacteria",1164,275,174,0,275,0,0,0,0,100,0
"132_output__TCS_genomes_8_DRAM","o__Pseudomonadales",185,813,308,0,811,2,0,0,0,100,0.22
"133_output__TCS_genomes_8_DRAM","o__Pseudomonadales",185,813,308,0,795,18,0,0,0,100,2.09
"134_output__TCS_genomes_8_DRAM","c__Gammaproteobacteria",1164,275,174,1,274,0,0,0,0,99.43,0
"135_output__TCS_genomes_8_DRAM","f__Xanthomonadaceae",55,659,290,1,657,1,0,0,0,99.83,0.04
"136_output__TCS_genomes_8_DRAM","o__Pseudomonadales",185,813,308,0,810,3,0,0,0,100,0.45
"137_output__TCS_genomes_8_DRAM","o__Pseudomonadales",185,813,308,0,812,1,0,0,0,100,0.11
"138_output__TCS_genomes_8_DRAM","o__Pseudomonadales",185,813,308,0,810,3,0,0,0,100,0.38
"139_output__TCS_genomes_8_DRAM","o__Pseudomonadales",185,813,308,0,811,2,0,0,0,100,0.22
"140_output__TCS_genomes_8_DRAM","f__Enterobacteriaceae",55,546,224,0,545,1,0,0,0,100,0.03
"141_output__TCS_genomes_8_DRAM","c__Gammaproteobacteria",228,583,244,1,581,1,0,0,0,99.94,0.14
"141reseq_output__TCS_genomes_8_DRAM","c__Gammaproteobacteria",228,583,244,3,574,6,0,0,0,99.47,1.05
"142_output__TCS_genomes_8_DRAM","c__Gammaproteobacteria",228,583,244,1,581,1,0,0,0,99.94,0.14
"143_output__TCS_genomes_9_DRAM","c__Gammaproteobacteria",228,583,244,1,581,1,0,0,0,99.94,0.14
"144_output__TCS_genomes_9_DRAM","o__Pseudomonadales",185,813,308,1,810,2,0,0,0,99.68,0.19
"145_output__TCS_genomes_9_DRAM","o__Pseudomonadales",185,813,308,1,810,2,0,0,0,99.68,0.19
"146_output__TCS_genomes_9_DRAM","o__Pseudomonadales",185,813,308,1,811,1,0,0,0,99.68,0.11
"147_output__TCS_genomes_9_DRAM","o__Pseudomonadales",185,813,308,1,810,2,0,0,0,99.68,0.19
"148_output__TCS_genomes_9_DRAM","o__Pseudomonadales",185,813,308,0,810,3,0,0,0,100,0.45
"149_output__TCS_genomes_9_DRAM","o__Pseudomonadales",185,813,308,0,811,2,0,0,0,100,0.15
"150_output__TCS_genomes_9_DRAM","o__Pseudomonadales",185,813,308,0,810,3,0,0,0,100,0.51
"151_output__TCS_genomes_9_DRAM","o__Pseudomonadales",185,813,308,0,806,7,0,0,0,100,0.68
"152_output__TCS_genomes_9_DRAM","o__Flavobacteriales",123,324,204,0,322,2,0,0,0,100,0.74
"153_output__TCS_genomes_9_DRAM","o__Pseudomonadales",185,813,308,0,812,1,0,0,0,100,0.11
"154_output__TCS_genomes_9_DRAM","o__Pseudomonadales",185,813,308,0,812,1,0,0,0,100,0.11
"155_output__TCS_genomes_9_DRAM","o__Pseudomonadales",185,813,308,0,812,1,0,0,0,100,0.11
"156_output__TCS_genomes_9_DRAM","o__Pseudomonadales",185,813,308,0,736,76,1,0,0,100,10.36
"157_output__TCS_genomes_9_DRAM","o__Pseudomonadales",185,813,308,0,808,5,0,0,0,100,1.16
"158_output__TCS_genomes_9_DRAM","o__Pseudomonadales",185,813,308,0,808,5,0,0,0,100,1.16
"159_output__TCS_genomes_9_DRAM","o__Pseudomonadales",185,813,308,0,808,5,0,0,0,100,1.16
"160_output__TCS_genomes_9_DRAM","o__Pseudomonadales",185,813,308,0,808,5,0,0,0,100,1.16
"161_output__TCS_genomes_10_DRAM","o__Pseudomonadales",185,813,308,0,808,5,0,0,0,100,0.52
"162_output__TCS_genomes_10_DRAM","o__Pseudomonadales",185,813,308,0,812,1,0,0,0,100,0.11
"163_output__TCS_genomes_10_DRAM","o__Pseudomonadales",185,813,308,0,808,5,0,0,0,100,0.71
"164_output__TCS_genomes_10_DRAM","o__Pseudomonadales",185,813,308,0,808,5,0,0,0,100,0.45
"165_output__TCS_genomes_10_DRAM","f__Xanthomonadaceae",55,659,290,0,657,2,0,0,0,100,0.13
"166_output__TCS_genomes_10_DRAM","o__Pseudomonadales",185,813,308,0,811,2,0,0,0,100,0.22
"167_output__TCS_genomes_10_DRAM","k__Bacteria",5449,103,57,0,16,86,1,0,0,100,96.55
"168_output__TCS_genomes_10_DRAM","o__Pseudomonadales",185,813,308,0,811,2,0,0,0,100,0.22
"169_output__TCS_genomes_10_DRAM","o__Pseudomonadales",185,813,308,0,810,3,0,0,0,100,0.38
"170_output__TCS_genomes_10_DRAM","o__Pseudomonadales",185,813,308,0,809,4,0,0,0,100,0.49
"171_output__TCS_genomes_10_DRAM","c__Gammaproteobacteria",899,312,185,1,311,0,0,0,0,99.97,0
"172_output__TCS_genomes_10_DRAM","o__Alteromonadales",30,868,324,2,861,4,1,0,0,99.84,1.07
"173_output__TCS_genomes_10_DRAM","o__Pseudomonadales",185,813,308,0,811,2,0,0,0,100,0.13
"174_output__TCS_genomes_10_DRAM","o__Pseudomonadales",185,813,308,0,809,4,0,0,0,100,0.36
"175_output__TCS_genomes_10_DRAM","o__Pseudomonadales",185,813,308,0,811,2,0,0,0,100,0.22
"176_output__TCS_genomes_10_DRAM","o__Pseudomonadales",185,813,308,0,811,2,0,0,0,100,0.22
"177_output__TCS_genomes_10_DRAM","o__Pseudomonadales",185,813,308,0,811,2,0,0,0,100,0.22
"178_output__TCS_genomes_10_DRAM","o__Pseudomonadales",185,813,308,0,811,2,0,0,0,100,0.16
