"Trait","metric","Variable","Effect","Estimate","Std_Error","t_value","p_value","Partial_R2","Variance_observed","Lower_CI","Upper_CI","Significant","model"
"rmax","auc","PC1","fixed",0.054,0.043,1.251,0.23,0.004,NA,NA,NA,NA,"lmerTest::lmer(Trait ~ PC1 + PC2 + temperature_of_isolation + (1|Order/Genus) + (1|Site))"
"rmax","auc","PC2","fixed",0.03,0.061,0.484,0.636,0.001,NA,NA,NA,NA,"lmerTest::lmer(Trait ~ PC1 + PC2 + temperature_of_isolation + (1|Order/Genus) + (1|Site))"
"rmax","auc","temperature_of_isolation","fixed",0.003,0.008,0.325,0.746,0,NA,NA,NA,NA,"lmerTest::lmer(Trait ~ PC1 + PC2 + temperature_of_isolation + (1|Order/Genus) + (1|Site))"
"topt","auc","PC1","fixed",-0.334,0.094,-3.556,0,0.023,NA,NA,NA,NA,"lmerTest::lmer(Trait ~ PC1 + PC2 + temperature_of_isolation + (1|Order/Genus) + (1|Site))"
"topt","auc","PC2","fixed",0.463,0.128,3.621,0,0.021,NA,NA,NA,NA,"lmerTest::lmer(Trait ~ PC1 + PC2 + temperature_of_isolation + (1|Order/Genus) + (1|Site))"
"topt","auc","temperature_of_isolation","fixed",-0.124,0.029,-4.358,0,0.043,NA,NA,NA,NA,"lmerTest::lmer(Trait ~ PC1 + PC2 + temperature_of_isolation + (1|Order/Genus) + (1|Site))"
"ctmax","auc","PC1","fixed",-0.08,0.192,-0.417,0.684,0.001,NA,NA,NA,NA,"lmerTest::lmer(Trait ~ PC1 + PC2 + temperature_of_isolation + (1|Order/Genus) + (1|Site))"
"ctmax","auc","PC2","fixed",0.715,0.278,2.574,0.025,0.046,NA,NA,NA,NA,"lmerTest::lmer(Trait ~ PC1 + PC2 + temperature_of_isolation + (1|Order/Genus) + (1|Site))"
"ctmax","auc","temperature_of_isolation","fixed",0.05,0.041,1.214,0.226,0.006,NA,NA,NA,NA,"lmerTest::lmer(Trait ~ PC1 + PC2 + temperature_of_isolation + (1|Order/Genus) + (1|Site))"
"ctmin","auc","PC1","fixed",-0.459,0.341,-1.347,0.205,0.014,NA,NA,NA,NA,"lmerTest::lmer(Trait ~ PC1 + PC2 + temperature_of_isolation + (1|Order/Genus) + (1|Site))"
"ctmin","auc","PC2","fixed",0.044,0.502,0.088,0.932,0,NA,NA,NA,NA,"lmerTest::lmer(Trait ~ PC1 + PC2 + temperature_of_isolation + (1|Order/Genus) + (1|Site))"
"ctmin","auc","temperature_of_isolation","fixed",-0.254,0.062,-4.126,0,0.06,NA,NA,NA,NA,"lmerTest::lmer(Trait ~ PC1 + PC2 + temperature_of_isolation + (1|Order/Genus) + (1|Site))"
"rmax","auc","Genus:Order","random",NA,NA,NA,NA,NA,0.169,0,0.15,TRUE,"lmerTest::lmer(Trait ~ PC1 + PC2 + temperature_of_isolation + (1|Order/Genus) + (1|Site))"
"rmax","auc","Site","random",NA,NA,NA,NA,NA,0.021,0,0.057,FALSE,"lmerTest::lmer(Trait ~ PC1 + PC2 + temperature_of_isolation + (1|Order/Genus) + (1|Site))"
"rmax","auc","Order","random",NA,NA,NA,NA,NA,0.648,0,0.051,TRUE,"lmerTest::lmer(Trait ~ PC1 + PC2 + temperature_of_isolation + (1|Order/Genus) + (1|Site))"
"rmax","auc","Residual","random",NA,NA,NA,NA,NA,0.162,0.827,1,TRUE,"lmerTest::lmer(Trait ~ PC1 + PC2 + temperature_of_isolation + (1|Order/Genus) + (1|Site))"
"topt","auc","Genus:Order","random",NA,NA,NA,NA,NA,0.353,0,0.178,TRUE,"lmerTest::lmer(Trait ~ PC1 + PC2 + temperature_of_isolation + (1|Order/Genus) + (1|Site))"
"topt","auc","Site","random",NA,NA,NA,NA,NA,0,0,0.055,FALSE,"lmerTest::lmer(Trait ~ PC1 + PC2 + temperature_of_isolation + (1|Order/Genus) + (1|Site))"
"topt","auc","Order","random",NA,NA,NA,NA,NA,0,0,0.056,FALSE,"lmerTest::lmer(Trait ~ PC1 + PC2 + temperature_of_isolation + (1|Order/Genus) + (1|Site))"
"topt","auc","Residual","random",NA,NA,NA,NA,NA,0.647,0.788,1,TRUE,"lmerTest::lmer(Trait ~ PC1 + PC2 + temperature_of_isolation + (1|Order/Genus) + (1|Site))"
"ctmax","auc","Genus:Order","random",NA,NA,NA,NA,NA,0.034,0,0.155,FALSE,"lmerTest::lmer(Trait ~ PC1 + PC2 + temperature_of_isolation + (1|Order/Genus) + (1|Site))"
"ctmax","auc","Site","random",NA,NA,NA,NA,NA,0.069,0,0.057,TRUE,"lmerTest::lmer(Trait ~ PC1 + PC2 + temperature_of_isolation + (1|Order/Genus) + (1|Site))"
"ctmax","auc","Order","random",NA,NA,NA,NA,NA,0.164,0,0.051,TRUE,"lmerTest::lmer(Trait ~ PC1 + PC2 + temperature_of_isolation + (1|Order/Genus) + (1|Site))"
"ctmax","auc","Residual","random",NA,NA,NA,NA,NA,0.733,0.827,1,TRUE,"lmerTest::lmer(Trait ~ PC1 + PC2 + temperature_of_isolation + (1|Order/Genus) + (1|Site))"
"ctmin","auc","Genus:Order","random",NA,NA,NA,NA,NA,0.006,0,0.225,FALSE,"lmerTest::lmer(Trait ~ PC1 + PC2 + temperature_of_isolation + (1|Order/Genus) + (1|Site))"
"ctmin","auc","Site","random",NA,NA,NA,NA,NA,0.144,0,0.058,TRUE,"lmerTest::lmer(Trait ~ PC1 + PC2 + temperature_of_isolation + (1|Order/Genus) + (1|Site))"
"ctmin","auc","Order","random",NA,NA,NA,NA,NA,0.004,0,0.057,FALSE,"lmerTest::lmer(Trait ~ PC1 + PC2 + temperature_of_isolation + (1|Order/Genus) + (1|Site))"
"ctmin","auc","Residual","random",NA,NA,NA,NA,NA,0.846,0.754,1,FALSE,"lmerTest::lmer(Trait ~ PC1 + PC2 + temperature_of_isolation + (1|Order/Genus) + (1|Site))"
"rmax","auc","Marginal_R2","model_fit",NA,NA,NA,NA,NA,0.004,NA,NA,NA,"lmerTest::lmer(Trait ~ PC1 + PC2 + temperature_of_isolation + (1|Order/Genus) + (1|Site))"
"rmax","auc","Conditional_R2","model_fit",NA,NA,NA,NA,NA,0.839,NA,NA,NA,"lmerTest::lmer(Trait ~ PC1 + PC2 + temperature_of_isolation + (1|Order/Genus) + (1|Site))"
"topt","auc","Marginal_R2","model_fit",NA,NA,NA,NA,NA,0.098,NA,NA,NA,"lmerTest::lmer(Trait ~ PC1 + PC2 + temperature_of_isolation + (1|Order/Genus) + (1|Site))"
"topt","auc","Conditional_R2","model_fit",NA,NA,NA,NA,NA,0.417,NA,NA,NA,"lmerTest::lmer(Trait ~ PC1 + PC2 + temperature_of_isolation + (1|Order/Genus) + (1|Site))"
"ctmax","auc","Marginal_R2","model_fit",NA,NA,NA,NA,NA,0.051,NA,NA,NA,"lmerTest::lmer(Trait ~ PC1 + PC2 + temperature_of_isolation + (1|Order/Genus) + (1|Site))"
"ctmax","auc","Conditional_R2","model_fit",NA,NA,NA,NA,NA,0.304,NA,NA,NA,"lmerTest::lmer(Trait ~ PC1 + PC2 + temperature_of_isolation + (1|Order/Genus) + (1|Site))"
"ctmin","auc","Marginal_R2","model_fit",NA,NA,NA,NA,NA,0.071,NA,NA,NA,"lmerTest::lmer(Trait ~ PC1 + PC2 + temperature_of_isolation + (1|Order/Genus) + (1|Site))"
"ctmin","auc","Conditional_R2","model_fit",NA,NA,NA,NA,NA,0.214,NA,NA,NA,"lmerTest::lmer(Trait ~ PC1 + PC2 + temperature_of_isolation + (1|Order/Genus) + (1|Site))"
"rmax","auc","MAT","fixed",0.011,0.013,0.848,0.411,0.002,NA,NA,NA,NA,"lmerTest::lmer(Trait ~ MAT + MATR + temperature_of_isolation + (1|Order/Genus) + (1|Site))"
"rmax","auc","MATR","fixed",-0.013,0.007,-1.774,0.096,0.006,NA,NA,NA,NA,"lmerTest::lmer(Trait ~ MAT + MATR + temperature_of_isolation + (1|Order/Genus) + (1|Site))"
"rmax","auc","temperature_of_isolation","fixed",0.003,0.008,0.406,0.685,0,NA,NA,NA,NA,"lmerTest::lmer(Trait ~ MAT + MATR + temperature_of_isolation + (1|Order/Genus) + (1|Site))"
"topt","auc","MAT","fixed",0.105,0.029,3.664,0,0.026,NA,NA,NA,NA,"lmerTest::lmer(Trait ~ MAT + MATR + temperature_of_isolation + (1|Order/Genus) + (1|Site))"
"topt","auc","MATR","fixed",0.054,0.017,3.143,0.002,0.02,NA,NA,NA,NA,"lmerTest::lmer(Trait ~ MAT + MATR + temperature_of_isolation + (1|Order/Genus) + (1|Site))"
"topt","auc","temperature_of_isolation","fixed",-0.125,0.029,-4.355,0,0.043,NA,NA,NA,NA,"lmerTest::lmer(Trait ~ MAT + MATR + temperature_of_isolation + (1|Order/Genus) + (1|Site))"
"ctmax","auc","MAT","fixed",0.178,0.058,3.081,0.01,0.057,NA,NA,NA,NA,"lmerTest::lmer(Trait ~ MAT + MATR + temperature_of_isolation + (1|Order/Genus) + (1|Site))"
"ctmax","auc","MATR","fixed",-0.005,0.033,-0.143,0.888,0,NA,NA,NA,NA,"lmerTest::lmer(Trait ~ MAT + MATR + temperature_of_isolation + (1|Order/Genus) + (1|Site))"
"ctmax","auc","temperature_of_isolation","fixed",0.052,0.041,1.264,0.207,0.006,NA,NA,NA,NA,"lmerTest::lmer(Trait ~ MAT + MATR + temperature_of_isolation + (1|Order/Genus) + (1|Site))"
"ctmin","auc","MAT","fixed",0.013,0.113,0.115,0.911,0,NA,NA,NA,NA,"lmerTest::lmer(Trait ~ MAT + MATR + temperature_of_isolation + (1|Order/Genus) + (1|Site))"
"ctmin","auc","MATR","fixed",0.076,0.063,1.195,0.258,0.009,NA,NA,NA,NA,"lmerTest::lmer(Trait ~ MAT + MATR + temperature_of_isolation + (1|Order/Genus) + (1|Site))"
"ctmin","auc","temperature_of_isolation","fixed",-0.254,0.062,-4.119,0,0.058,NA,NA,NA,NA,"lmerTest::lmer(Trait ~ MAT + MATR + temperature_of_isolation + (1|Order/Genus) + (1|Site))"
